datetime,open,high,low,close,volume
2026-04-23 15:10:00,273.63,273.71,273.54,273.54,0
2026-04-23 15:11:00,273.52,273.5899,273.42,273.46,31799
2026-04-23 15:12:00,273.48,273.49,273.3701,273.38,46979
2026-04-23 15:13:00,273.4,273.4586,273.2704,273.29,45773
2026-04-23 15:14:00,273.295,273.488,273.27,273.37,41783
2026-04-23 15:15:00,273.38,273.44,273.3101,273.415,39515
2026-04-23 15:16:00,273.415,273.47,273.355,273.46,23362
2026-04-23 15:17:00,273.46,273.62,273.44,273.45,50171
2026-04-23 15:18:00,273.46,273.58,273.4,273.5435,31367
2026-04-23 15:19:00,273.52,273.55,273.442,273.48,23965
2026-04-23 15:20:00,273.46,273.55,273.45,273.53,34267
2026-04-23 15:21:00,273.52,273.74,273.51,273.705,42894
2026-04-23 15:22:00,273.705,273.72,273.58,273.68,26528
2026-04-23 15:23:00,273.685,273.8,273.68,273.74,37120
2026-04-23 15:24:00,273.715,273.76,273.67,273.69,24285
2026-04-23 15:25:00,273.68,273.805,273.665,273.805,43982
2026-04-23 15:26:00,273.805,273.84,273.66,273.73,71212
2026-04-23 15:27:00,273.7375,273.79,273.66,273.75,24390
2026-04-23 15:28:00,273.73,273.73,273.605,273.62,24334
2026-04-23 15:29:00,273.63,273.75,273.595,273.68,23356
2026-04-23 15:30:00,273.63,274.085,273.6,274.085,86981
2026-04-23 15:31:00,274.09,274.38,274.07,274.2846,167352
2026-04-23 15:32:00,274.32,274.41,274.27,274.33,60883
2026-04-23 15:33:00,274.33,274.35,274.12,274.13,42166
2026-04-23 15:34:00,274.135,274.2,274.05,274.06,47196
2026-04-23 15:35:00,274.05,274.06,273.975,274.05,26710
2026-04-23 15:36:00,274.02,274.06,273.9401,273.9401,78999
2026-04-23 15:37:00,273.945,273.96,273.82,273.87,34524
2026-04-23 15:38:00,273.87,273.88,273.7,273.71,34310
2026-04-23 15:39:00,273.71,273.815,273.66,273.81,67962
2026-04-23 15:40:00,273.8,273.8,273.7,273.735,32800
2026-04-23 15:41:00,273.74,273.78,273.6112,273.67,29000
2026-04-23 15:42:00,273.667,273.675,273.5713,273.6,24525
2026-04-23 15:43:00,273.59,273.6199,273.48,273.495,47437
2026-04-23 15:44:00,273.49,273.49,273.28,273.32,53524
2026-04-23 15:45:00,273.3,273.31,273.1507,273.17,51725
2026-04-23 15:46:00,273.165,273.2201,273.0305,273.2201,44951
2026-04-23 15:47:00,273.2292,273.43,273.2292,273.3951,55589
2026-04-23 15:48:00,273.4,273.48,273.3102,273.345,50878
2026-04-23 15:49:00,273.353,273.44,273.29,273.44,18068
2026-04-23 15:50:00,273.41,273.57,273.39,273.51,56277
2026-04-23 15:51:00,273.51,273.56,273.39,273.39,32965
2026-04-23 15:52:00,273.34,273.42,273.31,273.42,26331
2026-04-23 15:53:00,273.385,273.43,273.335,273.335,21019
2026-04-23 15:54:00,273.3,273.395,273.2103,273.25,26362
2026-04-23 15:55:00,273.2799,273.33,273.2101,273.2701,34561
2026-04-23 15:56:00,273.295,273.56,273.295,273.53,65569
2026-04-23 15:57:00,273.515,273.52,273.2301,273.245,44428
2026-04-23 15:58:00,273.22,273.335,273.215,273.31,25502
2026-04-23 15:59:00,273.32,273.41,273.23,273.41,19380
2026-04-23 16:00:00,273.42,273.43,273.23,273.23,21743
2026-04-23 16:01:00,273.24,273.335,273.132,273.14,26115
2026-04-23 16:02:00,273.105,273.24,273.08,273.215,58615
2026-04-23 16:03:00,273.23,273.39,273.2009,273.34,38478
2026-04-23 16:04:00,273.3401,273.37,273.22,273.22,24484
2026-04-23 16:05:00,273.21,273.295,273.1701,273.295,29242
2026-04-23 16:06:00,273.2801,273.34,273.22,273.27,21602
2026-04-23 16:07:00,273.29,273.3,273.175,273.19,18201
2026-04-23 16:08:00,273.185,273.28,273.185,273.26,23590
2026-04-23 16:09:00,273.25,273.355,273.24,273.325,47251
2026-04-23 16:10:00,273.335,273.3751,273.31,273.31,17185
2026-04-23 16:11:00,273.32,273.335,273.23,273.3,18098
2026-04-23 16:12:00,273.34,273.4599,273.34,273.395,30649
2026-04-23 16:13:00,273.37,273.42,273.34,273.4,12600
2026-04-23 16:14:00,273.38,273.38,273.335,273.35,24452
2026-04-23 16:15:00,273.35,273.43,273.34,273.34,21779
2026-04-23 16:16:00,273.3201,273.45,273.3201,273.435,33680
2026-04-23 16:17:00,273.435,273.53,273.4,273.43,50571
2026-04-23 16:18:00,273.425,273.6,273.425,273.495,45194
2026-04-23 16:19:00,273.485,273.5299,273.45,273.46,18014
2026-04-23 16:20:00,273.47,273.6,273.47,273.54,44587
2026-04-23 16:21:00,273.535,273.535,273.27,273.315,31581
2026-04-23 16:22:00,273.32,273.352,273.282,273.3399,25243
2026-04-23 16:23:00,273.34,273.46,273.34,273.3901,15008
2026-04-23 16:24:00,273.4,273.52,273.39,273.51,24702
2026-04-23 16:25:00,273.4991,273.57,273.4991,273.57,18484
2026-04-23 16:26:00,273.57,273.65,273.57,273.65,34207
2026-04-23 16:27:00,273.642,273.68,273.59,273.68,22791
2026-04-23 16:28:00,273.68,273.68,273.59,273.64,20887
2026-04-23 16:29:00,273.65,273.6601,273.57,273.6,25088
2026-04-23 16:30:00,273.615,273.63,273.54,273.575,23164
2026-04-23 16:31:00,273.54,273.9927,273.45,273.49,43952
2026-04-23 16:32:00,273.51,273.55,273.47,273.48,16988
2026-04-23 16:33:00,273.51,273.577,273.47,273.57,16578
2026-04-23 16:34:00,273.5401,273.57,273.5339,273.54,17904
2026-04-23 16:35:00,273.515,273.6,273.503,273.58,26371
2026-04-23 16:36:00,273.6,273.67,273.59,273.6299,44042
2026-04-23 16:37:00,273.61,273.61,273.51,273.52,20098
2026-04-23 16:38:00,273.53,273.53,273.45,273.4501,28247
2026-04-23 16:39:00,273.45,273.45,273.34,273.36,32191
2026-04-23 16:40:00,273.34,273.35,273.31,273.35,29888
2026-04-23 16:41:00,273.35,273.4,273.25,273.25,22843
2026-04-23 16:42:00,273.25,273.3,273.11,273.15,67416
2026-04-23 16:43:00,273.1233,273.14,273.0613,273.14,37771
2026-04-23 16:44:00,273.15,273.15,272.96,273.06,95205
2026-04-23 16:45:00,273.06,273.15,273.03,273.15,34561
2026-04-23 16:46:00,273.14,273.19,273.11,273.14,21397
2026-04-23 16:47:00,273.14,273.22,273.12,273.145,28688
2026-04-23 16:48:00,273.15,273.21,273.115,273.18,19173
2026-04-23 16:49:00,273.19,273.21,273.115,273.14,28675
2026-04-23 16:50:00,273.145,273.1696,273.0,273.02,39908
2026-04-23 16:51:00,273.01,273.13,273.01,273.095,16678
2026-04-23 16:52:00,273.105,273.15,273.075,273.145,15092
2026-04-23 16:53:00,273.14,273.2,273.12,273.18,25261
2026-04-23 16:54:00,273.17,273.19,273.14,273.15,34120
2026-04-23 16:55:00,273.145,273.16,273.08,273.13,36849
2026-04-23 16:56:00,273.13,273.165,273.1,273.165,23232
2026-04-23 16:57:00,273.16,273.21,273.1,273.21,23962
2026-04-23 16:58:00,273.2,273.24,273.03,273.065,38786
2026-04-23 16:59:00,273.06,273.13,273.0,273.0,25719
2026-04-23 17:00:00,273.02,273.02,272.9107,272.99,775462
2026-04-23 17:01:00,273.0,273.035,272.53,272.575,1029453
2026-04-23 17:02:00,272.57,272.8,272.52,272.73,63427
2026-04-23 17:03:00,272.76,272.83,272.6201,272.75,41978
2026-04-23 17:04:00,272.777,272.83,272.57,272.66,35341
2026-04-23 17:05:00,272.6603,272.69,272.45,272.58,51442
2026-04-23 17:06:00,272.5601,272.67,272.43,272.67,168812
2026-04-23 17:07:00,272.67,272.7681,272.6,272.66,26647
2026-04-23 17:08:00,272.66,272.685,272.6,272.675,25474
2026-04-23 17:09:00,272.67,272.71,272.5,272.51,49060
2026-04-23 17:10:00,272.5,272.59,272.3,272.575,58560
2026-04-23 17:11:00,272.59,272.66,272.41,272.52,39893
2026-04-23 17:12:00,272.55,272.69,272.37,272.41,34915
2026-04-23 17:13:00,272.4,272.46,272.34,272.46,39258
2026-04-23 17:14:00,272.515,272.57,272.39,272.48,37096
2026-04-23 17:15:00,272.495,272.5,272.28,272.28,32512
2026-04-23 17:16:00,272.26,272.52,272.1,272.285,75359
2026-04-23 17:17:00,272.3,272.3,272.11,272.22,39138
2026-04-23 17:18:00,272.22,272.36,272.21,272.325,54439
2026-04-23 17:19:00,272.3325,272.39,272.19,272.39,63474
2026-04-23 17:20:00,272.41,272.4201,272.28,272.37,34462
2026-04-23 17:21:00,272.44,272.48,272.28,272.3199,44504
2026-04-23 17:22:00,272.3,272.34,272.0901,272.28,68250
2026-04-23 17:23:00,272.28,272.48,272.25,272.46,42563
2026-04-23 17:24:00,272.51,272.59,272.36,272.38,37168
2026-04-23 17:25:00,272.43,272.5999,272.365,272.55,59314
2026-04-23 17:26:00,272.57,272.98,272.57,272.91,76296
2026-04-23 17:27:00,272.89,272.89,272.55,272.65,46206
2026-04-23 17:28:00,272.63,272.64,272.3,272.34,35568
2026-04-23 17:29:00,272.32,272.44,272.17,272.24,38192
2026-04-23 17:30:00,272.25,272.49,272.225,272.405,38252
2026-04-23 17:31:00,272.4054,272.41,272.16,272.39,35934
2026-04-23 17:32:00,272.39,272.6,272.36,272.51,40616
2026-04-23 17:33:00,272.54,272.58,272.4646,272.58,20207
2026-04-23 17:34:00,272.65,272.72,272.59,272.69,50554
2026-04-23 17:35:00,272.77,272.855,272.5101,272.58,37256
2026-04-23 17:36:00,272.56,272.57,272.18,272.255,48054
2026-04-23 17:37:00,272.29,272.29,272.14,272.2371,40953
2026-04-23 17:38:00,272.27,272.38,272.22,272.36,37628
2026-04-23 17:39:00,272.39,272.46,272.27,272.31,23823
2026-04-23 17:40:00,272.35,272.35,272.13,272.21,42574
2026-04-23 17:41:00,272.17,272.18,271.9201,271.96,88988
2026-04-23 17:42:00,271.92,272.34,271.78,272.19,151328
2026-04-23 17:43:00,272.145,272.19,272.01,272.15,48707
2026-04-23 17:44:00,272.1,272.13,271.9496,272.11,45692
2026-04-23 17:45:00,272.14,272.17,271.86,272.04,66508
2026-04-23 17:46:00,272.04,272.04,271.69,271.805,65477
2026-04-23 17:47:00,271.79,272.26,271.65,272.15,188695
2026-04-23 17:48:00,272.15,272.33,272.06,272.13,96071
2026-04-23 17:49:00,272.15,272.25,271.8201,271.92,64823
2026-04-23 17:50:00,271.93,272.08,271.73,272.01,63922
2026-04-23 17:51:00,272.03,272.05,271.89,271.98,66081
2026-04-23 17:52:00,271.99,272.06,271.75,271.85,57195
2026-04-23 17:53:00,271.87,273.13,271.84,272.47,327204
2026-04-23 17:54:00,272.45,272.62,272.18,272.45,107182
2026-04-23 17:55:00,272.435,272.71,272.3,272.61,65509
2026-04-23 17:56:00,272.63,272.85,272.47,272.47,64234
2026-04-23 17:57:00,272.51,272.7399,272.5,272.57,56485
2026-04-23 17:58:00,272.53,272.8,272.43,272.8,40930
2026-04-23 17:59:00,272.79,273.0,272.75,272.99,54276
2026-04-23 18:00:00,273.0,273.12,272.92,272.94,59625
2026-04-23 18:01:00,272.9001,273.6,272.9001,273.27,114678
2026-04-23 18:02:00,273.27,273.43,273.1841,273.26,56667
2026-04-23 18:03:00,273.28,273.345,273.1045,273.21,50725
2026-04-23 18:04:00,273.22,273.28,273.18,273.27,66245
2026-04-23 18:05:00,273.26,273.29,273.125,273.25,41962
2026-04-23 18:06:00,273.23,273.43,273.225,273.33,42455
2026-04-23 18:07:00,273.35,273.35,273.26,273.27,28971
2026-04-23 18:08:00,273.28,273.32,273.2,273.21,64529
2026-04-23 18:09:00,273.2,273.25,273.12,273.155,54767
2026-04-23 18:10:00,273.17,273.57,273.17,273.48,85016
2026-04-23 18:11:00,273.4561,273.54,273.27,273.28,44111
2026-04-23 18:12:00,273.31,273.36,273.11,273.19,28465
2026-04-23 18:13:00,273.175,273.28,273.17,273.23,26921
2026-04-23 18:14:00,273.26,273.35,273.26,273.265,23697
2026-04-23 18:15:00,273.29,273.35,273.22,273.286,24142
2026-04-23 18:16:00,273.27,273.39,273.27,273.385,27646
2026-04-23 18:17:00,273.385,273.41,273.22,273.22,38702
2026-04-23 18:18:00,273.2201,273.54,273.2,273.43,93466
2026-04-23 18:19:00,273.45,273.59,273.45,273.58,29333
2026-04-23 18:20:00,273.59,273.8,273.57,273.7,54255
2026-04-23 18:21:00,273.6901,273.76,273.43,273.455,56886
2026-04-23 18:22:00,273.47,273.53,273.465,273.505,26671
2026-04-23 18:23:00,273.51,273.6,273.475,273.575,535334
2026-04-23 18:24:00,273.5876,273.62,273.465,273.515,27362
2026-04-23 18:25:00,273.5,273.575,273.5,273.565,25270
2026-04-23 18:26:00,273.575,273.63,273.516,273.58,38581
2026-04-23 18:27:00,273.615,273.66,273.58,273.58,21742
2026-04-23 18:28:00,273.57,273.68,273.505,273.66,25714
2026-04-23 18:29:00,273.64,273.7,273.62,273.66,29599
2026-04-23 18:30:00,273.66,273.82,273.6513,273.735,26017
2026-04-23 18:31:00,273.735,273.9,273.72,273.83,38493
2026-04-23 18:32:00,273.8,273.81,273.74,273.79,32275
2026-04-23 18:33:00,273.8,273.8399,273.75,273.76,23171
2026-04-23 18:34:00,273.77,273.825,273.75,273.8,22469
2026-04-23 18:35:00,273.79,273.97,273.79,273.95,35945
2026-04-23 18:36:00,273.96,274.07,273.96,274.0201,62266
2026-04-23 18:37:00,274.0201,274.12,274.0,274.1178,33553
2026-04-23 18:38:00,274.1,274.1,273.95,273.95,94253
2026-04-23 18:39:00,273.95,273.98,273.89,273.93,29757
2026-04-23 18:40:00,273.935,274.0599,273.92,273.955,35670
2026-04-23 18:41:00,273.94,273.99,273.83,273.87,31172
2026-04-23 18:42:00,273.87,273.88,273.62,273.65,42263
2026-04-23 18:43:00,273.6401,273.72,273.53,273.675,22871
2026-04-23 18:44:00,273.68,273.89,273.68,273.8601,35858
2026-04-23 18:45:00,273.85,273.88,273.77,273.83,21910
2026-04-23 18:46:00,273.8002,273.8299,273.75,273.77,36208
2026-04-23 18:47:00,273.78,273.89,273.77,273.83,23092
2026-04-23 18:48:00,273.83,274.12,273.78,274.09,119744
2026-04-23 18:49:00,274.095,274.095,273.91,273.95,61236
2026-04-23 18:50:00,273.955,274.04,273.93,274.03,22750
2026-04-23 18:51:00,274.04,274.0505,273.98,274.05,29469
2026-04-23 18:52:00,274.05,274.15,274.025,274.13,58279
2026-04-23 18:53:00,274.15,274.1669,274.07,274.1,34434
2026-04-23 18:54:00,274.11,274.11,273.935,274.085,42727
2026-04-23 18:55:00,274.07,274.23,274.045,274.18,127789
2026-04-23 18:56:00,274.16,274.2199,274.05,274.1551,65104
2026-04-23 18:57:00,274.145,274.145,274.03,274.04,27383
2026-04-23 18:58:00,274.05,274.06,273.94,274.06,34195
2026-04-23 18:59:00,274.03,274.075,273.69,273.915,125389
2026-04-23 19:00:00,273.905,274.0704,273.85,274.025,111330
2026-04-23 19:01:00,274.03,274.08,273.88,274.07,42315
2026-04-23 19:02:00,274.06,274.06,273.86,273.97,32836
2026-04-23 19:03:00,273.98,274.0,273.93,273.94,24829
2026-04-23 19:04:00,273.93,273.955,273.885,273.94,32881
2026-04-23 19:05:00,273.96,274.14,273.96,274.14,40073
2026-04-23 19:06:00,274.15,274.28,274.12,274.245,44165
2026-04-23 19:07:00,274.2588,274.39,274.25,274.335,49722
2026-04-23 19:08:00,274.32,274.39,274.28,274.32,42391
2026-04-23 19:09:00,274.32,274.38,274.295,274.295,42900
2026-04-23 19:10:00,274.29,274.373,274.29,274.355,53081
2026-04-23 19:11:00,274.35,274.49,274.325,274.42,68286
2026-04-23 19:12:00,274.41,274.535,274.3507,274.51,59938
2026-04-23 19:13:00,274.54,274.545,274.34,274.38,43035
2026-04-23 19:14:00,274.38,274.49,274.38,274.475,40000
2026-04-23 19:15:00,274.48,274.5399,274.31,274.32,62403
2026-04-23 19:16:00,274.32,274.47,274.32,274.38,59365
2026-04-23 19:17:00,274.385,274.4,274.26,274.28,33866
2026-04-23 19:18:00,274.26,274.365,274.22,274.33,37101
2026-04-23 19:19:00,274.34,274.42,274.33,274.39,39530
2026-04-23 19:20:00,274.39,274.44,274.34,274.4201,44075
2026-04-23 19:21:00,274.4301,274.46,274.27,274.3,49323
2026-04-23 19:22:00,274.29,274.34,274.27,274.31,36185
2026-04-23 19:23:00,274.295,274.3,274.142,274.18,53284
2026-04-23 19:24:00,274.18,274.1898,274.12,274.155,39252
2026-04-23 19:25:00,274.16,274.24,274.15,274.23,39999
2026-04-23 19:26:00,274.24,274.28,274.2172,274.235,35740
2026-04-23 19:27:00,274.24,274.24,274.12,274.135,49201
2026-04-23 19:28:00,274.15,274.3,274.15,274.24,42687
2026-04-23 19:29:00,274.23,274.25,274.1507,274.17,44941
2026-04-23 19:30:00,274.15,274.17,274.0995,274.145,32475
2026-04-23 19:31:00,274.15,274.21,274.1101,274.195,33612
2026-04-23 19:32:00,274.1986,274.2599,274.12,274.12,30910
2026-04-23 19:33:00,274.14,274.185,274.03,274.1,36639
2026-04-23 19:34:00,274.1,274.1,273.83,273.845,44898
2026-04-23 19:35:00,273.82,273.82,273.615,273.735,67138
2026-04-23 19:36:00,273.76,273.76,273.56,273.63,57961
2026-04-23 19:37:00,273.63,273.64,273.5,273.58,83874
2026-04-23 19:38:00,273.58,273.67,273.48,273.62,54856
2026-04-23 19:39:00,273.63,273.7,273.55,273.56,34976
2026-04-23 19:40:00,273.5697,273.78,273.56,273.78,42346
2026-04-23 19:41:00,273.765,273.8799,273.76,273.83,33176
2026-04-23 19:42:00,273.82,273.8599,273.76,273.8599,38021
2026-04-23 19:43:00,273.86,273.86,273.66,273.7,34478
2026-04-23 19:44:00,273.71,273.73,273.63,273.65,32054
2026-04-23 19:45:00,273.65,273.86,273.64,273.76,45226
2026-04-23 19:46:00,273.76,273.8,273.72,273.72,36565
2026-04-23 19:47:00,273.72,273.72,273.64,273.65,36836
2026-04-23 19:48:00,273.66,273.76,273.64,273.73,34893
2026-04-23 19:49:00,273.73,273.855,273.73,273.8,53557
2026-04-23 19:50:00,273.77,273.77,273.06,273.545,205589
2026-04-23 19:51:00,273.53,273.595,273.42,273.44,94730
2026-04-23 19:52:00,273.435,273.46,273.22,273.44,93623
2026-04-23 19:53:00,273.44,273.525,273.23,273.28,98668
2026-04-23 19:54:00,273.26,273.5,273.15,273.485,109309
2026-04-23 19:55:00,273.44,273.445,273.3,273.3901,176172
2026-04-23 19:56:00,273.4,273.46,273.3499,273.44,145055
2026-04-23 19:57:00,273.435,273.46,273.27,273.424,165991
2026-04-23 19:58:00,273.4207,273.615,273.37,273.56,234870
2026-04-23 19:59:00,273.54,273.66,273.41,273.44,565303
2026-04-24 13:30:00,272.76,273.06,271.55,272.009,1260869
2026-04-24 13:31:00,271.955,271.955,270.35,270.425,241229
2026-04-24 13:32:00,270.45,270.92,270.35,270.48,159730
2026-04-24 13:33:00,270.54,270.75,270.27,270.29,165523
2026-04-24 13:34:00,270.29,270.47,270.1,270.445,141882
2026-04-24 13:35:00,270.42,270.7686,270.4,270.71,122571
2026-04-24 13:36:00,270.72,270.86,270.57,270.85,138231
2026-04-24 13:37:00,270.8387,271.37,270.81,271.37,122067
2026-04-24 13:38:00,271.4,271.54,271.22,271.3599,112276
2026-04-24 13:39:00,271.34,271.415,271.15,271.18,123280
2026-04-24 13:40:00,271.18,271.4,270.91,270.94,99575
2026-04-24 13:41:00,270.945,271.8,270.935,271.7801,161125
2026-04-24 13:42:00,271.79,271.79,271.1301,271.1301,135654
2026-04-24 13:43:00,271.1517,271.1517,270.79,270.9,169231
2026-04-24 13:44:00,270.9783,271.305,270.9783,271.2975,59309
2026-04-24 13:45:00,271.32,271.4,271.09,271.12,87602
2026-04-24 13:46:00,271.12,271.55,271.08,271.5101,80126
2026-04-24 13:47:00,271.51,271.61,271.3901,271.47,79721
2026-04-24 13:48:00,271.51,271.56,271.32,271.375,95758
2026-04-24 13:49:00,271.4,271.75,271.39,271.72,98154
2026-04-24 13:50:00,271.717,271.96,271.66,271.92,79342
2026-04-24 13:51:00,271.9,271.94,271.72,271.72,88031
2026-04-24 13:52:00,271.7,271.9,271.58,271.825,78617
2026-04-24 13:53:00,271.81,272.04,271.78,271.99,81243
2026-04-24 13:54:00,271.98,272.07,271.88,271.969,65606
2026-04-24 13:55:00,271.96,271.96,271.7,271.795,71875
2026-04-24 13:56:00,271.805,271.85,271.49,271.515,89201
2026-04-24 13:57:00,271.52,271.825,271.52,271.705,84157
2026-04-24 13:58:00,271.68,271.79,271.44,271.45,77097
2026-04-24 13:59:00,271.44,271.7,271.31,271.64,75336
2026-04-24 14:00:00,271.64,271.69,271.485,271.51,298118
2026-04-24 14:01:00,271.4954,271.57,271.222,271.5555,87138
2026-04-24 14:02:00,271.55,271.56,271.16,271.2,66874
2026-04-24 14:03:00,271.22,271.52,271.22,271.34,75268
2026-04-24 14:04:00,271.3101,271.69,271.26,271.66,53217
2026-04-24 14:05:00,271.64,271.8,271.64,271.69,90189
2026-04-24 14:06:00,271.66,271.73,271.53,271.64,52950
2026-04-24 14:07:00,271.5801,271.63,271.08,271.12,75143
2026-04-24 14:08:00,271.12,271.21,270.91,270.91,97842
2026-04-24 14:09:00,270.91,271.2899,270.91,271.18,54445
2026-04-24 14:10:00,271.12,271.406,271.045,271.215,39823
2026-04-24 14:11:00,271.23,271.44,271.17,271.41,47689
2026-04-24 14:12:00,271.42,271.47,271.3,271.42,59080
2026-04-24 14:13:00,271.44,271.54,271.39,271.47,46503
2026-04-24 14:14:00,271.45,271.63,271.43,271.55,81065
2026-04-24 14:15:00,271.58,271.72,271.4902,271.7,48162
2026-04-24 14:16:00,271.67,271.7,271.56,271.59,75538
2026-04-24 14:17:00,271.58,272.005,271.575,271.9892,83649
2026-04-24 14:18:00,271.97,272.069,271.8715,271.95,62251
2026-04-24 14:19:00,271.905,272.27,271.905,272.27,63359
2026-04-24 14:20:00,272.265,272.33,272.0801,272.25,87089
2026-04-24 14:21:00,272.24,272.32,272.13,272.2337,74522
2026-04-24 14:22:00,272.235,272.27,272.0424,272.06,66507
2026-04-24 14:23:00,272.089,272.25,271.97,272.21,71884
2026-04-24 14:24:00,272.18,272.4,272.17,272.305,45854
2026-04-24 14:25:00,272.289,272.39,272.185,272.2725,56628
2026-04-24 14:26:00,272.28,272.3,272.06,272.145,49614
2026-04-24 14:27:00,272.15,272.275,272.08,272.205,80205
2026-04-24 14:28:00,272.19,272.22,272.07,272.12,74991
2026-04-24 14:29:00,272.11,272.2199,272.0,272.07,69026
2026-04-24 14:30:00,272.1,272.28,272.09,272.115,44533
2026-04-24 14:31:00,272.11,272.225,272.09,272.17,28093
2026-04-24 14:32:00,272.18,272.37,272.17,272.2,74107
2026-04-24 14:33:00,272.214,272.295,272.15,272.1998,41166
2026-04-24 14:34:00,272.19,272.2699,272.155,272.24,37425
2026-04-24 14:35:00,272.19,272.22,272.05,272.08,33213
2026-04-24 14:36:00,272.085,272.175,272.0188,272.11,30286
2026-04-24 14:37:00,272.11,272.2625,272.0,272.175,44409
2026-04-24 14:38:00,272.15,272.59,272.15,272.45,80040
2026-04-24 14:39:00,272.45,272.5,272.25,272.25,29772
2026-04-24 14:40:00,272.25,272.3,272.15,272.165,45543
2026-04-24 14:41:00,272.15,272.25,272.05,272.08,27827
2026-04-24 14:42:00,272.1,272.16,272.01,272.135,56009
2026-04-24 14:43:00,272.12,272.22,272.12,272.21,31742
2026-04-24 14:44:00,272.21,272.24,271.86,271.88,46875
2026-04-24 14:45:00,271.8792,271.9088,271.61,271.625,59702
2026-04-24 14:46:00,271.63,271.97,271.62,271.91,64380
2026-04-24 14:47:00,271.91,272.1088,271.91,271.9599,36172
2026-04-24 14:48:00,271.96,272.12,271.96,272.035,31450
2026-04-24 14:49:00,272.0,272.03,271.88,272.01,31662
2026-04-24 14:50:00,272.01,272.08,271.972,272.02,29727
2026-04-24 14:51:00,272.0301,272.1299,271.9517,271.96,34929
2026-04-24 14:52:00,271.96,272.02,271.91,271.94,27651
2026-04-24 14:53:00,271.925,271.94,271.81,271.825,38820
2026-04-24 14:54:00,271.8275,271.87,271.73,271.8645,35150
2026-04-24 14:55:00,271.84,271.9,271.66,271.69,57295
2026-04-24 14:56:00,271.67,271.725,271.6,271.6,30190
2026-04-24 14:57:00,271.605,271.68,271.5501,271.58,37012
2026-04-24 14:58:00,271.59,271.59,271.3501,271.395,58200
2026-04-24 14:59:00,271.38,271.49,271.28,271.455,54815
2026-04-24 15:00:00,271.51,271.63,271.4001,271.44,46036
2026-04-24 15:01:00,271.42,271.48,271.306,271.39,26204
2026-04-24 15:02:00,271.38,271.495,271.329,271.375,41152
2026-04-24 15:03:00,271.36,271.36,271.195,271.205,38754
2026-04-24 15:04:00,271.22,271.3585,271.1,271.12,59747
2026-04-24 15:05:00,271.09,271.2376,271.085,271.22,36263
2026-04-24 15:06:00,271.21,271.23,271.1101,271.1101,36558
2026-04-24 15:07:00,271.1,271.16,270.95,271.06,61654
2026-04-24 15:08:00,271.055,271.055,270.93,271.03,35324
2026-04-24 15:09:00,271.04,271.07,270.71,270.74,80205
2026-04-24 15:10:00,270.7,271.08,270.686,271.03,82336
2026-04-24 15:11:00,271.01,271.125,270.9801,271.06,54397
2026-04-24 15:12:00,271.05,271.16,270.98,271.05,44957
2026-04-24 15:13:00,271.0475,271.13,271.01,271.03,40544
2026-04-24 15:14:00,271.015,271.08,270.9201,271.03,43659
2026-04-24 15:15:00,271.04,271.17,271.04,271.115,65502
2026-04-24 15:16:00,271.08,271.15,271.03,271.09,68196
2026-04-24 15:17:00,271.07,271.08,270.93,271.0,49191
2026-04-24 15:18:00,271.02,271.1,270.95,271.085,40018
2026-04-24 15:19:00,271.08,271.1,270.93,270.98,46688
2026-04-24 15:20:00,270.98,271.09,270.9563,271.08,33733
2026-04-24 15:21:00,271.06,271.09,271.0,271.0,29249
2026-04-24 15:22:00,271.02,271.19,271.02,271.19,57415
2026-04-24 15:23:00,271.2,271.2299,271.13,271.16,48288
2026-04-24 15:24:00,271.16,271.19,270.93,270.93,49688
2026-04-24 15:25:00,270.9,271.015,270.84,271.0,41675
2026-04-24 15:26:00,270.97,270.97,270.84,270.88,53144
2026-04-24 15:27:00,270.9,270.91,270.68,270.7101,51530
2026-04-24 15:28:00,270.7,270.79,270.6675,270.7,52394
2026-04-24 15:29:00,270.73,270.73,270.5701,270.68,64363
2026-04-24 15:30:00,270.69,270.69,270.555,270.665,59245
2026-04-24 15:31:00,270.67,270.69,270.52,270.535,42244
2026-04-24 15:32:00,270.535,270.5879,270.46,270.49,68990
2026-04-24 15:33:00,270.47,270.49,270.4,270.42,57374
2026-04-24 15:34:00,270.42,270.535,270.405,270.46,57523
2026-04-24 15:35:00,270.44,270.445,270.33,270.34,64648
2026-04-24 15:36:00,270.315,270.35,270.1,270.12,75623
2026-04-24 15:37:00,270.12,270.24,270.12,270.16,54470
2026-04-24 15:38:00,270.1601,270.17,270.06,270.0913,43915
2026-04-24 15:39:00,270.11,270.17,269.9024,269.96,152066
2026-04-24 15:40:00,269.9503,270.04,269.89,269.98,74560
2026-04-24 15:41:00,269.96,270.15,269.8,270.14,121001
2026-04-24 15:42:00,270.1244,270.285,270.1,270.235,79411
2026-04-24 15:43:00,270.2301,270.2775,269.96,269.97,97914
2026-04-24 15:44:00,269.9701,270.63,269.885,270.43,185690
2026-04-24 15:45:00,270.49,270.7,270.0,270.04,162608
2026-04-24 15:46:00,270.01,270.24,269.92,270.15,66995
2026-04-24 15:47:00,270.13,270.389,270.13,270.24,53959
2026-04-24 15:48:00,270.275,270.4,270.23,270.24,77373
2026-04-24 15:49:00,270.24,270.52,270.21,270.5,117884
2026-04-24 15:50:00,270.53,270.76,270.43,270.7275,131030
2026-04-24 15:51:00,270.72,270.8,270.54,270.575,79926
2026-04-24 15:52:00,270.565,270.75,270.43,270.71,72397
2026-04-24 15:53:00,270.6901,270.86,270.69,270.855,49110
2026-04-24 15:54:00,270.85,271.1399,270.83,270.975,66922
2026-04-24 15:55:00,270.955,271.06,270.69,270.69,62784
2026-04-24 15:56:00,270.65,270.885,270.64,270.87,74661
2026-04-24 15:57:00,270.87,271.05,270.83,271.029,67906
2026-04-24 15:58:00,271.07,271.18,271.01,271.1201,47028
2026-04-24 15:59:00,271.12,271.12,270.985,271.0321,33181
2026-04-24 16:00:00,271.03,271.1484,270.92,271.14,29189
2026-04-24 16:01:00,271.115,271.12,270.98,270.995,30693
2026-04-24 16:02:00,270.985,271.05,270.935,270.965,26796
2026-04-24 16:03:00,270.94,270.96,270.73,270.82,52783
2026-04-24 16:04:00,270.84,270.8899,270.76,270.88,24854
2026-04-24 16:05:00,270.89,271.01,270.8646,270.95,32723
2026-04-24 16:06:00,270.9585,271.14,270.955,271.01,50824
2026-04-24 16:07:00,271.015,271.015,270.88,270.895,25351
2026-04-24 16:08:00,270.8901,271.055,270.87,271.015,43612
2026-04-24 16:09:00,271.005,271.12,270.965,271.12,35217
2026-04-24 16:10:00,271.12,271.3,271.1,271.295,74227
2026-04-24 16:11:00,271.3002,271.54,271.285,271.53,54349
2026-04-24 16:12:00,271.5305,271.66,271.5305,271.6,52082
2026-04-24 16:13:00,271.57,271.68,271.57,271.68,41624
2026-04-24 16:14:00,271.66,271.67,271.53,271.6,63861
2026-04-24 16:15:00,271.57,271.6,271.42,271.46,34532
2026-04-24 16:16:00,271.47,271.55,271.4496,271.49,26806
2026-04-24 16:17:00,271.5,271.5199,271.36,271.445,33896
2026-04-24 16:18:00,271.445,271.45,271.23,271.305,58646
2026-04-24 16:19:00,271.3199,271.3199,271.13,271.21,67085
2026-04-24 16:20:00,271.2,271.22,271.12,271.13,29702
2026-04-24 16:21:00,271.1301,271.22,271.1301,271.16,26443
2026-04-24 16:22:00,271.11,271.2099,271.11,271.17,34841
2026-04-24 16:23:00,271.19,271.26,271.19,271.22,22599
2026-04-24 16:24:00,271.22,271.22,271.02,271.03,36449
2026-04-24 16:25:00,271.04,271.13,270.98,271.0,26066
2026-04-24 16:26:00,271.0,271.0851,270.99,271.0851,28316
2026-04-24 16:27:00,271.075,271.14,271.0,271.055,27422
2026-04-24 16:28:00,271.05,271.12,271.01,271.1,18185
2026-04-24 16:29:00,271.115,271.115,270.9801,270.99,35307
2026-04-24 16:30:00,271.0,271.09,271.0,271.03,28834
2026-04-24 16:31:00,271.0226,271.152,271.02,271.06,25498
2026-04-24 16:32:00,271.05,271.145,271.01,271.105,30312
2026-04-24 16:33:00,271.105,271.1199,270.9101,270.9499,33468
2026-04-24 16:34:00,270.95,271.015,270.8701,270.92,34327
2026-04-24 16:35:00,270.9,270.93,270.65,270.65,44100
2026-04-24 16:36:00,270.67,270.81,270.67,270.705,40038
2026-04-24 16:37:00,270.6801,270.6908,270.52,270.55,57074
2026-04-24 16:38:00,270.54,270.68,270.5,270.59,38975
2026-04-24 16:39:00,270.57,270.61,270.49,270.54,28020
2026-04-24 16:40:00,270.55,270.55,270.43,270.48,25035
2026-04-24 16:41:00,270.48,270.57,270.47,270.5499,41285
2026-04-24 16:42:00,270.54,270.54,270.41,270.45,25507
2026-04-24 16:43:00,270.425,270.44,270.35,270.365,21540
2026-04-24 16:44:00,270.37,270.48,270.365,270.44,33591
2026-04-24 16:45:00,270.4,270.44,270.302,270.3399,50667
2026-04-24 16:46:00,270.345,270.345,270.215,270.26,44409
2026-04-24 16:47:00,270.26,270.26,270.061,270.075,41478
2026-04-24 16:48:00,270.09,270.22,270.08,270.13,44094
2026-04-24 16:49:00,270.15,270.315,270.0901,270.31,34709
2026-04-24 16:50:00,270.29,270.325,270.23,270.28,39006
2026-04-24 16:51:00,270.28,270.49,270.24,270.47,55706
2026-04-24 16:52:00,270.49,270.52,270.4,270.495,74024
2026-04-24 16:53:00,270.495,270.5,270.4401,270.49,20788
2026-04-24 16:54:00,270.49,270.57,270.49,270.53,37447
2026-04-24 16:55:00,270.5201,270.5798,270.5,270.5,28688
2026-04-24 16:56:00,270.5,270.56,270.49,270.5,527131
2026-04-24 16:57:00,270.505,270.53,270.415,270.46,41589
2026-04-24 16:58:00,270.455,270.58,270.45,270.455,37296
2026-04-24 16:59:00,270.44,270.48,270.41,270.475,17940
2026-04-24 17:00:00,270.4701,270.6,270.4701,270.545,23018
2026-04-24 17:01:00,270.545,270.56,270.455,270.48,25747
2026-04-24 17:02:00,270.47,270.53,270.43,270.46,45340
2026-04-24 17:03:00,270.4501,270.46,270.31,270.34,42798
2026-04-24 17:04:00,270.32,270.335,270.2201,270.265,40126
2026-04-24 17:05:00,270.25,270.275,270.14,270.155,74579
2026-04-24 17:06:00,270.15,270.2,270.12,270.18,40678
2026-04-24 17:07:00,270.1701,270.2,269.965,270.065,89555
2026-04-24 17:08:00,270.05,270.07,269.84,269.865,87613
2026-04-24 17:09:00,269.875,269.95,269.78,269.78,75872
2026-04-24 17:10:00,269.785,269.95,269.78,269.94,35728
2026-04-24 17:11:00,269.975,269.98,269.87,269.885,49759
2026-04-24 17:12:00,269.8999,269.935,269.87,269.885,33509
2026-04-24 17:13:00,269.88,269.91,269.78,269.865,45787
2026-04-24 17:14:00,269.865,269.97,269.86,269.955,33669
2026-04-24 17:15:00,269.95,270.08,269.91,269.96,65225
2026-04-24 17:16:00,269.95,269.99,269.87,269.88,59328
2026-04-24 17:17:00,269.87,269.9,269.81,269.85,47159
2026-04-24 17:18:00,269.85,269.855,269.739,269.77,76428
2026-04-24 17:19:00,269.76,269.81,269.74,269.8093,55251
2026-04-24 17:20:00,269.79,269.81,269.65,269.7131,62577
2026-04-24 17:21:00,269.705,269.85,269.705,269.85,36393
2026-04-24 17:22:00,269.845,269.95,269.845,269.89,43716
2026-04-24 17:23:00,269.88,270.05,269.86,269.945,77870
2026-04-24 17:24:00,269.945,270.07,269.945,269.99,42609
2026-04-24 17:25:00,269.99,270.02,269.8003,269.86,60961
2026-04-24 17:26:00,269.84,270.01,269.84,269.9,45995
2026-04-24 17:27:00,269.9175,269.9999,269.9,269.91,79531
2026-04-24 17:28:00,269.92,270.23,269.92,270.13,85635
2026-04-24 17:29:00,270.12,270.25,270.065,270.065,191005
2026-04-24 17:30:00,270.05,270.08,269.93,269.9799,230806
2026-04-24 17:31:00,269.95,270.05,269.87,270.02,42711
2026-04-24 17:32:00,270.03,270.0599,269.99,270.0,27778
2026-04-24 17:33:00,270.015,270.14,269.9601,270.1009,53680
2026-04-24 17:34:00,270.12,270.1399,270.05,270.105,25996
2026-04-24 17:35:00,270.09,270.12,269.86,269.9,91172
2026-04-24 17:36:00,269.9,270.0,269.85,269.985,47022
2026-04-24 17:37:00,269.99,270.17,269.97,270.155,42621
2026-04-24 17:38:00,270.155,270.16,270.02,270.105,40200
2026-04-24 17:39:00,270.1,270.155,270.0601,270.14,21349
2026-04-24 17:40:00,270.16,270.17,270.0345,270.04,27568
2026-04-24 17:41:00,270.032,270.1399,270.01,270.115,43746
2026-04-24 17:42:00,270.13,270.135,270.035,270.1,41841
2026-04-24 17:43:00,270.0895,270.1,270.0,270.05,46470
2026-04-24 17:44:00,270.04,270.08,269.965,270.02,31015
2026-04-24 17:45:00,270.03,270.06,270.0,270.0,28371
2026-04-24 17:46:00,270.005,270.055,269.985,270.01,40290
2026-04-24 17:47:00,270.02,270.08,269.995,270.06,35799
2026-04-24 17:48:00,270.0799,270.1054,270.03,270.03,23082
2026-04-24 17:49:00,270.0151,270.115,269.965,269.97,25100
2026-04-24 17:50:00,269.975,270.05,269.969,270.0,21266
2026-04-24 17:51:00,270.0,270.065,269.97,270.06,27341
2026-04-24 17:52:00,270.05,270.1799,270.04,270.1799,35018
2026-04-24 17:53:00,270.1799,270.19,270.02,270.02,67319
2026-04-24 17:54:00,270.0,270.3,269.905,269.9401,171939
2026-04-24 17:55:00,269.94,269.96,269.8,269.86,85829
2026-04-24 17:56:00,269.86,269.965,269.8,269.925,53899
2026-04-24 17:57:00,269.92,269.95,269.83,269.865,41592
2026-04-24 17:58:00,269.87,269.97,269.866,269.89,50460
2026-04-24 17:59:00,269.89,269.89,269.76,269.8055,51929
2026-04-24 18:00:00,269.803,269.875,269.72,269.72,58422
2026-04-24 18:01:00,269.735,269.985,269.735,269.8722,60506
2026-04-24 18:02:00,269.89,269.91,269.8,269.84,45790
2026-04-24 18:03:00,269.84,269.97,269.82,269.86,36845
2026-04-24 18:04:00,269.86,269.95,269.8375,269.94,51639
2026-04-24 18:05:00,269.93,270.04,269.81,269.84,57568
2026-04-24 18:06:00,269.835,270.04,269.835,269.905,121231
2026-04-24 18:07:00,269.92,270.05,269.915,269.96,61519
2026-04-24 18:08:00,269.94,270.08,269.895,270.03,33334
2026-04-24 18:09:00,269.985,269.985,269.88,269.91,90923
2026-04-24 18:10:00,269.915,270.03,269.91,269.97,28273
2026-04-24 18:11:00,269.965,270.07,269.96,270.02,85584
2026-04-24 18:12:00,270.04,270.1,270.0,270.055,56452
2026-04-24 18:13:00,270.055,270.165,270.05,270.07,72022
2026-04-24 18:14:00,270.06,270.17,270.035,270.16,35555
2026-04-24 18:15:00,270.17,270.22,270.12,270.13,37493
2026-04-24 18:16:00,270.15,270.19,270.03,270.12,55643
2026-04-24 18:17:00,270.125,270.14,270.03,270.04,50363
2026-04-24 18:18:00,270.03,270.08,270.02,270.06,27229
2026-04-24 18:19:00,270.06,270.1199,270.0466,270.08,23788
2026-04-24 18:20:00,270.0701,270.08,269.985,270.035,41955
2026-04-24 18:21:00,270.04,270.1099,270.022,270.04,40288
2026-04-24 18:22:00,270.04,270.09,270.01,270.015,25422
2026-04-24 18:23:00,270.0,270.09,270.0,270.085,29971
2026-04-24 18:24:00,270.095,270.1,270.005,270.03,19154
2026-04-24 18:25:00,270.01,270.05,269.955,270.03,30531
2026-04-24 18:26:00,270.01,270.035,269.97,269.99,31667
2026-04-24 18:27:00,270.01,270.0201,269.9,269.94,47252
2026-04-24 18:28:00,269.94,269.96,269.9,269.92,39538
2026-04-24 18:29:00,269.92,269.97,269.92,269.96,36850
2026-04-24 18:30:00,269.97,270.06,269.955,269.975,44636
2026-04-24 18:31:00,269.96,269.965,269.86,269.89,46909
2026-04-24 18:32:00,269.906,270.01,269.86,269.96,37374
2026-04-24 18:33:00,269.95,270.0,269.93,269.99,25171
2026-04-24 18:34:00,269.99,270.04,269.95,269.95,31417
2026-04-24 18:35:00,269.94,270.0,269.94,269.95,33406
2026-04-24 18:36:00,269.94,270.03,269.91,270.02,35990
2026-04-24 18:37:00,270.03,270.07,269.99,270.0,49914
2026-04-24 18:38:00,270.01,270.23,270.01,270.23,54109
2026-04-24 18:39:00,270.2,270.24,270.17,270.22,42649
2026-04-24 18:40:00,270.21,270.32,270.205,270.3109,50977
2026-04-24 18:41:00,270.315,270.38,270.295,270.36,51452
2026-04-24 18:42:00,270.36,270.37,270.235,270.25,54701
2026-04-24 18:43:00,270.27,270.3392,270.21,270.3392,31502
2026-04-24 18:44:00,270.34,270.35,270.275,270.33,31995
2026-04-24 18:45:00,270.31,270.31,270.18,270.18,43496
2026-04-24 18:46:00,270.18,270.21,270.13,270.135,36109
2026-04-24 18:47:00,270.133,270.1999,270.12,270.135,34240
2026-04-24 18:48:00,270.12,270.15,270.0401,270.085,30459
2026-04-24 18:49:00,270.08,270.12,269.99,269.9998,47929
2026-04-24 18:50:00,270.0,270.104,270.0,270.07,27382
2026-04-24 18:51:00,270.065,270.11,270.05,270.05,36816
2026-04-24 18:52:00,270.07,270.13,270.05,270.07,30200
2026-04-24 18:53:00,270.055,270.12,270.0,270.04,46535
2026-04-24 18:54:00,270.045,270.045,269.97,269.99,31468
2026-04-24 18:55:00,270.02,270.14,270.015,270.1398,40162
2026-04-24 18:56:00,270.13,270.24,270.08,270.16,50473
2026-04-24 18:57:00,270.16,270.2099,270.16,270.17,30172
2026-04-24 18:58:00,270.16,270.2,270.142,270.16,29280
2026-04-24 18:59:00,270.165,270.17,270.07,270.11,43368
2026-04-24 19:00:00,270.12,270.205,270.1,270.14,42323
2026-04-24 19:01:00,270.13,270.159,270.1,270.1,25061
2026-04-24 19:02:00,270.11,270.1191,270.0,270.01,60876
2026-04-24 19:03:00,270.02,270.05,269.9,269.94,1057423
2026-04-24 19:04:00,269.94,270.12,269.94,270.1,32817
2026-04-24 19:05:00,270.08,270.11,270.04,270.06,23873
2026-04-24 19:06:00,270.065,270.185,270.04,270.185,45914
2026-04-24 19:07:00,270.2,270.2962,270.18,270.28,90990
2026-04-24 19:08:00,270.3,270.32,270.15,270.21,66400
2026-04-24 19:09:00,270.205,270.38,270.205,270.24,153016
2026-04-24 19:10:00,270.25,270.31,270.21,270.255,31368
2026-04-24 19:11:00,270.27,270.31,270.23,270.28,30154
2026-04-24 19:12:00,270.28,270.33,270.245,270.31,36708
2026-04-24 19:13:00,270.3,270.305,270.1901,270.21,45475
2026-04-24 19:14:00,270.205,270.26,270.18,270.21,45750
2026-04-24 19:15:00,270.22,270.31,270.22,270.29,54431
2026-04-24 19:16:00,270.285,270.2999,270.2202,270.245,35524
2026-04-24 19:17:00,270.25,270.28,270.23,270.24,41920
2026-04-24 19:18:00,270.2301,270.25,270.22,270.25,29924
2026-04-24 19:19:00,270.243,270.2698,270.14,270.21,41350
2026-04-24 19:20:00,270.1901,270.24,270.12,270.15,40069
2026-04-24 19:21:00,270.14,270.14,270.03,270.105,46438
2026-04-24 19:22:00,270.1,270.1199,270.03,270.0301,41795
2026-04-24 19:23:00,270.04,270.07,270.005,270.04,30793
2026-04-24 19:24:00,270.035,270.0599,269.98,270.0599,51109
2026-04-24 19:25:00,270.04,270.0507,269.95,269.961,46341
2026-04-24 19:26:00,269.975,270.05,269.92,270.04,49910
2026-04-24 19:27:00,270.04,270.04,269.9501,270.025,38797
2026-04-24 19:28:00,270.025,270.07,269.9686,270.07,50372
2026-04-24 19:29:00,270.06,270.16,270.03,270.09,55906
2026-04-24 19:30:00,270.09,270.1999,270.035,270.1302,75467
2026-04-24 19:31:00,270.115,270.17,270.06,270.14,47141
2026-04-24 19:32:00,270.17,270.17,270.0,270.06,48398
2026-04-24 19:33:00,270.06,270.12,270.02,270.03,69315
2026-04-24 19:34:00,270.05,270.139,270.05,270.1075,29197
2026-04-24 19:35:00,270.11,270.13,270.02,270.1,41095
2026-04-24 19:36:00,270.09,270.18,270.09,270.17,48721
2026-04-24 19:37:00,270.17,270.27,270.17,270.26,48904
2026-04-24 19:38:00,270.2597,270.33,270.255,270.29,54193
2026-04-24 19:39:00,270.295,270.36,270.11,270.2,132363
2026-04-24 19:40:00,270.184,270.3,270.16,270.28,46500
2026-04-24 19:41:00,270.28,270.501,270.27,270.49,124754
2026-04-24 19:42:00,270.4761,270.49,270.315,270.4,80098
2026-04-24 19:43:00,270.4,270.46,270.375,270.44,36093
2026-04-24 19:44:00,270.455,270.53,270.455,270.5,45604
2026-04-24 19:45:00,270.49,270.65,270.47,270.61,90979
2026-04-24 19:46:00,270.6,270.61,270.48,270.495,65941
2026-04-24 19:47:00,270.5,270.66,270.5,270.61,82046
2026-04-24 19:48:00,270.62,270.72,270.58,270.665,75190
2026-04-24 19:49:00,270.6599,270.8,270.63,270.8,78346
2026-04-24 19:50:00,270.8,271.11,270.8,270.965,158007
2026-04-24 19:51:00,270.96,271.07,270.93,271.0,106361
2026-04-24 19:52:00,270.98,270.99,270.83,270.87,148803
2026-04-24 19:53:00,270.87,271.22,270.83,271.14,191089
2026-04-24 19:54:00,271.13,271.2,270.99,271.185,148983
2026-04-24 19:55:00,271.17,271.48,271.02,271.185,298246
2026-04-24 19:56:00,271.185,271.34,271.18,271.31,253405
2026-04-24 19:57:00,271.31,271.34,271.185,271.24,349820
2026-04-24 19:58:00,271.23,271.26,271.08,271.1099,445000
2026-04-24 19:59:00,271.11,271.15,270.89,271.06,1324255
2026-04-27 13:30:00,266.09,266.8499,265.07,266.53,3277134
2026-04-27 13:31:00,266.53,267.7599,266.49,267.58,440961
2026-04-27 13:32:00,267.57,267.88,267.11,267.19,275956
2026-04-27 13:33:00,267.2,267.2,266.45,266.45,160399
2026-04-27 13:34:00,266.475,266.51,265.7,266.15,162771
2026-04-27 13:35:00,266.18,267.05,266.11,266.785,367310
2026-04-27 13:36:00,266.77,267.04,266.5795,266.99,142432
2026-04-27 13:37:00,267.02,267.18,266.465,266.54,249775
2026-04-27 13:38:00,266.5351,266.63,266.13,266.2,200055
2026-04-27 13:39:00,266.19,267.25,266.102,267.1999,225492
2026-04-27 13:40:00,267.17,267.44,267.03,267.265,201248
2026-04-27 13:41:00,267.26,267.74,267.221,267.67,166612
2026-04-27 13:42:00,267.69,267.69,267.32,267.61,114057
2026-04-27 13:43:00,267.59,267.6,267.325,267.4101,113904
2026-04-27 13:44:00,267.43,267.74,267.255,267.485,124061
2026-04-27 13:45:00,267.495,267.8,267.31,267.78,161066
2026-04-27 13:46:00,267.79,268.12,267.74,267.86,207891
2026-04-27 13:47:00,267.83,267.9193,267.57,267.625,143474
2026-04-27 13:48:00,267.66,268.08,267.6,267.92,104991
2026-04-27 13:49:00,267.94,268.08,267.87,267.97,128433
2026-04-27 13:50:00,267.9799,268.24,267.88,267.9,196411
2026-04-27 13:51:00,267.85,267.9176,267.53,267.9176,151605
2026-04-27 13:52:00,267.905,267.98,267.57,267.69,86435
2026-04-27 13:53:00,267.72,267.8699,267.6,267.63,76793
2026-04-27 13:54:00,267.7,267.98,267.42,267.91,124334
2026-04-27 13:55:00,267.87,267.9099,267.63,267.8101,98093
2026-04-27 13:56:00,267.8351,268.105,267.71,268.0625,120167
2026-04-27 13:57:00,268.1,268.248,268.05,268.145,94032
2026-04-27 13:58:00,268.14,268.36,268.14,268.26,96280
2026-04-27 13:59:00,268.29,268.36,268.06,268.13,91296
2026-04-27 14:00:00,268.12,268.2,268.01,268.15,86933
2026-04-27 14:01:00,268.12,268.1758,267.79,267.94,132302
2026-04-27 14:02:00,267.94,268.16,267.84,267.88,89365
2026-04-27 14:03:00,267.97,268.01,267.841,267.9067,50388
2026-04-27 14:04:00,267.88,267.88,267.245,267.2581,106832
2026-04-27 14:05:00,267.26,267.47,267.24,267.38,70295
2026-04-27 14:06:00,267.37,267.53,267.35,267.3899,61989
2026-04-27 14:07:00,267.38,267.5199,267.2,267.23,108213
2026-04-27 14:08:00,267.23,267.27,267.1201,267.13,81055
2026-04-27 14:09:00,267.155,267.51,267.11,267.49,67159
2026-04-27 14:10:00,267.485,267.785,267.48,267.74,95716
2026-04-27 14:11:00,267.77,268.0,267.6744,267.7,75054
2026-04-27 14:12:00,267.7099,267.71,267.2726,267.43,72355
2026-04-27 14:13:00,267.48,267.52,267.22,267.23,56240
2026-04-27 14:14:00,267.25,267.39,267.13,267.39,79025
2026-04-27 14:15:00,267.385,267.54,267.36,267.4,47052
2026-04-27 14:16:00,267.425,267.52,267.315,267.52,58513
2026-04-27 14:17:00,267.53,267.7399,267.495,267.6698,65130
2026-04-27 14:18:00,267.67,267.7,267.5501,267.61,63198
2026-04-27 14:19:00,267.635,267.68,267.51,267.66,61436
2026-04-27 14:20:00,267.64,267.6491,267.43,267.4799,101452
2026-04-27 14:21:00,267.475,267.55,267.38,267.4001,91380
2026-04-27 14:22:00,267.42,267.595,267.39,267.57,59043
2026-04-27 14:23:00,267.5899,267.5899,267.315,267.43,63715
2026-04-27 14:24:00,267.46,267.54,267.3469,267.43,47651
2026-04-27 14:25:00,267.43,267.45,267.28,267.33,45704
2026-04-27 14:26:00,267.33,267.405,267.28,267.3021,49734
2026-04-27 14:27:00,267.27,267.35,267.21,267.315,40496
2026-04-27 14:28:00,267.31,267.39,267.21,267.2259,39228
2026-04-27 14:29:00,267.235,267.375,267.18,267.36,48946
2026-04-27 14:30:00,267.39,267.51,267.38,267.5,57919
2026-04-27 14:31:00,267.49,267.68,267.49,267.63,93628
2026-04-27 14:32:00,267.62,267.76,267.595,267.71,70548
2026-04-27 14:33:00,267.7,267.71,267.495,267.615,58867
2026-04-27 14:34:00,267.61,267.8,267.53,267.56,44589
2026-04-27 14:35:00,267.5,267.69,267.15,267.5,143029
2026-04-27 14:36:00,267.5,267.605,267.35,267.43,108385
2026-04-27 14:37:00,267.385,267.41,267.23,267.33,40222
2026-04-27 14:38:00,267.31,267.355,267.1533,267.3301,51538
2026-04-27 14:39:00,267.32,267.41,267.24,267.37,52917
2026-04-27 14:40:00,267.38,267.44,267.2,267.2207,67584
2026-04-27 14:41:00,267.23,267.29,267.15,267.265,46118
2026-04-27 14:42:00,267.22,267.2544,267.05,267.13,72342
2026-04-27 14:43:00,267.1499,267.18,267.08,267.11,47798
2026-04-27 14:44:00,267.15,267.23,267.12,267.185,36303
2026-04-27 14:45:00,267.185,267.26,267.1383,267.151,46064
2026-04-27 14:46:00,267.17,267.31,267.165,267.295,55604
2026-04-27 14:47:00,267.295,267.295,267.15,267.2,28936
2026-04-27 14:48:00,267.175,267.22,267.12,267.13,40600
2026-04-27 14:49:00,267.13,267.13,267.0,267.085,96927
2026-04-27 14:50:00,267.08,267.13,266.9,266.9,96150
2026-04-27 14:51:00,266.9,266.9122,266.7393,266.7393,67282
2026-04-27 14:52:00,266.73,266.9599,266.73,266.86,64063
2026-04-27 14:53:00,266.87,266.87,266.7301,266.8,44874
2026-04-27 14:54:00,266.805,266.825,266.67,266.79,78372
2026-04-27 14:55:00,266.8,266.88,266.78,266.83,37886
2026-04-27 14:56:00,266.805,266.9399,266.805,266.85,39584
2026-04-27 14:57:00,266.84,266.88,266.78,266.87,39828
2026-04-27 14:58:00,266.88,267.08,266.84,267.0604,53048
2026-04-27 14:59:00,267.065,267.195,267.03,267.16,38342
2026-04-27 15:00:00,267.18,267.34,267.18,267.31,56189
2026-04-27 15:01:00,267.3199,267.3199,267.1353,267.1353,37076
2026-04-27 15:02:00,267.14,267.14,267.0,267.06,49354
2026-04-27 15:03:00,267.06,267.25,267.06,267.25,45666
2026-04-27 15:04:00,267.26,267.29,267.2045,267.21,55794
2026-04-27 15:05:00,267.215,267.48,267.205,267.44,77753
2026-04-27 15:06:00,267.425,267.51,267.39,267.45,54334
2026-04-27 15:07:00,267.45,267.5556,267.34,267.495,54019
2026-04-27 15:08:00,267.51,267.55,267.26,267.2899,40136
2026-04-27 15:09:00,267.28,267.29,267.02,267.08,74965
2026-04-27 15:10:00,267.07,267.0934,266.89,266.91,55136
2026-04-27 15:11:00,266.89,266.924,266.76,266.8,58661
2026-04-27 15:12:00,266.815,266.93,266.75,266.915,47939
2026-04-27 15:13:00,266.9,266.91,266.77,266.86,36073
2026-04-27 15:14:00,266.82,266.9,266.78,266.89,43739
2026-04-27 15:15:00,266.89,267.02,266.88,266.93,43602
2026-04-27 15:16:00,266.96,267.06,266.89,266.92,58023
2026-04-27 15:17:00,266.93,266.93,266.81,266.85,47299
2026-04-27 15:18:00,266.86,266.87,266.6622,266.71,64313
2026-04-27 15:19:00,266.705,266.8,266.62,266.79,44515
2026-04-27 15:20:00,266.745,266.85,266.74,266.8184,37335
2026-04-27 15:21:00,266.82,266.89,266.81,266.86,30070
2026-04-27 15:22:00,266.87,266.87,266.762,266.8,40835
2026-04-27 15:23:00,266.79,266.94,266.79,266.91,45513
2026-04-27 15:24:00,266.94,267.01,266.86,266.995,35904
2026-04-27 15:25:00,267.01,267.04,266.95,267.02,34149
2026-04-27 15:26:00,267.0,267.01,266.9,266.965,35858
2026-04-27 15:27:00,266.97,267.0988,266.97,267.05,47728
2026-04-27 15:28:00,267.1,267.2,267.075,267.17,57431
2026-04-27 15:29:00,267.16,267.195,267.1,267.11,22931
2026-04-27 15:30:00,267.14,267.25,267.11,267.11,55564
2026-04-27 15:31:00,267.12,267.165,266.96,266.9675,63895
2026-04-27 15:32:00,266.99,266.995,266.9,266.93,47081
2026-04-27 15:33:00,266.93,266.99,266.855,266.88,31473
2026-04-27 15:34:00,266.89,267.015,266.885,267.0,31412
2026-04-27 15:35:00,267.02,267.16,266.9801,267.067,31083
2026-04-27 15:36:00,267.055,267.16,267.055,267.12,24517
2026-04-27 15:37:00,267.12,267.28,267.08,267.25,56039
2026-04-27 15:38:00,267.265,267.28,267.23,267.24,19853
2026-04-27 15:39:00,267.23,267.35,267.21,267.26,71721
2026-04-27 15:40:00,267.2599,267.35,267.22,267.33,33108
2026-04-27 15:41:00,267.3671,267.45,267.35,267.4301,29448
2026-04-27 15:42:00,267.43,267.52,267.4,267.475,61142
2026-04-27 15:43:00,267.47,267.57,267.47,267.545,38393
2026-04-27 15:44:00,267.55,267.64,267.499,267.64,50989
2026-04-27 15:45:00,267.62,267.63,267.4,267.41,89351
2026-04-27 15:46:00,267.4,267.43,267.2772,267.3385,45663
2026-04-27 15:47:00,267.34,267.35,267.14,267.15,44643
2026-04-27 15:48:00,267.15,267.15,267.08,267.1,43885
2026-04-27 15:49:00,267.09,267.1,267.0006,267.03,33855
2026-04-27 15:50:00,267.04,267.04,266.92,266.9401,30194
2026-04-27 15:51:00,266.96,266.989,266.88,266.9445,43683
2026-04-27 15:52:00,266.95,267.0299,266.92,266.995,32734
2026-04-27 15:53:00,266.99,267.01,266.9,267.01,33521
2026-04-27 15:54:00,267.01,267.06,266.98,267.03,41596
2026-04-27 15:55:00,267.04,267.05,266.99,267.02,29610
2026-04-27 15:56:00,267.015,267.03,266.85,266.85,50021
2026-04-27 15:57:00,266.85,266.85,266.77,266.825,54533
2026-04-27 15:58:00,266.83,266.84,266.69,266.69,49525
2026-04-27 15:59:00,266.68,266.87,266.67,266.79,58162
2026-04-27 16:00:00,266.795,266.97,266.66,266.69,163662
2026-04-27 16:01:00,266.68,266.755,266.66,266.755,19744
2026-04-27 16:02:00,266.75,266.84,266.69,266.69,41365
2026-04-27 16:03:00,266.7,266.7892,266.7,266.7201,64042
2026-04-27 16:04:00,266.74,266.99,266.74,266.88,54473
2026-04-27 16:05:00,266.86,266.86,266.71,266.715,30872
2026-04-27 16:06:00,266.717,266.79,266.67,266.73,39079
2026-04-27 16:07:00,266.74,266.88,266.7301,266.81,79870
2026-04-27 16:08:00,266.795,266.82,266.68,266.82,44089
2026-04-27 16:09:00,266.7901,266.89,266.7901,266.815,33724
2026-04-27 16:10:00,266.815,266.96,266.8,266.905,32707
2026-04-27 16:11:00,266.8901,266.95,266.8901,266.94,22932
2026-04-27 16:12:00,266.958,267.05,266.94,266.94,41135
2026-04-27 16:13:00,266.925,266.93,266.86,266.865,36966
2026-04-27 16:14:00,266.8501,266.93,266.83,266.845,22082
2026-04-27 16:15:00,266.84,266.86,266.75,266.78,34302
2026-04-27 16:16:00,266.77,266.77,266.71,266.71,33113
2026-04-27 16:17:00,266.71,266.77,266.665,266.685,33248
2026-04-27 16:18:00,266.68,266.7599,266.6701,266.6701,30500
2026-04-27 16:19:00,266.675,266.71,266.63,266.71,37413
2026-04-27 16:20:00,266.7,266.7,266.64,266.675,24205
2026-04-27 16:21:00,266.66,266.66,266.41,266.445,105211
2026-04-27 16:22:00,266.4401,266.51,266.44,266.4574,36537
2026-04-27 16:23:00,266.44,266.48,266.3926,266.47,62786
2026-04-27 16:24:00,266.48,266.48,266.37,266.39,44193
2026-04-27 16:25:00,266.39,266.48,266.3845,266.44,35997
2026-04-27 16:26:00,266.445,266.445,266.3301,266.335,30716
2026-04-27 16:27:00,266.338,266.3385,266.3,266.31,28474
2026-04-27 16:28:00,266.315,266.345,266.26,266.29,48390
2026-04-27 16:29:00,266.3,266.33,266.26,266.295,41183
2026-04-27 16:30:00,266.29,266.5,266.29,266.49,56887
2026-04-27 16:31:00,266.49,266.49,266.3901,266.41,32857
2026-04-27 16:32:00,266.42,266.51,266.42,266.4792,31621
2026-04-27 16:33:00,266.47,266.5,266.4,266.42,52230
2026-04-27 16:34:00,266.42,266.45,266.385,266.44,42864
2026-04-27 16:35:00,266.45,266.45,266.39,266.4099,28301
2026-04-27 16:36:00,266.41,266.48,266.3801,266.39,31898
2026-04-27 16:37:00,266.39,266.415,266.32,266.33,42394
2026-04-27 16:38:00,266.33,266.425,266.33,266.425,21377
2026-04-27 16:39:00,266.425,266.4792,266.37,266.41,33869
2026-04-27 16:40:00,266.42,266.42,266.365,266.385,20916
2026-04-27 16:41:00,266.385,266.4499,266.38,266.43,25089
2026-04-27 16:42:00,266.44,266.64,266.44,266.6201,40529
2026-04-27 16:43:00,266.63,266.64,266.55,266.57,32250
2026-04-27 16:44:00,266.57,266.605,266.54,266.5851,25317
2026-04-27 16:45:00,266.57,266.67,266.57,266.615,29304
2026-04-27 16:46:00,266.62,266.64,266.55,266.615,25972
2026-04-27 16:47:00,266.61,266.62,266.565,266.58,23760
2026-04-27 16:48:00,266.57,266.675,266.56,266.5999,48182
2026-04-27 16:49:00,266.58,266.58,266.475,266.52,52803
2026-04-27 16:50:00,266.515,266.53,266.43,266.475,60794
2026-04-27 16:51:00,266.47,266.55,266.46,266.51,41266
2026-04-27 16:52:00,266.515,266.56,266.49,266.53,65855
2026-04-27 16:53:00,266.53,266.54,266.45,266.505,29973
2026-04-27 16:54:00,266.505,266.53,266.4601,266.47,32014
2026-04-27 16:55:00,266.47,266.55,266.47,266.52,47969
2026-04-27 16:56:00,266.52,266.55,266.47,266.47,49604
2026-04-27 16:57:00,266.45,266.47,266.34,266.37,50255
2026-04-27 16:58:00,266.36,266.46,266.36,266.44,41062
2026-04-27 16:59:00,266.44,266.44,266.345,266.42,64759
2026-04-27 17:00:00,266.42,266.465,266.37,266.465,50496
2026-04-27 17:01:00,266.47,266.52,266.435,266.465,53565
2026-04-27 17:02:00,266.48,266.54,266.45,266.45,29728
2026-04-27 17:03:00,266.44,266.5,266.4101,266.5,35483
2026-04-27 17:04:00,266.495,266.65,266.485,266.55,574037
2026-04-27 17:05:00,266.55,266.6,266.47,266.595,26716
2026-04-27 17:06:00,266.595,266.6,266.53,266.6,47004
2026-04-27 17:07:00,266.6,266.665,266.585,266.6501,32621
2026-04-27 17:08:00,266.665,266.67,266.57,266.61,22497
2026-04-27 17:09:00,266.62,266.65,266.5831,266.605,21022
2026-04-27 17:10:00,266.59,266.6,266.51,266.52,36509
2026-04-27 17:11:00,266.52,266.5899,266.51,266.51,24955
2026-04-27 17:12:00,266.502,266.54,266.44,266.455,44447
2026-04-27 17:13:00,266.455,266.49,266.44,266.48,35341
2026-04-27 17:14:00,266.47,266.4761,266.39,266.4496,38196
2026-04-27 17:15:00,266.43,266.47,266.42,266.4292,19303
2026-04-27 17:16:00,266.436,266.63,266.4,266.537,59392
2026-04-27 17:17:00,266.53,266.62,266.49,266.615,35662
2026-04-27 17:18:00,266.61,266.68,266.6,266.61,36697
2026-04-27 17:19:00,266.6,266.79,266.59,266.74,65014
2026-04-27 17:20:00,266.735,266.8791,266.725,266.85,73475
2026-04-27 17:21:00,266.85,266.94,266.85,266.92,50871
2026-04-27 17:22:00,266.92,266.99,266.85,266.89,60082
2026-04-27 17:23:00,266.895,267.03,266.82,266.85,87691
2026-04-27 17:24:00,266.8301,266.845,266.75,266.7899,48124
2026-04-27 17:25:00,266.77,266.8091,266.71,266.8,39660
2026-04-27 17:26:00,266.805,266.92,266.805,266.85,28846
2026-04-27 17:27:00,266.84,266.8796,266.82,266.86,26911
2026-04-27 17:28:00,266.86,266.86,266.76,266.8299,29650
2026-04-27 17:29:00,266.825,266.86,266.79,266.84,34677
2026-04-27 17:30:00,266.83,266.89,266.8,266.85,27479
2026-04-27 17:31:00,266.83,267.05,266.82,267.0216,40341
2026-04-27 17:32:00,267.03,267.03,266.93,266.94,65582
2026-04-27 17:33:00,266.9451,267.035,266.93,267.02,28903
2026-04-27 17:34:00,267.0299,267.045,266.95,266.97,40191
2026-04-27 17:35:00,266.94,266.945,266.86,266.945,40339
2026-04-27 17:36:00,266.93,266.99,266.83,266.85,37225
2026-04-27 17:37:00,266.8451,266.88,266.8,266.88,29621
2026-04-27 17:38:00,266.87,266.92,266.77,266.78,27961
2026-04-27 17:39:00,266.78,266.89,266.75,266.89,34890
2026-04-27 17:40:00,266.9,266.95,266.83,266.9301,33034
2026-04-27 17:41:00,266.935,266.94,266.85,266.8899,44572
2026-04-27 17:42:00,266.875,266.91,266.86,266.895,20410
2026-04-27 17:43:00,266.88,266.9,266.85,266.88,22309
2026-04-27 17:44:00,266.8838,266.8838,266.79,266.86,24139
2026-04-27 17:45:00,266.8599,266.8759,266.66,266.7001,56445
2026-04-27 17:46:00,266.7,266.71,266.55,266.56,85630
2026-04-27 17:47:00,266.56,266.56,266.4,266.4407,50431
2026-04-27 17:48:00,266.4537,266.5645,266.45,266.54,36602
2026-04-27 17:49:00,266.545,266.63,266.5001,266.5001,30642
2026-04-27 17:50:00,266.5292,266.54,266.47,266.5,31219
2026-04-27 17:51:00,266.485,266.4999,266.43,266.4701,45977
2026-04-27 17:52:00,266.475,266.4981,266.35,266.43,40177
2026-04-27 17:53:00,266.4399,266.46,266.38,266.445,39464
2026-04-27 17:54:00,266.43,266.46,266.405,266.41,22799
2026-04-27 17:55:00,266.4,266.43,266.3801,266.42,20933
2026-04-27 17:56:00,266.42,266.4499,266.41,266.44,23127
2026-04-27 17:57:00,266.45,266.51,266.45,266.465,30243
2026-04-27 17:58:00,266.45,266.485,266.45,266.46,17068
2026-04-27 17:59:00,266.465,266.49,266.42,266.48,28851
2026-04-27 18:00:00,266.48,266.52,266.375,266.405,57224
2026-04-27 18:01:00,266.405,266.4398,266.26,266.2642,72724
2026-04-27 18:02:00,266.27,266.33,266.26,266.32,35827
2026-04-27 18:03:00,266.32,266.3688,266.31,266.31,24625
2026-04-27 18:04:00,266.31,266.31,266.2,266.26,56419
2026-04-27 18:05:00,266.24,266.3,266.18,266.23,34474
2026-04-27 18:06:00,266.22,266.2684,266.1954,266.25,31891
2026-04-27 18:07:00,266.24,266.35,266.24,266.3,44126
2026-04-27 18:08:00,266.2901,266.39,266.29,266.36,33858
2026-04-27 18:09:00,266.36,266.43,266.35,266.42,35578
2026-04-27 18:10:00,266.43,266.47,266.37,266.37,42404
2026-04-27 18:11:00,266.38,266.425,266.36,266.39,33559
2026-04-27 18:12:00,266.385,266.64,266.385,266.625,64965
2026-04-27 18:13:00,266.6101,266.64,266.55,266.5502,31990
2026-04-27 18:14:00,266.55,266.6173,266.52,266.5301,31303
2026-04-27 18:15:00,266.55,266.59,266.51,266.52,27242
2026-04-27 18:16:00,266.52,266.545,266.49,266.54,31153
2026-04-27 18:17:00,266.55,266.55,266.415,266.425,44261
2026-04-27 18:18:00,266.43,266.44,266.32,266.33,80639
2026-04-27 18:19:00,266.325,266.3299,266.26,266.29,53287
2026-04-27 18:20:00,266.27,266.3065,266.2301,266.25,49987
2026-04-27 18:21:00,266.26,266.27,266.18,266.27,54376
2026-04-27 18:22:00,266.25,266.27,266.16,266.1694,52280
2026-04-27 18:23:00,266.16,266.19,266.15,266.1599,44054
2026-04-27 18:24:00,266.15,266.17,266.11,266.115,61502
2026-04-27 18:25:00,266.11,266.21,266.09,266.16,67519
2026-04-27 18:26:00,266.165,266.205,266.135,266.2,51200
2026-04-27 18:27:00,266.2,266.35,266.17,266.34,91784
2026-04-27 18:28:00,266.33,266.405,266.31,266.3899,90259
2026-04-27 18:29:00,266.36,266.37,266.26,266.3499,51554
2026-04-27 18:30:00,266.35,266.35,266.26,266.29,43757
2026-04-27 18:31:00,266.29,266.3,266.13,266.135,76256
2026-04-27 18:32:00,266.135,266.19,266.13,266.19,48172
2026-04-27 18:33:00,266.19,266.205,266.13,266.16,64109
2026-04-27 18:34:00,266.165,266.31,266.15,266.29,48750
2026-04-27 18:35:00,266.29,266.3,266.21,266.235,40711
2026-04-27 18:36:00,266.235,266.255,266.2,266.21,36429
2026-04-27 18:37:00,266.225,266.2599,266.18,266.2099,46365
2026-04-27 18:38:00,266.21,266.26,266.17,266.26,50306
2026-04-27 18:39:00,266.26,266.4,266.26,266.3701,38839
2026-04-27 18:40:00,266.38,266.43,266.31,266.3401,51276
2026-04-27 18:41:00,266.3678,266.45,266.3501,266.365,48450
2026-04-27 18:42:00,266.37,266.3799,266.295,266.295,26518
2026-04-27 18:43:00,266.3,266.3,266.165,266.165,33578
2026-04-27 18:44:00,266.165,266.2,266.15,266.18,34390
2026-04-27 18:45:00,266.18,266.25,266.17,266.24,34192
2026-04-27 18:46:00,266.25,266.33,266.24,266.28,26852
2026-04-27 18:47:00,266.2808,266.31,266.2682,266.3,27625
2026-04-27 18:48:00,266.2982,266.2982,266.25,266.2698,23073
2026-04-27 18:49:00,266.2415,266.25,266.15,266.165,29364
2026-04-27 18:50:00,266.18,266.195,266.17,266.195,22681
2026-04-27 18:51:00,266.195,266.21,266.16,266.17,22416
2026-04-27 18:52:00,266.18,266.19,266.16,266.19,24423
2026-04-27 18:53:00,266.2,266.335,266.19,266.33,40063
2026-04-27 18:54:00,266.34,266.495,266.32,266.495,60633
2026-04-27 18:55:00,266.49,266.515,266.42,266.45,77366
2026-04-27 18:56:00,266.44,266.4425,266.38,266.39,40903
2026-04-27 18:57:00,266.3901,266.45,266.39,266.425,34279
2026-04-27 18:58:00,266.424,266.45,266.355,266.41,42712
2026-04-27 18:59:00,266.4,266.42,266.3631,266.42,38949
2026-04-27 19:00:00,266.44,266.59,266.44,266.52,52991
2026-04-27 19:01:00,266.53,266.56,266.44,266.44,34906
2026-04-27 19:02:00,266.46,266.49,266.39,266.455,50491
2026-04-27 19:03:00,266.455,266.53,266.42,266.42,28677
2026-04-27 19:04:00,266.41,266.48,266.365,266.38,71827
2026-04-27 19:05:00,266.36,266.395,266.33,266.37,69083
2026-04-27 19:06:00,266.37,266.41,266.33,266.34,60885
2026-04-27 19:07:00,266.34,266.41,266.31,266.405,42382
2026-04-27 19:08:00,266.395,266.477,266.35,266.464,31621
2026-04-27 19:09:00,266.46,266.4766,266.43,266.46,45813
2026-04-27 19:10:00,266.45,266.59,266.43,266.5704,34424
2026-04-27 19:11:00,266.575,266.62,266.56,266.565,40286
2026-04-27 19:12:00,266.57,266.65,266.565,266.638,36078
2026-04-27 19:13:00,266.64,266.73,266.64,266.67,47247
2026-04-27 19:14:00,266.67,266.67,266.62,266.6301,30979
2026-04-27 19:15:00,266.64,266.87,266.64,266.85,68849
2026-04-27 19:16:00,266.8725,266.881,266.76,266.79,62641
2026-04-27 19:17:00,266.78,266.8,266.695,266.73,42629
2026-04-27 19:18:00,266.725,266.78,266.69,266.76,39943
2026-04-27 19:19:00,266.77,266.77,266.6502,266.68,42145
2026-04-27 19:20:00,266.68,266.7,266.65,266.68,23753
2026-04-27 19:21:00,266.68,266.72,266.65,266.7,29612
2026-04-27 19:22:00,266.67,266.8,266.67,266.72,55780
2026-04-27 19:23:00,266.72,266.8,266.72,266.75,30981
2026-04-27 19:24:00,266.775,266.825,266.7461,266.7461,39614
2026-04-27 19:25:00,266.74,266.85,266.74,266.85,48348
2026-04-27 19:26:00,266.84,266.88,266.79,266.8,37375
2026-04-27 19:27:00,266.8,266.805,266.75,266.805,33799
2026-04-27 19:28:00,266.805,267.06,266.805,267.04,116425
2026-04-27 19:29:00,267.03,267.215,267.03,267.15,130335
2026-04-27 19:30:00,267.16,267.2,267.05,267.165,84509
2026-04-27 19:31:00,267.17,267.32,267.135,267.31,107360
2026-04-27 19:32:00,267.31,267.54,267.3,267.515,113855
2026-04-27 19:33:00,267.515,267.6,267.41,267.42,95340
2026-04-27 19:34:00,267.42,267.465,267.369,267.44,112665
2026-04-27 19:35:00,267.4302,267.49,267.3901,267.47,80623
2026-04-27 19:36:00,267.47,267.47,267.38,267.395,57605
2026-04-27 19:37:00,267.395,267.4899,267.37,267.4,73804
2026-04-27 19:38:00,267.395,267.49,267.39,267.43,50196
2026-04-27 19:39:00,267.44,267.455,267.345,267.395,65041
2026-04-27 19:40:00,267.395,267.53,267.34,267.52,102789
2026-04-27 19:41:00,267.51,267.53,267.45,267.46,59488
2026-04-27 19:42:00,267.4599,267.61,267.4466,267.57,126385
2026-04-27 19:43:00,267.575,267.65,267.555,267.635,91639
2026-04-27 19:44:00,267.64,267.73,267.62,267.7,178446
2026-04-27 19:45:00,267.71,267.82,267.591,267.695,110131
2026-04-27 19:46:00,267.68,267.69,267.6062,267.69,73523
2026-04-27 19:47:00,267.7,267.73,267.61,267.73,68618
2026-04-27 19:48:00,267.73,267.74,267.6601,267.675,58021
2026-04-27 19:49:00,267.6799,267.7,267.55,267.587,90727
2026-04-27 19:50:00,267.58,267.79,267.58,267.785,133784
2026-04-27 19:51:00,267.785,267.81,267.73,267.795,109603
2026-04-27 19:52:00,267.79,267.96,267.74,267.83,163180
2026-04-27 19:53:00,267.83,267.83,267.69,267.78,137301
2026-04-27 19:54:00,267.79,267.9,267.53,267.54,250015
2026-04-27 19:55:00,267.54,267.7,267.43,267.64,175128
2026-04-27 19:56:00,267.64,267.7295,267.63,267.68,185895
2026-04-27 19:57:00,267.685,267.885,267.64,267.845,203960
2026-04-27 19:58:00,267.84,267.85,267.66,267.66,272740
2026-04-27 19:59:00,267.67,267.69,267.44,267.68,645524
2026-04-28 13:30:00,272.335,273.22,270.18,270.47,2606381
2026-04-28 13:31:00,270.493,270.493,269.02,269.4,334468
2026-04-28 13:32:00,269.453,269.72,269.08,269.4988,182504
2026-04-28 13:33:00,269.44,269.76,269.215,269.58,244361
2026-04-28 13:34:00,269.59,269.7699,269.09,269.1219,168747
2026-04-28 13:35:00,269.1205,269.64,269.07,269.31,198848
2026-04-28 13:36:00,269.3201,269.46,268.79,268.81,185716
2026-04-28 13:37:00,268.75,269.1799,268.66,269.1,108387
2026-04-28 13:38:00,269.1438,269.88,269.1438,269.83,221949
2026-04-28 13:39:00,269.8301,270.05,269.8,269.85,158265
2026-04-28 13:40:00,269.824,269.94,269.43,269.94,122356
2026-04-28 13:41:00,269.935,269.935,269.43,269.705,115352
2026-04-28 13:42:00,269.71,269.75,269.45,269.48,163517
2026-04-28 13:43:00,269.48,269.75,269.41,269.51,102621
2026-04-28 13:44:00,269.525,269.835,269.51,269.75,89358
2026-04-28 13:45:00,269.76,270.05,269.5432,269.555,202184
2026-04-28 13:46:00,269.57,269.9199,269.53,269.81,56237
2026-04-28 13:47:00,269.815,270.03,269.55,270.02,79015
2026-04-28 13:48:00,270.0,270.28,269.9709,270.275,109838
2026-04-28 13:49:00,270.29,270.44,269.9,270.4322,206299
2026-04-28 13:50:00,270.44,270.47,270.2,270.22,112779
2026-04-28 13:51:00,270.19,270.5885,270.19,270.5699,107047
2026-04-28 13:52:00,270.57,270.6,270.24,270.2869,104685
2026-04-28 13:53:00,270.285,270.34,270.14,270.17,61081
2026-04-28 13:54:00,270.15,270.18,270.0435,270.095,70133
2026-04-28 13:55:00,270.08,270.08,269.654,269.654,106376
2026-04-28 13:56:00,269.66,269.8927,269.6001,269.67,71159
2026-04-28 13:57:00,269.72,269.93,269.65,269.9,54841
2026-04-28 13:58:00,269.91,269.985,269.77,269.965,50598
2026-04-28 13:59:00,269.94,270.0,269.72,269.905,79777
2026-04-28 14:00:00,269.85,270.15,269.67,270.12,141279
2026-04-28 14:01:00,270.09,270.26,269.95,269.95,75795
2026-04-28 14:02:00,269.93,269.99,269.84,269.92,66090
2026-04-28 14:03:00,269.93,269.93,269.68,269.8399,50360
2026-04-28 14:04:00,269.83,269.86,269.66,269.7501,39430
2026-04-28 14:05:00,269.765,269.9699,269.72,269.855,41419
2026-04-28 14:06:00,269.83,269.87,269.7,269.76,53784
2026-04-28 14:07:00,269.785,270.18,269.765,270.12,97556
2026-04-28 14:08:00,270.13,270.2699,270.055,270.2699,56873
2026-04-28 14:09:00,270.25,270.31,270.12,270.225,98399
2026-04-28 14:10:00,270.22,270.42,270.21,270.34,74393
2026-04-28 14:11:00,270.355,270.44,270.05,270.235,75819
2026-04-28 14:12:00,270.24,270.29,270.01,270.11,51512
2026-04-28 14:13:00,270.15,270.2616,270.11,270.12,37301
2026-04-28 14:14:00,270.12,270.3,269.98,270.295,82526
2026-04-28 14:15:00,270.33,270.47,270.25,270.42,46950
2026-04-28 14:16:00,270.4,270.73,270.37,270.63,234963
2026-04-28 14:17:00,270.63,270.645,270.45,270.61,58850
2026-04-28 14:18:00,270.565,270.67,270.49,270.64,100583
2026-04-28 14:19:00,270.6001,270.77,270.55,270.72,67659
2026-04-28 14:20:00,270.71,270.7756,270.531,270.625,57303
2026-04-28 14:21:00,270.63,270.6601,270.5,270.59,82846
2026-04-28 14:22:00,270.5885,270.845,270.5885,270.8101,70490
2026-04-28 14:23:00,270.83,270.905,270.7201,270.8499,69978
2026-04-28 14:24:00,270.825,270.825,270.551,270.79,94664
2026-04-28 14:25:00,270.77,270.935,270.73,270.785,80549
2026-04-28 14:26:00,270.72,270.73,270.64,270.705,63378
2026-04-28 14:27:00,270.72,271.095,270.72,271.095,207494
2026-04-28 14:28:00,271.09,271.28,271.0,271.275,115361
2026-04-28 14:29:00,271.275,271.4,271.215,271.2799,226653
2026-04-28 14:30:00,271.28,271.4,271.2,271.4,113470
2026-04-28 14:31:00,271.4,271.65,271.37,271.635,105070
2026-04-28 14:32:00,271.62,271.654,271.4401,271.48,134662
2026-04-28 14:33:00,271.49,271.49,271.32,271.3999,73060
2026-04-28 14:34:00,271.43,271.52,271.33,271.445,133973
2026-04-28 14:35:00,271.41,271.53,271.2,271.24,192150
2026-04-28 14:36:00,271.2,271.27,270.9704,271.2,118358
2026-04-28 14:37:00,271.2,271.22,270.79,270.92,113912
2026-04-28 14:38:00,270.89,270.915,270.642,270.82,83267
2026-04-28 14:39:00,270.835,271.06,270.74,271.06,100230
2026-04-28 14:40:00,271.015,271.02,270.81,270.97,80080
2026-04-28 14:41:00,270.97,271.33,270.965,271.22,130181
2026-04-28 14:42:00,271.2386,271.32,271.09,271.1349,82379
2026-04-28 14:43:00,271.14,271.315,271.057,271.2,72260
2026-04-28 14:44:00,271.21,271.315,271.0804,271.235,68116
2026-04-28 14:45:00,271.255,271.53,271.25,271.53,96161
2026-04-28 14:46:00,271.515,271.55,271.41,271.4799,77249
2026-04-28 14:47:00,271.46,271.53,271.29,271.53,103536
2026-04-28 14:48:00,271.4784,271.7495,271.37,271.68,83973
2026-04-28 14:49:00,271.6896,271.69,271.3,271.39,94488
2026-04-28 14:50:00,271.37,271.485,271.215,271.285,96120
2026-04-28 14:51:00,271.3,271.48,271.28,271.43,121172
2026-04-28 14:52:00,271.43,271.48,271.36,271.45,76869
2026-04-28 14:53:00,271.48,271.48,271.14,271.24,84964
2026-04-28 14:54:00,271.24,271.54,271.23,271.485,104497
2026-04-28 14:55:00,271.485,271.485,271.15,271.21,117179
2026-04-28 14:56:00,271.23,271.23,270.93,271.06,105761
2026-04-28 14:57:00,271.03,271.17,270.98,271.0901,85705
2026-04-28 14:58:00,271.08,271.14,270.92,271.1,48703
2026-04-28 14:59:00,271.095,271.1895,271.015,271.13,77731
2026-04-28 15:00:00,271.17,271.54,271.085,271.54,109500
2026-04-28 15:01:00,271.5299,271.585,271.37,271.38,77109
2026-04-28 15:02:00,271.425,271.68,271.425,271.5,100721
2026-04-28 15:03:00,271.5,271.5,271.24,271.38,70233
2026-04-28 15:04:00,271.38,271.54,271.3701,271.54,47011
2026-04-28 15:05:00,271.525,271.83,271.525,271.7,225791
2026-04-28 15:06:00,271.7,271.83,271.615,271.65,79873
2026-04-28 15:07:00,271.66,271.66,271.37,271.5701,90981
2026-04-28 15:08:00,271.59,271.79,271.58,271.7169,66049
2026-04-28 15:09:00,271.72,271.765,271.63,271.6502,72990
2026-04-28 15:10:00,271.68,271.75,271.59,271.7,74804
2026-04-28 15:11:00,271.7,271.74,271.46,271.685,199948
2026-04-28 15:12:00,271.7,271.7,271.22,271.27,108568
2026-04-28 15:13:00,271.24,271.54,271.2107,271.5199,59218
2026-04-28 15:14:00,271.5,271.56,271.4,271.555,43004
2026-04-28 15:15:00,271.54,271.6,271.365,271.365,49485
2026-04-28 15:16:00,271.345,271.39,271.06,271.19,111634
2026-04-28 15:17:00,271.155,271.17,271.0401,271.1501,68641
2026-04-28 15:18:00,271.14,271.25,271.05,271.05,38531
2026-04-28 15:19:00,271.0375,271.1199,270.925,270.975,52726
2026-04-28 15:20:00,270.99,271.06,270.9408,270.995,37516
2026-04-28 15:21:00,271.0,271.04,270.8106,270.813,76458
2026-04-28 15:22:00,270.83,271.02,270.82,271.0,48079
2026-04-28 15:23:00,270.9966,270.9966,270.7601,270.9101,66307
2026-04-28 15:24:00,270.9,271.26,270.8901,271.22,85516
2026-04-28 15:25:00,271.21,271.24,270.82,270.83,56899
2026-04-28 15:26:00,270.84,270.85,270.72,270.785,55862
2026-04-28 15:27:00,270.77,270.785,270.56,270.57,53993
2026-04-28 15:28:00,270.57,270.67,270.49,270.5001,56589
2026-04-28 15:29:00,270.5,270.54,270.29,270.325,81543
2026-04-28 15:30:00,270.325,270.51,270.325,270.42,46978
2026-04-28 15:31:00,270.43,270.44,270.2,270.225,46117
2026-04-28 15:32:00,270.24,270.475,270.21,270.475,49262
2026-04-28 15:33:00,270.475,270.565,270.45,270.485,44184
2026-04-28 15:34:00,270.49,270.505,270.21,270.23,42764
2026-04-28 15:35:00,270.2003,270.3798,270.16,270.2501,39886
2026-04-28 15:36:00,270.225,270.225,269.96,269.995,58198
2026-04-28 15:37:00,270.015,270.2098,270.015,270.205,40693
2026-04-28 15:38:00,270.23,270.2464,270.08,270.12,30378
2026-04-28 15:39:00,270.11,270.2399,270.1,270.17,69171
2026-04-28 15:40:00,270.16,270.37,270.11,270.35,37121
2026-04-28 15:41:00,270.34,270.39,270.235,270.24,557421
2026-04-28 15:42:00,270.2,270.2,270.07,270.16,27304
2026-04-28 15:43:00,270.12,270.18,270.11,270.14,24628
2026-04-28 15:44:00,270.11,270.11,269.89,269.93,45653
2026-04-28 15:45:00,269.93,270.1499,269.9001,270.05,43069
2026-04-28 15:46:00,270.025,270.1099,269.93,270.03,24680
2026-04-28 15:47:00,270.03,270.14,270.01,270.08,37086
2026-04-28 15:48:00,270.05,270.06,269.8509,269.87,36792
2026-04-28 15:49:00,269.875,269.875,269.75,269.7901,74785
2026-04-28 15:50:00,269.8,269.81,269.72,269.745,29900
2026-04-28 15:51:00,269.7499,269.895,269.6747,269.695,48238
2026-04-28 15:52:00,269.71,269.79,269.695,269.715,30221
2026-04-28 15:53:00,269.7201,269.7292,269.61,269.65,46428
2026-04-28 15:54:00,269.63,269.685,269.48,269.685,77165
2026-04-28 15:55:00,269.67,269.7499,269.6501,269.67,21914
2026-04-28 15:56:00,269.685,269.69,269.58,269.6399,39672
2026-04-28 15:57:00,269.64,269.72,269.54,269.63,50368
2026-04-28 15:58:00,269.6193,269.7143,269.61,269.66,23116
2026-04-28 15:59:00,269.66,269.69,269.585,269.64,22861
2026-04-28 16:00:00,269.665,269.8,269.665,269.755,32626
2026-04-28 16:01:00,269.76,269.92,269.76,269.88,35645
2026-04-28 16:02:00,269.885,269.93,269.855,269.885,56213
2026-04-28 16:03:00,269.89,269.99,269.843,269.99,43416
2026-04-28 16:04:00,269.985,270.05,269.95,269.995,61423
2026-04-28 16:05:00,269.99,270.0,269.88,269.885,36168
2026-04-28 16:06:00,269.8899,270.115,269.8501,270.11,38102
2026-04-28 16:07:00,270.095,270.17,270.06,270.125,27516
2026-04-28 16:08:00,270.13,270.14,270.02,270.02,33462
2026-04-28 16:09:00,270.01,270.05,269.94,269.94,25111
2026-04-28 16:10:00,269.945,269.95,269.815,269.85,29478
2026-04-28 16:11:00,269.85,269.89,269.82,269.88,21469
2026-04-28 16:12:00,269.885,269.965,269.86,269.895,17890
2026-04-28 16:13:00,269.9,269.94,269.875,269.88,13007
2026-04-28 16:14:00,269.89,269.9454,269.87,269.87,33248
2026-04-28 16:15:00,269.87,269.87,269.735,269.74,35163
2026-04-28 16:16:00,269.745,269.7782,269.68,269.7002,27548
2026-04-28 16:17:00,269.7,269.73,269.64,269.71,29223
2026-04-28 16:18:00,269.675,269.76,269.675,269.7151,15531
2026-04-28 16:19:00,269.72,269.73,269.63,269.67,24925
2026-04-28 16:20:00,269.6506,269.7,269.6,269.6,30364
2026-04-28 16:21:00,269.599,269.61,269.48,269.495,88477
2026-04-28 16:22:00,269.51,269.545,269.435,269.4513,19900
2026-04-28 16:23:00,269.46,269.46,269.4,269.42,24229
2026-04-28 16:24:00,269.4398,269.4999,269.3745,269.39,27120
2026-04-28 16:25:00,269.385,269.4622,269.36,269.46,26261
2026-04-28 16:26:00,269.5099,269.5785,269.495,269.55,21578
2026-04-28 16:27:00,269.55,269.6099,269.4301,269.46,27133
2026-04-28 16:28:00,269.4537,269.4537,269.3313,269.425,20445
2026-04-28 16:29:00,269.455,269.52,269.4513,269.516,30489
2026-04-28 16:30:00,269.495,269.59,269.49,269.58,24132
2026-04-28 16:31:00,269.57,269.57,269.48,269.5501,40122
2026-04-28 16:32:00,269.56,269.63,269.49,269.5,30464
2026-04-28 16:33:00,269.525,269.7,269.5,269.67,62132
2026-04-28 16:34:00,269.666,269.675,269.56,269.57,27492
2026-04-28 16:35:00,269.56,269.63,269.49,269.6244,39603
2026-04-28 16:36:00,269.645,269.7399,269.645,269.72,21829
2026-04-28 16:37:00,269.7,269.74,269.67,269.74,16294
2026-04-28 16:38:00,269.75,269.841,269.75,269.76,37973
2026-04-28 16:39:00,269.78,269.8,269.72,269.8,20626
2026-04-28 16:40:00,269.8,269.87,269.8,269.815,30117
2026-04-28 16:41:00,269.82,269.82,269.63,269.64,46410
2026-04-28 16:42:00,269.62,269.65,269.475,269.475,30499
2026-04-28 16:43:00,269.465,269.55,269.4402,269.5,21262
2026-04-28 16:44:00,269.52,269.67,269.52,269.655,38140
2026-04-28 16:45:00,269.665,269.68,269.53,269.65,41095
2026-04-28 16:46:00,269.665,269.8399,269.665,269.825,49256
2026-04-28 16:47:00,269.82,269.86,269.75,269.75,24942
2026-04-28 16:48:00,269.74,269.74,269.62,269.68,29618
2026-04-28 16:49:00,269.67,269.835,269.58,269.815,40437
2026-04-28 16:50:00,269.82,269.965,269.795,269.84,46558
2026-04-28 16:51:00,269.85,269.95,269.83,269.94,28564
2026-04-28 16:52:00,269.97,270.09,269.97,270.09,33172
2026-04-28 16:53:00,270.08,270.11,269.995,269.995,29888
2026-04-28 16:54:00,270.01,270.02,269.919,269.919,20290
2026-04-28 16:55:00,269.945,269.9675,269.88,269.96,21422
2026-04-28 16:56:00,269.94,270.03,269.93,269.98,21620
2026-04-28 16:57:00,269.99,270.08,269.9604,269.9604,32554
2026-04-28 16:58:00,269.97,269.97,269.885,269.91,35809
2026-04-28 16:59:00,269.92,269.94,269.86,269.94,27322
2026-04-28 17:00:00,269.935,270.11,269.92,270.09,79545
2026-04-28 17:01:00,270.085,270.13,270.06,270.11,47266
2026-04-28 17:02:00,270.105,270.13,270.01,270.01,26580
2026-04-28 17:03:00,270.0,270.1,269.99,270.02,24092
2026-04-28 17:04:00,270.01,270.0396,269.975,269.975,19418
2026-04-28 17:05:00,269.9501,270.0099,269.925,269.93,27943
2026-04-28 17:06:00,269.92,269.975,269.84,269.93,57997
2026-04-28 17:07:00,269.93,269.95,269.845,269.85,24660
2026-04-28 17:08:00,269.86,269.89,269.81,269.815,21674
2026-04-28 17:09:00,269.84,269.86,269.72,269.86,39450
2026-04-28 17:10:00,269.835,269.88,269.81,269.81,30808
2026-04-28 17:11:00,269.82,269.83,269.74,269.76,28644
2026-04-28 17:12:00,269.76,269.76,269.64,269.655,34170
2026-04-28 17:13:00,269.6697,269.705,269.64,269.65,21764
2026-04-28 17:14:00,269.6501,269.7,269.64,269.7,20297
2026-04-28 17:15:00,269.7118,269.7499,269.66,269.695,25043
2026-04-28 17:16:00,269.705,269.74,269.595,269.595,22873
2026-04-28 17:17:00,269.6,269.62,269.51,269.58,26100
2026-04-28 17:18:00,269.58,269.7299,269.52,269.71,27554
2026-04-28 17:19:00,269.7001,269.705,269.575,269.595,26364
2026-04-28 17:20:00,269.62,269.695,269.6001,269.67,30533
2026-04-28 17:21:00,269.665,269.76,269.66,269.74,28704
2026-04-28 17:22:00,269.74,269.815,269.7101,269.735,22702
2026-04-28 17:23:00,269.7399,269.74,269.6493,269.6769,14868
2026-04-28 17:24:00,269.677,269.705,269.62,269.69,24503
2026-04-28 17:25:00,269.68,269.76,269.6551,269.74,18189
2026-04-28 17:26:00,269.74,269.76,269.68,269.755,20828
2026-04-28 17:27:00,269.75,269.9,269.73,269.9,34158
2026-04-28 17:28:00,269.91,269.95,269.88,269.92,27640
2026-04-28 17:29:00,269.9299,269.94,269.78,269.87,31221
2026-04-28 17:30:00,269.87,269.9099,269.8402,269.8407,20934
2026-04-28 17:31:00,269.85,269.8599,269.79,269.82,25754
2026-04-28 17:32:00,269.82,269.9299,269.82,269.83,28450
2026-04-28 17:33:00,269.84,269.92,269.83,269.915,15587
2026-04-28 17:34:00,269.9,269.982,269.9,269.955,27405
2026-04-28 17:35:00,269.96,269.99,269.91,269.91,27269
2026-04-28 17:36:00,269.9,269.93,269.8701,269.9,14931
2026-04-28 17:37:00,269.8999,269.9699,269.8902,269.92,24254
2026-04-28 17:38:00,269.925,270.09,269.9,270.07,43355
2026-04-28 17:39:00,270.06,270.0643,269.98,270.001,23714
2026-04-28 17:40:00,270.0,270.11,269.9791,270.08,25912
2026-04-28 17:41:00,270.08,270.1,270.04,270.085,19964
2026-04-28 17:42:00,270.0701,270.12,269.9932,270.01,24922
2026-04-28 17:43:00,269.99,270.03,269.9701,270.025,16429
2026-04-28 17:44:00,270.02,270.09,270.01,270.07,22425
2026-04-28 17:45:00,270.07,270.18,270.0502,270.165,37476
2026-04-28 17:46:00,270.16,270.25,270.14,270.16,42118
2026-04-28 17:47:00,270.16,270.415,270.16,270.39,36449
2026-04-28 17:48:00,270.38,270.4199,270.335,270.345,20089
2026-04-28 17:49:00,270.36,270.45,270.28,270.32,55419
2026-04-28 17:50:00,270.315,270.35,270.24,270.25,32912
2026-04-28 17:51:00,270.245,270.36,270.245,270.31,37362
2026-04-28 17:52:00,270.29,270.48,270.27,270.415,48266
2026-04-28 17:53:00,270.4177,270.55,270.41,270.54,37136
2026-04-28 17:54:00,270.5204,270.55,270.5,270.53,24664
2026-04-28 17:55:00,270.54,270.62,270.54,270.61,30860
2026-04-28 17:56:00,270.614,270.6499,270.555,270.555,21199
2026-04-28 17:57:00,270.56,270.61,270.5,270.525,28033
2026-04-28 17:58:00,270.53,270.545,270.5,270.54,22935
2026-04-28 17:59:00,270.5351,270.5691,270.5,270.52,25151
2026-04-28 18:00:00,270.54,270.57,270.27,270.28,96984
2026-04-28 18:01:00,270.31,270.525,270.31,270.43,46211
2026-04-28 18:02:00,270.4,270.47,270.395,270.47,25292
2026-04-28 18:03:00,270.441,270.49,270.33,270.44,40721
2026-04-28 18:04:00,270.46,270.46,270.3,270.395,37158
2026-04-28 18:05:00,270.3801,270.3801,270.275,270.32,37426
2026-04-28 18:06:00,270.33,270.35,270.24,270.281,535083
2026-04-28 18:07:00,270.275,270.29,270.21,270.21,42659
2026-04-28 18:08:00,270.16,270.2148,270.1201,270.16,25757
2026-04-28 18:09:00,270.1301,270.915,270.125,270.38,220009
2026-04-28 18:10:00,270.375,270.4,270.3,270.32,29390
2026-04-28 18:11:00,270.32,270.54,270.32,270.52,59034
2026-04-28 18:12:00,270.52,270.53,270.4475,270.46,29033
2026-04-28 18:13:00,270.46,270.54,270.395,270.53,87386
2026-04-28 18:14:00,270.53,270.6,270.495,270.52,27540
2026-04-28 18:15:00,270.52,270.61,270.475,270.49,31683
2026-04-28 18:16:00,270.48,270.63,270.45,270.63,42126
2026-04-28 18:17:00,270.63,270.69,270.6001,270.63,27366
2026-04-28 18:18:00,270.61,270.625,270.45,270.54,44383
2026-04-28 18:19:00,270.535,270.66,270.535,270.62,26242
2026-04-28 18:20:00,270.63,270.68,270.51,270.51,41107
2026-04-28 18:21:00,270.51,270.605,270.45,270.52,47147
2026-04-28 18:22:00,270.5,270.54,270.465,270.49,30531
2026-04-28 18:23:00,270.49,270.74,270.49,270.6,73691
2026-04-28 18:24:00,270.578,270.625,270.55,270.5901,31811
2026-04-28 18:25:00,270.61,270.69,270.59,270.645,37629
2026-04-28 18:26:00,270.625,270.635,270.5,270.505,30611
2026-04-28 18:27:00,270.505,270.57,270.5,270.57,24968
2026-04-28 18:28:00,270.56,270.56,270.5,270.53,27932
2026-04-28 18:29:00,270.535,270.545,270.48,270.5,47034
2026-04-28 18:30:00,270.5,270.54,270.45,270.48,50959
2026-04-28 18:31:00,270.47,270.52,270.22,270.275,99900
2026-04-28 18:32:00,270.27,270.43,270.19,270.37,46382
2026-04-28 18:33:00,270.37,270.4551,270.34,270.44,38423
2026-04-28 18:34:00,270.42,270.515,270.4,270.5,21147
2026-04-28 18:35:00,270.485,270.505,270.375,270.375,44128
2026-04-28 18:36:00,270.3899,270.45,270.38,270.42,17230
2026-04-28 18:37:00,270.42,270.43,270.38,270.39,22637
2026-04-28 18:38:00,270.4,270.4001,270.3,270.35,29017
2026-04-28 18:39:00,270.32,270.41,270.3126,270.37,44712
2026-04-28 18:40:00,270.37,270.39,270.355,270.38,22606
2026-04-28 18:41:00,270.38,270.39,270.245,270.25,44879
2026-04-28 18:42:00,270.25,270.269,270.18,270.23,34041
2026-04-28 18:43:00,270.22,270.22,270.18,270.2,34887
2026-04-28 18:44:00,270.205,270.395,270.205,270.23,42161
2026-04-28 18:45:00,270.225,270.25,270.18,270.22,34062
2026-04-28 18:46:00,270.215,270.29,270.215,270.23,25552
2026-04-28 18:47:00,270.23,270.24,270.21,270.225,24524
2026-04-28 18:48:00,270.23,270.27,270.2,270.2101,40310
2026-04-28 18:49:00,270.2391,270.26,270.21,270.2101,20817
2026-04-28 18:50:00,270.21,270.2254,270.14,270.18,29233
2026-04-28 18:51:00,270.18,270.26,270.16,270.23,22960
2026-04-28 18:52:00,270.229,270.24,270.12,270.1201,29831
2026-04-28 18:53:00,270.122,270.23,270.115,270.12,35633
2026-04-28 18:54:00,270.115,270.115,270.03,270.065,27963
2026-04-28 18:55:00,270.06,270.06,269.89,269.945,38554
2026-04-28 18:56:00,269.96,270.09,269.94,270.05,63193
2026-04-28 18:57:00,270.02,270.17,270.0101,270.155,62441
2026-04-28 18:58:00,270.15,270.16,270.065,270.065,24103
2026-04-28 18:59:00,270.075,270.098,270.03,270.0601,33918
2026-04-28 19:00:00,270.065,270.135,270.06,270.135,34985
2026-04-28 19:01:00,270.14,270.155,270.07,270.11,26472
2026-04-28 19:02:00,270.11,270.14,270.07,270.09,40361
2026-04-28 19:03:00,270.1099,270.11,270.02,270.1,46869
2026-04-28 19:04:00,270.105,270.14,270.07,270.135,21549
2026-04-28 19:05:00,270.13,270.22,270.08,270.22,36802
2026-04-28 19:06:00,270.21,270.25,270.185,270.21,39291
2026-04-28 19:07:00,270.29,270.34,270.26,270.31,31160
2026-04-28 19:08:00,270.31,270.36,270.26,270.295,31099
2026-04-28 19:09:00,270.295,270.3,270.2,270.225,30216
2026-04-28 19:10:00,270.21,270.265,270.1601,270.265,48654
2026-04-28 19:11:00,270.265,270.35,270.26,270.34,28862
2026-04-28 19:12:00,270.34,270.34,270.29,270.32,40032
2026-04-28 19:13:00,270.32,270.4,270.32,270.3898,29529
2026-04-28 19:14:00,270.38,270.45,270.375,270.45,33822
2026-04-28 19:15:00,270.44,270.54,270.42,270.4845,70788
2026-04-28 19:16:00,270.49,270.58,270.47,270.532,40317
2026-04-28 19:17:00,270.5202,270.57,270.4101,270.4101,48356
2026-04-28 19:18:00,270.43,270.44,270.371,270.4301,51177
2026-04-28 19:19:00,270.44,270.5,270.41,270.46,64735
2026-04-28 19:20:00,270.4401,270.49,270.295,270.49,51475
2026-04-28 19:21:00,270.48,270.57,270.47,270.55,34360
2026-04-28 19:22:00,270.565,270.6032,270.56,270.575,30515
2026-04-28 19:23:00,270.5767,270.63,270.51,270.54,42302
2026-04-28 19:24:00,270.52,270.52,270.355,270.375,39975
2026-04-28 19:25:00,270.375,270.377,270.23,270.27,52434
2026-04-28 19:26:00,270.27,270.3599,270.26,270.32,46252
2026-04-28 19:27:00,270.32,270.33,270.24,270.25,28755
2026-04-28 19:28:00,270.2425,270.25,270.18,270.21,23744
2026-04-28 19:29:00,270.21,270.225,270.125,270.225,49074
2026-04-28 19:30:00,270.23,270.3219,270.21,270.2835,45752
2026-04-28 19:31:00,270.29,270.41,270.25,270.3701,58854
2026-04-28 19:32:00,270.38,270.4,270.17,270.17,34092
2026-04-28 19:33:00,270.16,270.18,270.06,270.08,32876
2026-04-28 19:34:00,270.0898,270.09,270.01,270.03,57867
2026-04-28 19:35:00,270.04,270.09,270.02,270.06,53590
2026-04-28 19:36:00,270.065,270.11,269.995,270.1099,78335
2026-04-28 19:37:00,270.105,270.1801,270.105,270.15,51055
2026-04-28 19:38:00,270.165,270.25,270.165,270.2181,38849
2026-04-28 19:39:00,270.23,270.43,270.2295,270.4201,51635
2026-04-28 19:40:00,270.44,270.575,270.43,270.555,59653
2026-04-28 19:41:00,270.5403,270.575,270.51,270.575,42689
2026-04-28 19:42:00,270.58,270.59,270.39,270.45,53352
2026-04-28 19:43:00,270.43,270.555,270.43,270.52,47310
2026-04-28 19:44:00,270.54,270.575,270.5,270.54,43313
2026-04-28 19:45:00,270.55,270.65,270.53,270.6491,62942
2026-04-28 19:46:00,270.64,270.74,270.64,270.7,74573
2026-04-28 19:47:00,270.7,270.7199,270.63,270.695,93934
2026-04-28 19:48:00,270.685,270.74,270.67,270.7,55983
2026-04-28 19:49:00,270.69,270.72,270.57,270.61,57036
2026-04-28 19:50:00,270.625,270.795,270.62,270.79,108637
2026-04-28 19:51:00,270.81,270.91,270.795,270.9,110116
2026-04-28 19:52:00,270.89,270.945,270.84,270.9,100297
2026-04-28 19:53:00,270.91,270.91,270.62,270.635,127629
2026-04-28 19:54:00,270.63,270.73,270.5009,270.61,154402
2026-04-28 19:55:00,270.6,270.83,270.56,270.82,191178
2026-04-28 19:56:00,270.82,270.82,270.7,270.78,163806
2026-04-28 19:57:00,270.78,270.805,270.6918,270.74,214300
2026-04-28 19:58:00,270.74,270.84,270.7,270.84,293240
2026-04-28 19:59:00,270.83,270.85,270.69,270.76,558246
2026-04-29 13:30:00,267.55,268.04,267.04,267.8599,1117497
2026-04-29 13:31:00,267.79,267.79,267.2,267.42,160189
2026-04-29 13:32:00,267.45,268.11,267.42,268.01,146034
2026-04-29 13:33:00,267.995,268.6499,267.99,268.455,117901
2026-04-29 13:34:00,268.435,268.5,268.0,268.195,100693
2026-04-29 13:35:00,268.12,268.43,267.704,267.76,123460
2026-04-29 13:36:00,267.77,268.02,267.74,268.02,93098
2026-04-29 13:37:00,268.04,268.2799,267.95,268.032,109023
2026-04-29 13:38:00,267.99,268.52,267.97,268.45,80849
2026-04-29 13:39:00,268.42,268.77,268.4125,268.625,80806
2026-04-29 13:40:00,268.6195,268.68,268.44,268.62,62375
2026-04-29 13:41:00,268.6099,268.99,268.59,268.895,93234
2026-04-29 13:42:00,268.905,269.0,268.47,268.625,116351
2026-04-29 13:43:00,268.61,268.81,268.525,268.625,127668
2026-04-29 13:44:00,268.6097,268.69,268.5,268.5001,52102
2026-04-29 13:45:00,268.51,268.86,268.51,268.785,93130
2026-04-29 13:46:00,268.81,269.04,268.7956,268.99,91427
2026-04-29 13:47:00,269.025,269.1588,268.83,268.85,65154
2026-04-29 13:48:00,268.85,269.32,268.695,269.31,72254
2026-04-29 13:49:00,269.34,269.46,269.21,269.345,128839
2026-04-29 13:50:00,269.36,269.56,269.27,269.32,107167
2026-04-29 13:51:00,269.33,269.38,268.93,269.1,115645
2026-04-29 13:52:00,269.11,269.13,268.8758,269.025,50541
2026-04-29 13:53:00,269.0166,269.049,268.78,268.8113,61207
2026-04-29 13:54:00,268.8,269.11,268.79,269.08,51559
2026-04-29 13:55:00,269.12,269.225,269.075,269.19,44370
2026-04-29 13:56:00,269.2,269.21,268.9051,268.93,48187
2026-04-29 13:57:00,268.91,269.075,268.875,268.98,49467
2026-04-29 13:58:00,268.95,269.11,268.8101,268.85,49910
2026-04-29 13:59:00,268.895,269.34,268.895,269.2812,60122
2026-04-29 14:00:00,269.27,269.46,269.22,269.3,103971
2026-04-29 14:01:00,269.31,269.55,269.28,269.455,55735
2026-04-29 14:02:00,269.44,269.6559,269.35,269.655,59777
2026-04-29 14:03:00,269.655,269.655,269.45,269.637,71552
2026-04-29 14:04:00,269.6101,269.97,269.6101,269.84,121206
2026-04-29 14:05:00,269.815,270.0,269.6801,269.98,116470
2026-04-29 14:06:00,269.99,270.3118,269.9801,270.27,138769
2026-04-29 14:07:00,270.27,270.285,269.8701,269.89,67391
2026-04-29 14:08:00,269.88,270.13,269.845,270.09,190386
2026-04-29 14:09:00,270.1,270.14,269.71,269.75,94272
2026-04-29 14:10:00,269.76,269.76,269.579,269.579,62460
2026-04-29 14:11:00,269.585,269.67,269.4799,269.535,50811
2026-04-29 14:12:00,269.545,269.56,269.37,269.405,59338
2026-04-29 14:13:00,269.42,269.4498,269.21,269.21,51694
2026-04-29 14:14:00,269.2001,269.55,269.2,269.505,59659
2026-04-29 14:15:00,269.5216,269.5216,269.4202,269.4301,27273
2026-04-29 14:16:00,269.46,269.46,269.16,269.2699,56044
2026-04-29 14:17:00,269.25,269.385,269.05,269.37,50709
2026-04-29 14:18:00,269.4,269.405,269.25,269.335,48518
2026-04-29 14:19:00,269.37,269.679,269.37,269.64,49502
2026-04-29 14:20:00,269.63,269.64,269.26,269.26,44786
2026-04-29 14:21:00,269.2201,269.36,269.2101,269.2599,30915
2026-04-29 14:22:00,269.27,269.39,269.21,269.375,45574
2026-04-29 14:23:00,269.3899,269.415,269.14,269.14,49777
2026-04-29 14:24:00,269.135,269.1899,269.05,269.155,57498
2026-04-29 14:25:00,269.16,269.24,269.13,269.169,34567
2026-04-29 14:26:00,269.18,269.42,269.16,269.34,50558
2026-04-29 14:27:00,269.33,269.39,269.18,269.23,46183
2026-04-29 14:28:00,269.23,269.2701,269.06,269.16,36702
2026-04-29 14:29:00,269.17,269.4,269.15,269.4,43974
2026-04-29 14:30:00,269.41,269.415,269.1,269.125,42100
2026-04-29 14:31:00,269.1201,269.22,269.0304,269.14,34651
2026-04-29 14:32:00,269.16,269.24,269.135,269.16,35613
2026-04-29 14:33:00,269.165,269.18,269.0601,269.115,52540
2026-04-29 14:34:00,269.12,269.21,269.08,269.21,34114
2026-04-29 14:35:00,269.185,269.365,269.16,269.32,59886
2026-04-29 14:36:00,269.3,269.32,269.11,269.12,39460
2026-04-29 14:37:00,269.135,269.31,269.135,269.28,38706
2026-04-29 14:38:00,269.245,269.33,269.2385,269.33,25348
2026-04-29 14:39:00,269.3354,269.3354,269.22,269.26,28866
2026-04-29 14:40:00,269.265,269.31,269.215,269.255,29702
2026-04-29 14:41:00,269.285,269.4399,269.26,269.42,36752
2026-04-29 14:42:00,269.42,269.42,269.29,269.36,40344
2026-04-29 14:43:00,269.355,269.43,269.23,269.43,34409
2026-04-29 14:44:00,269.435,269.47,269.335,269.39,52891
2026-04-29 14:45:00,269.43,269.66,269.38,269.65,51919
2026-04-29 14:46:00,269.65,269.67,269.5301,269.585,55524
2026-04-29 14:47:00,269.55,269.7099,269.49,269.49,35555
2026-04-29 14:48:00,269.515,269.6099,269.45,269.6099,32675
2026-04-29 14:49:00,269.62,269.6898,269.5501,269.665,28258
2026-04-29 14:50:00,269.6601,269.79,269.6601,269.76,41326
2026-04-29 14:51:00,269.76,269.76,269.66,269.67,29655
2026-04-29 14:52:00,269.6401,269.7099,269.6,269.7,25471
2026-04-29 14:53:00,269.725,269.91,269.71,269.909,50679
2026-04-29 14:54:00,269.9,269.93,269.78,269.91,31725
2026-04-29 14:55:00,269.915,269.93,269.73,269.741,21047
2026-04-29 14:56:00,269.74,269.74,269.43,269.44,43796
2026-04-29 14:57:00,269.44,269.5185,269.423,269.48,27190
2026-04-29 14:58:00,269.495,269.5,269.28,269.31,56656
2026-04-29 14:59:00,269.31,269.3497,269.29,269.32,31656
2026-04-29 15:00:00,269.305,269.36,269.26,269.27,42376
2026-04-29 15:01:00,269.28,269.42,269.2133,269.32,38769
2026-04-29 15:02:00,269.315,269.3399,269.07,269.095,43854
2026-04-29 15:03:00,269.1,269.1,268.84,268.89,56467
2026-04-29 15:04:00,268.9,269.1,268.86,269.04,52811
2026-04-29 15:05:00,269.025,269.1,268.9,268.94,51942
2026-04-29 15:06:00,268.96,269.16,268.96,269.15,43001
2026-04-29 15:07:00,269.16,269.2599,269.0709,269.165,59389
2026-04-29 15:08:00,269.13,269.3,269.12,269.23,36185
2026-04-29 15:09:00,269.235,269.26,269.155,269.2,33077
2026-04-29 15:10:00,269.2,269.26,269.11,269.2099,40244
2026-04-29 15:11:00,269.16,269.2201,269.1,269.21,44330
2026-04-29 15:12:00,269.2,269.3,269.115,269.115,33288
2026-04-29 15:13:00,269.12,269.185,269.0,269.15,99421
2026-04-29 15:14:00,269.145,269.145,268.91,268.915,37710
2026-04-29 15:15:00,268.92,269.1,268.8903,269.0813,54452
2026-04-29 15:16:00,269.0864,269.14,269.02,269.0801,32090
2026-04-29 15:17:00,269.07,269.075,268.92,269.055,47257
2026-04-29 15:18:00,269.07,269.08,268.94,268.975,35440
2026-04-29 15:19:00,268.95,268.95,268.85,268.875,33836
2026-04-29 15:20:00,268.85,268.85,268.73,268.77,41974
2026-04-29 15:21:00,268.78,268.906,268.775,268.825,41852
2026-04-29 15:22:00,268.83,268.885,268.82,268.87,41400
2026-04-29 15:23:00,268.86,269.065,268.86,268.945,39713
2026-04-29 15:24:00,268.96,269.01,268.94,268.96,25798
2026-04-29 15:25:00,268.95,269.02,268.95,268.99,24607
2026-04-29 15:26:00,269.0,269.0,268.845,268.87,31602
2026-04-29 15:27:00,268.86,268.97,268.86,268.955,40663
2026-04-29 15:28:00,268.96,268.9801,268.8978,268.96,50902
2026-04-29 15:29:00,268.975,269.03,268.83,268.84,41953
2026-04-29 15:30:00,268.8245,268.915,268.81,268.81,32885
2026-04-29 15:31:00,268.82,268.8813,268.74,268.855,56652
2026-04-29 15:32:00,268.86,268.86,268.72,268.72,56429
2026-04-29 15:33:00,268.71,268.71,268.61,268.64,54532
2026-04-29 15:34:00,268.645,268.78,268.6003,268.7751,42032
2026-04-29 15:35:00,268.79,268.98,268.76,268.9524,89356
2026-04-29 15:36:00,268.97,269.01,268.9176,268.9176,40599
2026-04-29 15:37:00,268.935,269.0902,268.92,269.05,50477
2026-04-29 15:38:00,269.055,269.15,269.05,269.085,32340
2026-04-29 15:39:00,269.06,269.09,268.98,269.07,39827
2026-04-29 15:40:00,269.09,269.18,269.075,269.075,27548
2026-04-29 15:41:00,269.06,269.1,269.04,269.1,28152
2026-04-29 15:42:00,269.085,269.255,269.085,269.239,33722
2026-04-29 15:43:00,269.26,269.2701,269.07,269.07,34554
2026-04-29 15:44:00,269.08,269.16,269.01,269.035,58452
2026-04-29 15:45:00,269.08,269.22,269.03,269.21,45185
2026-04-29 15:46:00,269.21,269.26,269.1,269.13,25324
2026-04-29 15:47:00,269.14,269.17,268.85,268.99,116941
2026-04-29 15:48:00,269.0201,269.17,268.93,268.98,64929
2026-04-29 15:49:00,268.9701,269.0,268.782,268.795,27807
2026-04-29 15:50:00,268.81,268.855,268.715,268.76,46124
2026-04-29 15:51:00,268.76,268.84,268.49,268.641,132870
2026-04-29 15:52:00,268.68,268.73,268.4501,268.66,41813
2026-04-29 15:53:00,268.69,268.69,268.25,268.32,54654
2026-04-29 15:54:00,268.31,268.49,268.2,268.42,89798
2026-04-29 15:55:00,268.46,268.57,268.441,268.56,50508
2026-04-29 15:56:00,268.56,268.58,268.385,268.565,33538
2026-04-29 15:57:00,268.57,268.59,268.515,268.52,27932
2026-04-29 15:58:00,268.52,268.7,268.52,268.68,32457
2026-04-29 15:59:00,268.68,268.69,268.55,268.63,30295
2026-04-29 16:00:00,268.65,268.75,268.6207,268.74,20670
2026-04-29 16:01:00,268.76,268.92,268.7001,268.8951,29837
2026-04-29 16:02:00,268.895,268.985,268.855,268.98,38206
2026-04-29 16:03:00,268.99,269.0998,268.985,269.065,35689
2026-04-29 16:04:00,269.05,269.0736,269.0224,269.035,23181
2026-04-29 16:05:00,269.035,269.035,268.925,268.925,30070
2026-04-29 16:06:00,268.91,269.0,268.91,268.93,21444
2026-04-29 16:07:00,268.94,268.965,268.8901,268.965,41822
2026-04-29 16:08:00,268.97,268.99,268.92,268.98,15116
2026-04-29 16:09:00,268.96,268.97,268.72,268.72,34909
2026-04-29 16:10:00,268.7232,268.94,268.7,268.89,27735
2026-04-29 16:11:00,268.88,268.902,268.82,268.875,47319
2026-04-29 16:12:00,268.87,269.06,268.84,269.06,38494
2026-04-29 16:13:00,269.06,269.09,269.015,269.07,18750
2026-04-29 16:14:00,269.07,269.07,268.985,269.005,23362
2026-04-29 16:15:00,268.99,269.09,268.96,268.995,19040
2026-04-29 16:16:00,269.0,269.07,268.965,268.965,22842
2026-04-29 16:17:00,268.98,268.984,268.82,268.8401,15739
2026-04-29 16:18:00,268.84,268.84,268.7201,268.77,29427
2026-04-29 16:19:00,268.78,268.82,268.72,268.76,43722
2026-04-29 16:20:00,268.74,268.86,268.74,268.76,28020
2026-04-29 16:21:00,268.81,268.89,268.81,268.885,15867
2026-04-29 16:22:00,268.88,269.04,268.87,269.02,26495
2026-04-29 16:23:00,269.01,269.26,269.01,269.255,59428
2026-04-29 16:24:00,269.26,270.1466,269.243,269.755,294968
2026-04-29 16:25:00,269.75,269.85,269.58,269.7,95245
2026-04-29 16:26:00,269.7,269.89,269.675,269.89,82620
2026-04-29 16:27:00,269.89,269.93,269.66,269.695,59410
2026-04-29 16:28:00,269.71,269.735,269.48,269.525,56181
2026-04-29 16:29:00,269.52,269.825,269.5,269.825,71936
2026-04-29 16:30:00,269.83,269.94,269.75,269.9253,42716
2026-04-29 16:31:00,269.915,269.99,269.8701,269.9551,48741
2026-04-29 16:32:00,269.93,270.02,269.87,269.95,52494
2026-04-29 16:33:00,270.005,270.089,269.89,270.085,49551
2026-04-29 16:34:00,270.085,270.15,269.95,269.96,54276
2026-04-29 16:35:00,269.955,269.97,269.78,269.785,42443
2026-04-29 16:36:00,269.81,269.9,269.765,269.9,25628
2026-04-29 16:37:00,269.89,270.11,269.89,269.975,46128
2026-04-29 16:38:00,269.975,270.02,269.9051,269.9051,27449
2026-04-29 16:39:00,269.89,269.95,269.855,269.9485,26465
2026-04-29 16:40:00,269.95,270.09,269.925,269.96,30266
2026-04-29 16:41:00,269.94,269.95,269.8701,269.935,23997
2026-04-29 16:42:00,269.93,270.13,269.93,270.07,26665
2026-04-29 16:43:00,270.06,270.2,270.05,270.2,56007
2026-04-29 16:44:00,270.21,270.2299,270.16,270.2,31505
2026-04-29 16:45:00,270.2002,270.22,270.1101,270.185,32936
2026-04-29 16:46:00,270.2,270.2242,270.1425,270.16,39129
2026-04-29 16:47:00,270.18,270.24,270.1309,270.17,27905
2026-04-29 16:48:00,270.1601,270.37,270.09,270.3634,39162
2026-04-29 16:49:00,270.38,270.5,270.3519,270.49,35006
2026-04-29 16:50:00,270.49,270.5,270.35,270.49,40837
2026-04-29 16:51:00,270.49,270.56,270.435,270.56,42694
2026-04-29 16:52:00,270.5501,270.635,270.46,270.625,72640
2026-04-29 16:53:00,270.62,270.8,270.61,270.67,47247
2026-04-29 16:54:00,270.66,270.85,270.6396,270.8,62103
2026-04-29 16:55:00,270.785,270.87,270.65,270.65,81400
2026-04-29 16:56:00,270.6551,270.89,270.625,270.89,49882
2026-04-29 16:57:00,270.86,271.04,270.86,270.87,95800
2026-04-29 16:58:00,270.865,270.985,270.7701,270.985,43290
2026-04-29 16:59:00,270.9854,271.0,270.869,270.95,30142
2026-04-29 17:00:00,270.97,270.98,270.61,270.62,50454
2026-04-29 17:01:00,270.62,270.67,270.52,270.52,47439
2026-04-29 17:02:00,270.51,270.55,270.3001,270.36,48386
2026-04-29 17:03:00,270.35,270.415,270.305,270.32,29543
2026-04-29 17:04:00,270.315,270.44,270.305,270.33,21335
2026-04-29 17:05:00,270.36,270.505,270.29,270.495,20640
2026-04-29 17:06:00,270.5,270.6781,270.49,270.67,33381
2026-04-29 17:07:00,270.67,270.685,270.52,270.525,17877
2026-04-29 17:08:00,270.5111,270.565,270.4001,270.435,19907
2026-04-29 17:09:00,270.4281,270.45,270.35,270.37,16769
2026-04-29 17:10:00,270.385,270.4,270.305,270.3645,20776
2026-04-29 17:11:00,270.37,270.37,270.23,270.245,23353
2026-04-29 17:12:00,270.245,270.3,270.22,270.3,14575
2026-04-29 17:13:00,270.3,270.3,270.21,270.23,21932
2026-04-29 17:14:00,270.22,270.235,270.11,270.135,25023
2026-04-29 17:15:00,270.135,270.15,270.05,270.105,39794
2026-04-29 17:16:00,270.105,270.105,270.02,270.05,39951
2026-04-29 17:17:00,270.06,270.14,270.03,270.07,19026
2026-04-29 17:18:00,270.097,270.097,270.035,270.05,12724
2026-04-29 17:19:00,270.02,270.05,269.98,270.005,33129
2026-04-29 17:20:00,270.02,270.24,270.0,270.06,40769
2026-04-29 17:21:00,270.03,270.158,269.99,270.13,46247
2026-04-29 17:22:00,270.15,270.18,270.12,270.13,16318
2026-04-29 17:23:00,270.11,270.17,270.01,270.04,44041
2026-04-29 17:24:00,270.03,270.08,269.91,270.0633,19007
2026-04-29 17:25:00,270.095,270.15,270.05,270.14,22004
2026-04-29 17:26:00,270.14,270.2099,270.13,270.17,33914
2026-04-29 17:27:00,270.17,270.18,270.11,270.11,15471
2026-04-29 17:28:00,270.115,270.14,270.055,270.105,27345
2026-04-29 17:29:00,270.12,270.2,270.085,270.2,17984
2026-04-29 17:30:00,270.21,270.255,270.14,270.18,25114
2026-04-29 17:31:00,270.19,270.34,270.1401,270.21,25295
2026-04-29 17:32:00,270.18,270.36,270.175,270.3499,18967
2026-04-29 17:33:00,270.3301,270.41,270.31,270.41,21154
2026-04-29 17:34:00,270.45,270.465,270.3401,270.38,31743
2026-04-29 17:35:00,270.385,270.41,270.34,270.37,23840
2026-04-29 17:36:00,270.39,270.45,270.39,270.44,14639
2026-04-29 17:37:00,270.45,270.453,270.4,270.415,14614
2026-04-29 17:38:00,270.43,270.5399,270.43,270.5399,22123
2026-04-29 17:39:00,270.53,270.53,270.36,270.399,44698
2026-04-29 17:40:00,270.4,270.475,270.385,270.385,18499
2026-04-29 17:41:00,270.39,270.43,270.3,270.4051,39303
2026-04-29 17:42:00,270.4051,270.4051,270.315,270.33,17525
2026-04-29 17:43:00,270.3249,270.36,270.295,270.36,22523
2026-04-29 17:44:00,270.36,270.3799,270.33,270.36,13419
2026-04-29 17:45:00,270.36,270.36,270.2501,270.295,16291
2026-04-29 17:46:00,270.29,270.33,270.27,270.28,16524
2026-04-29 17:47:00,270.2501,270.31,270.25,270.31,19505
2026-04-29 17:48:00,270.32,270.45,270.3,270.3,34959
2026-04-29 17:49:00,270.35,270.415,270.27,270.4,32604
2026-04-29 17:50:00,270.39,270.55,270.33,270.55,44836
2026-04-29 17:51:00,270.54,270.59,270.46,270.475,20321
2026-04-29 17:52:00,270.465,270.48,270.41,270.42,13329
2026-04-29 17:53:00,270.42,270.43,270.335,270.3351,33658
2026-04-29 17:54:00,270.35,270.37,270.295,270.34,34489
2026-04-29 17:55:00,270.35,270.35,270.27,270.31,16219
2026-04-29 17:56:00,270.32,270.42,270.22,270.23,38795
2026-04-29 17:57:00,270.21,270.25,270.13,270.23,33863
2026-04-29 17:58:00,270.24,270.32,270.2291,270.23,21976
2026-04-29 17:59:00,270.23,270.23,270.115,270.17,16645
2026-04-29 18:00:00,270.21,270.22,269.92,270.03,48564
2026-04-29 18:01:00,270.04,270.12,269.999,270.045,32675
2026-04-29 18:02:00,270.055,270.06,269.88,269.88,17728
2026-04-29 18:03:00,269.88,269.88,269.76,269.84,30813
2026-04-29 18:04:00,269.845,269.8888,269.8,269.81,30842
2026-04-29 18:05:00,269.84,269.86,269.7501,269.79,25528
2026-04-29 18:06:00,269.78,269.87,269.78,269.86,22147
2026-04-29 18:07:00,269.855,269.96,269.775,269.81,42252
2026-04-29 18:08:00,269.81,269.81,269.6714,269.69,37981
2026-04-29 18:09:00,269.67,269.79,269.64,269.7698,30645
2026-04-29 18:10:00,269.75,269.886,269.68,269.875,43262
2026-04-29 18:11:00,269.89,269.9722,269.805,269.805,30628
2026-04-29 18:12:00,269.79,269.88,269.7601,269.84,26976
2026-04-29 18:13:00,269.8499,270.11,269.785,270.085,68381
2026-04-29 18:14:00,270.09,270.0999,270.04,270.04,22324
2026-04-29 18:15:00,270.02,270.07,269.92,270.0599,31039
2026-04-29 18:16:00,270.04,270.245,270.03,270.21,27266
2026-04-29 18:17:00,270.2,270.26,270.1719,270.21,18784
2026-04-29 18:18:00,270.2,270.21,270.12,270.15,24697
2026-04-29 18:19:00,270.14,270.15,270.02,270.04,20059
2026-04-29 18:20:00,270.04,270.215,270.035,270.215,23159
2026-04-29 18:21:00,270.22,270.23,270.1601,270.18,17674
2026-04-29 18:22:00,270.15,270.18,270.03,270.03,19497
2026-04-29 18:23:00,270.035,270.08,269.911,269.915,30105
2026-04-29 18:24:00,269.93,269.96,269.875,269.89,27526
2026-04-29 18:25:00,269.8951,269.8951,269.75,269.77,27821
2026-04-29 18:26:00,269.78,269.82,269.74,269.8,29312
2026-04-29 18:27:00,269.79,269.885,269.76,269.835,20788
2026-04-29 18:28:00,269.8,269.83,269.776,269.8,44165
2026-04-29 18:29:00,269.815,269.845,269.73,269.74,23645
2026-04-29 18:30:00,269.735,269.735,269.66,269.69,29453
2026-04-29 18:31:00,269.65,269.81,269.64,269.7,38993
2026-04-29 18:32:00,269.68,269.77,269.6372,269.77,22007
2026-04-29 18:33:00,269.825,269.91,269.825,269.855,24529
2026-04-29 18:34:00,269.855,269.86,269.755,269.83,22681
2026-04-29 18:35:00,269.81,270.03,269.8,269.9,47494
2026-04-29 18:36:00,269.91,270.2,269.91,269.97,37068
2026-04-29 18:37:00,269.965,269.965,269.65,269.86,65844
2026-04-29 18:38:00,269.875,269.92,269.74,269.7651,21967
2026-04-29 18:39:00,269.78,269.79,269.7,269.7401,23774
2026-04-29 18:40:00,269.74,269.8,269.65,269.775,31765
2026-04-29 18:41:00,269.765,269.78,269.63,269.635,25131
2026-04-29 18:42:00,269.62,269.715,269.5706,269.685,25173
2026-04-29 18:43:00,269.665,269.665,269.56,269.605,22845
2026-04-29 18:44:00,269.615,269.65,269.487,269.5098,38268
2026-04-29 18:45:00,269.52,269.54,269.4,269.54,40548
2026-04-29 18:46:00,269.55,269.59,269.37,269.51,25476
2026-04-29 18:47:00,269.51,269.8,269.48,269.78,50435
2026-04-29 18:48:00,269.795,269.8451,269.73,269.8,34494
2026-04-29 18:49:00,269.77,269.895,269.7585,269.83,33404
2026-04-29 18:50:00,269.83,269.96,269.83,269.9,28588
2026-04-29 18:51:00,269.9,269.96,269.805,269.805,22450
2026-04-29 18:52:00,269.79,269.855,269.76,269.79,24345
2026-04-29 18:53:00,269.8,269.83,269.7,269.81,31464
2026-04-29 18:54:00,269.775,269.85,269.77,269.835,18586
2026-04-29 18:55:00,269.84,270.0,269.84,269.91,26963
2026-04-29 18:56:00,269.905,269.93,269.7701,269.78,24031
2026-04-29 18:57:00,269.76,269.93,269.755,269.88,54272
2026-04-29 18:58:00,269.875,270.01,269.86,269.98,30085
2026-04-29 18:59:00,269.995,270.085,269.9231,270.075,28198
2026-04-29 19:00:00,270.07,270.24,270.07,270.19,41315
2026-04-29 19:01:00,270.17,270.2399,270.125,270.21,21581
2026-04-29 19:02:00,270.1901,270.22,270.11,270.15,20801
2026-04-29 19:03:00,270.15,270.24,270.14,270.24,21090
2026-04-29 19:04:00,270.24,270.31,270.21,270.21,26027
2026-04-29 19:05:00,270.21,270.23,270.15,270.17,29903
2026-04-29 19:06:00,270.18,270.3,270.18,270.2401,37491
2026-04-29 19:07:00,270.24,270.29,270.2238,270.2601,28742
2026-04-29 19:08:00,270.26,270.34,270.2101,270.29,49187
2026-04-29 19:09:00,270.28,270.3,270.22,270.24,20505
2026-04-29 19:10:00,270.25,270.44,270.2,270.43,44131
2026-04-29 19:11:00,270.41,270.445,270.29,270.3099,40263
2026-04-29 19:12:00,270.29,270.38,270.27,270.34,31840
2026-04-29 19:13:00,270.33,270.37,270.285,270.3,26638
2026-04-29 19:14:00,270.3,270.32,270.23,270.26,70022
2026-04-29 19:15:00,270.26,270.37,270.26,270.31,32881
2026-04-29 19:16:00,270.29,270.3199,270.21,270.285,26529
2026-04-29 19:17:00,270.28,270.31,270.2001,270.215,24679
2026-04-29 19:18:00,270.21,270.31,270.2001,270.27,26830
2026-04-29 19:19:00,270.265,270.28,270.2011,270.25,24214
2026-04-29 19:20:00,270.26,270.365,270.2374,270.34,27301
2026-04-29 19:21:00,270.3399,270.34,270.195,270.22,35734
2026-04-29 19:22:00,270.22,270.235,270.14,270.15,19183
2026-04-29 19:23:00,270.145,270.1601,270.105,270.12,36483
2026-04-29 19:24:00,270.12,270.21,270.11,270.205,33063
2026-04-29 19:25:00,270.2201,270.31,270.2201,270.26,25112
2026-04-29 19:26:00,270.195,270.2491,270.15,270.15,29581
2026-04-29 19:27:00,270.15,270.221,270.15,270.22,35867
2026-04-29 19:28:00,270.23,270.25,270.19,270.2185,19076
2026-04-29 19:29:00,270.2,270.28,270.18,270.28,30772
2026-04-29 19:30:00,270.27,270.36,270.1125,270.12,47701
2026-04-29 19:31:00,270.12,270.165,270.06,270.07,38116
2026-04-29 19:32:00,270.02,270.04,269.883,269.92,45329
2026-04-29 19:33:00,269.9,269.9,269.775,269.867,38179
2026-04-29 19:34:00,269.845,269.89,269.82,269.875,37846
2026-04-29 19:35:00,269.88,269.93,269.85,269.92,45370
2026-04-29 19:36:00,269.92,269.995,269.86,269.88,50157
2026-04-29 19:37:00,269.89,270.1,269.89,270.005,30586
2026-04-29 19:38:00,270.005,270.1,270.005,270.05,34868
2026-04-29 19:39:00,270.06,270.08,269.935,269.95,58613
2026-04-29 19:40:00,269.95,269.99,269.76,269.77,69588
2026-04-29 19:41:00,269.77,269.845,269.71,269.845,70474
2026-04-29 19:42:00,269.845,269.95,269.76,269.93,53904
2026-04-29 19:43:00,269.93,269.97,269.88,269.9099,43273
2026-04-29 19:44:00,269.91,269.91,269.83,269.86,51717
2026-04-29 19:45:00,269.84,269.87,269.76,269.863,68295
2026-04-29 19:46:00,269.87,269.88,269.77,269.79,28313
2026-04-29 19:47:00,269.78,269.9,269.77,269.81,50769
2026-04-29 19:48:00,269.81,269.835,269.745,269.815,56322
2026-04-29 19:49:00,269.81,269.9,269.8,269.8,72555
2026-04-29 19:50:00,269.71,269.84,269.61,269.74,96238
2026-04-29 19:51:00,269.73,269.82,269.635,269.71,104085
2026-04-29 19:52:00,269.7,269.8001,269.69,269.8,68436
2026-04-29 19:53:00,269.81,269.98,269.81,269.89,121689
2026-04-29 19:54:00,269.9,270.09,269.84,269.97,123399
2026-04-29 19:55:00,269.986,270.027,269.75,269.9799,181177
2026-04-29 19:56:00,269.97,270.05,269.94,270.035,160485
2026-04-29 19:57:00,270.04,270.16,269.91,270.1,204421
2026-04-29 19:58:00,270.09,270.0932,269.85,269.88,273615
2026-04-29 19:59:00,269.87,270.33,269.845,270.19,731958
