datetime,open,high,low,close,volume
2026-04-23 15:30:00,339.08,339.3126,339.08,339.27,0
2026-04-23 15:31:00,339.195,339.24,339.09,339.225,13428
2026-04-23 15:32:00,339.2,339.32,339.06,339.32,23883
2026-04-23 15:33:00,339.31,339.33,339.0,339.01,24017
2026-04-23 15:34:00,339.01,339.07,338.913,338.96,15705
2026-04-23 15:35:00,338.9,338.9,338.7,338.7,13951
2026-04-23 15:36:00,338.66,338.74,338.575,338.685,22968
2026-04-23 15:37:00,338.6599,338.665,338.485,338.485,15033
2026-04-23 15:38:00,338.4701,338.54,338.435,338.455,20477
2026-04-23 15:39:00,338.4487,338.4487,338.2,338.31,33047
2026-04-23 15:40:00,338.285,338.31,338.18,338.2185,21579
2026-04-23 15:41:00,338.22,338.44,338.22,338.35,21624
2026-04-23 15:42:00,338.38,338.38,338.1781,338.18,9449
2026-04-23 15:43:00,338.23,338.375,338.22,338.26,13660
2026-04-23 15:44:00,338.24,338.3499,338.16,338.245,21573
2026-04-23 15:45:00,338.24,338.24,338.0,338.09,20204
2026-04-23 15:46:00,338.07,338.12,337.97,338.12,20599
2026-04-23 15:47:00,338.15,338.405,338.12,338.36,20025
2026-04-23 15:48:00,338.3201,338.494,338.31,338.42,13715
2026-04-23 15:49:00,338.36,338.4,338.3,338.31,9402
2026-04-23 15:50:00,338.27,338.28,338.125,338.15,20482
2026-04-23 15:51:00,338.16,338.22,337.92,337.96,22885
2026-04-23 15:52:00,337.96,338.005,337.9,337.95,14433
2026-04-23 15:53:00,337.93,338.0099,337.87,337.94,10830
2026-04-23 15:54:00,337.91,337.96,337.8,337.84,11820
2026-04-23 15:55:00,337.87,338.2,337.87,338.0501,18947
2026-04-23 15:56:00,338.085,338.2499,338.085,338.21,13653
2026-04-23 15:57:00,338.18,338.26,338.03,338.03,32602
2026-04-23 15:58:00,338.09,338.1,337.97,338.1,22402
2026-04-23 15:59:00,338.15,338.36,338.15,338.32,15647
2026-04-23 16:00:00,338.27,338.605,338.27,338.57,28291
2026-04-23 16:01:00,338.66,338.7,338.57,338.585,13574
2026-04-23 16:02:00,338.57,338.62,338.505,338.52,13639
2026-04-23 16:03:00,338.49,338.53,338.41,338.46,18340
2026-04-23 16:04:00,338.434,338.46,338.32,338.37,23242
2026-04-23 16:05:00,338.36,338.5499,338.33,338.5,50455
2026-04-23 16:06:00,338.39,338.51,338.36,338.4799,12147
2026-04-23 16:07:00,338.48,338.4821,338.36,338.44,20753
2026-04-23 16:08:00,338.43,338.47,338.36,338.387,12355
2026-04-23 16:09:00,338.36,338.395,338.155,338.38,48342
2026-04-23 16:10:00,338.4,338.5224,338.38,338.49,7484
2026-04-23 16:11:00,338.53,338.55,338.445,338.525,13709
2026-04-23 16:12:00,338.53,338.73,338.53,338.71,9696
2026-04-23 16:13:00,338.705,338.93,338.66,338.93,10846
2026-04-23 16:14:00,338.91,338.93,338.83,338.9,6595
2026-04-23 16:15:00,338.91,338.97,338.7475,338.7661,19067
2026-04-23 16:16:00,338.74,338.915,338.73,338.85,11037
2026-04-23 16:17:00,338.815,338.82,338.695,338.79,14598
2026-04-23 16:18:00,338.77,338.85,338.77,338.78,6161
2026-04-23 16:19:00,338.77,338.78,338.71,338.78,9079
2026-04-23 16:20:00,338.76,338.835,338.57,338.59,17350
2026-04-23 16:21:00,338.61,338.61,338.47,338.57,6949
2026-04-23 16:22:00,338.525,338.62,338.38,338.5,16828
2026-04-23 16:23:00,338.5101,338.64,338.5101,338.63,12229
2026-04-23 16:24:00,338.635,338.77,338.6,338.765,6198
2026-04-23 16:25:00,338.79,338.9,338.775,338.9,20665
2026-04-23 16:26:00,338.905,338.99,338.86,338.91,15897
2026-04-23 16:27:00,339.0,339.07,338.96,339.06,14336
2026-04-23 16:28:00,339.07,339.07,338.915,338.99,11833
2026-04-23 16:29:00,338.995,339.12,338.995,339.025,10074
2026-04-23 16:30:00,339.0,339.015,338.935,338.9501,13853
2026-04-23 16:31:00,339.01,339.01,338.88,338.9194,12187
2026-04-23 16:32:00,338.91,338.9696,338.85,338.9,12382
2026-04-23 16:33:00,338.97,338.97,338.92,338.94,3230
2026-04-23 16:34:00,338.915,338.9845,338.8707,338.93,7266
2026-04-23 16:35:00,338.945,339.0299,338.9401,339.0299,7513
2026-04-23 16:36:00,339.0299,339.08,338.98,339.07,9426
2026-04-23 16:37:00,339.085,339.135,339.0,339.0099,8958
2026-04-23 16:38:00,338.98,339.08,338.98,339.03,10775
2026-04-23 16:39:00,339.0,339.045,338.89,338.94,7624
2026-04-23 16:40:00,338.92,339.0,338.85,338.97,6032
2026-04-23 16:41:00,338.935,338.94,338.85,338.89,7824
2026-04-23 16:42:00,338.91,338.91,338.76,338.82,15109
2026-04-23 16:43:00,338.78,338.81,338.61,338.68,12348
2026-04-23 16:44:00,338.66,338.68,338.485,338.485,15156
2026-04-23 16:45:00,338.53,338.82,338.53,338.69,12595
2026-04-23 16:46:00,338.63,338.76,338.62,338.76,6983
2026-04-23 16:47:00,338.695,338.695,338.6,338.66,7932
2026-04-23 16:48:00,338.67,338.8199,338.62,338.77,10079
2026-04-23 16:49:00,338.815,338.97,338.74,338.95,38138
2026-04-23 16:50:00,338.95,338.99,338.805,338.86,20458
2026-04-23 16:51:00,338.89,338.99,338.89,338.9,8001
2026-04-23 16:52:00,338.93,338.96,338.77,338.83,8196
2026-04-23 16:53:00,338.82,338.825,338.7425,338.7425,11504
2026-04-23 16:54:00,338.7,338.7399,338.67,338.705,4516
2026-04-23 16:55:00,338.67,338.7,338.65,338.68,7454
2026-04-23 16:56:00,338.715,338.78,338.67,338.745,5790
2026-04-23 16:57:00,338.73,338.7988,338.705,338.77,4803
2026-04-23 16:58:00,338.7345,338.735,338.53,338.615,12395
2026-04-23 16:59:00,338.64,338.815,338.64,338.74,12486
2026-04-23 17:00:00,338.7,338.84,338.69,338.84,6426
2026-04-23 17:01:00,338.85,338.985,338.31,338.41,102661
2026-04-23 17:02:00,338.39,338.615,338.31,338.54,43191
2026-04-23 17:03:00,338.595,338.63,338.375,338.45,28097
2026-04-23 17:04:00,338.495,338.54,338.025,338.09,19236
2026-04-23 17:05:00,338.1301,338.19,337.685,337.935,49450
2026-04-23 17:06:00,337.9,338.195,337.835,338.195,40896
2026-04-23 17:07:00,338.22,338.255,338.0,338.13,16125
2026-04-23 17:08:00,338.12,338.25,338.0,338.135,19152
2026-04-23 17:09:00,338.1,338.23,337.67,337.69,37420
2026-04-23 17:10:00,337.62,337.8,337.41,337.8,26729
2026-04-23 17:11:00,337.78,337.925,337.59,337.62,30852
2026-04-23 17:12:00,337.76,337.9,337.4778,337.6902,21734
2026-04-23 17:13:00,337.68,337.69,337.45,337.65,54355
2026-04-23 17:14:00,337.82,337.86,337.71,337.76,40812
2026-04-23 17:15:00,337.71,337.71,337.55,337.58,35045
2026-04-23 17:16:00,337.5501,337.75,337.14,337.16,91255
2026-04-23 17:17:00,337.13,337.475,336.95,337.4568,34521
2026-04-23 17:18:00,337.42,337.505,337.25,337.43,37794
2026-04-23 17:19:00,337.37,337.4,337.145,337.35,13393
2026-04-23 17:20:00,337.31,337.4759,337.14,337.26,15282
2026-04-23 17:21:00,337.28,337.44,337.16,337.27,59140
2026-04-23 17:22:00,337.25,337.34,336.9,336.96,30971
2026-04-23 17:23:00,336.97,337.19,336.92,337.03,14805
2026-04-23 17:24:00,337.04,337.18,336.7475,337.14,43133
2026-04-23 17:25:00,337.12,337.12,336.875,337.02,64273
2026-04-23 17:26:00,337.03,337.57,337.03,337.49,25357
2026-04-23 17:27:00,337.41,337.41,337.0,337.15,17470
2026-04-23 17:28:00,337.12,337.14,336.6,336.81,38199
2026-04-23 17:29:00,336.65,336.76,336.45,336.51,20564
2026-04-23 17:30:00,336.47,336.78,336.47,336.53,11939
2026-04-23 17:31:00,336.55,336.845,336.33,336.715,45304
2026-04-23 17:32:00,336.7,337.085,336.69,337.02,27540
2026-04-23 17:33:00,336.91,336.99,336.82,336.99,15628
2026-04-23 17:34:00,337.05,337.46,337.05,337.44,12730
2026-04-23 17:35:00,337.44,337.62,337.34,337.34,19938
2026-04-23 17:36:00,337.37,337.42,336.72,336.88,26773
2026-04-23 17:37:00,336.77,336.99,336.74,336.95,17455
2026-04-23 17:38:00,337.115,337.115,336.93,337.04,11593
2026-04-23 17:39:00,337.07,337.1,336.89,336.94,23371
2026-04-23 17:40:00,336.96,336.96,336.56,336.665,14962
2026-04-23 17:41:00,336.66,336.66,336.16,336.175,39059
2026-04-23 17:42:00,336.15,336.69,335.945,336.44,102924
2026-04-23 17:43:00,336.37,336.5,336.2,336.49,84942
2026-04-23 17:44:00,336.48,336.48,335.87,336.08,50390
2026-04-23 17:45:00,336.08,336.08,335.45,335.66,46068
2026-04-23 17:46:00,335.5818,335.67,335.06,335.24,81557
2026-04-23 17:47:00,335.3,336.16,335.28,335.9679,73383
2026-04-23 17:48:00,335.865,336.365,335.86,336.115,34029
2026-04-23 17:49:00,336.1499,336.38,336.12,336.355,43679
2026-04-23 17:50:00,336.355,336.605,335.96,336.4854,47628
2026-04-23 17:51:00,336.5,336.62,336.1401,336.5,37228
2026-04-23 17:52:00,336.6,336.6,336.275,336.52,24069
2026-04-23 17:53:00,336.53,338.05,336.42,337.28,191789
2026-04-23 17:54:00,337.1711,337.69,337.04,337.5235,60177
2026-04-23 17:55:00,337.56,338.1,337.43,337.9819,42648
2026-04-23 17:56:00,338.13,338.36,338.0,338.05,32975
2026-04-23 17:57:00,338.05,338.26,337.7701,337.9,53856
2026-04-23 17:58:00,337.95,338.045,337.696,338.03,15640
2026-04-23 17:59:00,338.005,338.24,337.9201,338.13,14618
2026-04-23 18:00:00,338.05,338.205,337.96,338.04,20425
2026-04-23 18:01:00,338.08,338.65,337.89,338.44,30333
2026-04-23 18:02:00,338.47,338.7312,338.32,338.54,34445
2026-04-23 18:03:00,338.71,338.76,338.505,338.58,19074
2026-04-23 18:04:00,338.54,338.63,338.44,338.58,18018
2026-04-23 18:05:00,338.57,339.03,338.495,338.97,36412
2026-04-23 18:06:00,338.95,339.13,338.9201,338.935,32395
2026-04-23 18:07:00,338.95,339.08,338.88,339.0,23776
2026-04-23 18:08:00,338.93,338.995,338.8,338.9,18294
2026-04-23 18:09:00,338.8851,338.95,338.75,338.75,11032
2026-04-23 18:10:00,338.79,339.3,338.79,339.28,35316
2026-04-23 18:11:00,339.2,339.33,339.01,339.01,29555
2026-04-23 18:12:00,339.04,339.175,338.85,338.89,24014
2026-04-23 18:13:00,338.865,339.0,338.75,338.86,12501
2026-04-23 18:14:00,338.9,339.1,338.9,338.98,16859
2026-04-23 18:15:00,339.04,339.085,338.92,339.03,14025
2026-04-23 18:16:00,339.0,339.1599,339.0,339.02,9250
2026-04-23 18:17:00,339.005,339.215,338.925,338.925,18569
2026-04-23 18:18:00,338.92,339.11,338.785,338.95,48148
2026-04-23 18:19:00,338.95,339.02,338.93,339.0101,12330
2026-04-23 18:20:00,339.08,339.335,339.07,339.32,20069
2026-04-23 18:21:00,339.32,339.355,339.0,339.06,46833
2026-04-23 18:22:00,339.06,339.1739,339.055,339.13,15415
2026-04-23 18:23:00,339.12,339.35,339.11,339.3,14460
2026-04-23 18:24:00,339.29,339.33,339.18,339.255,15216
2026-04-23 18:25:00,339.24,339.34,339.22,339.34,12309
2026-04-23 18:26:00,339.32,339.34,339.1521,339.185,11587
2026-04-23 18:27:00,339.23,339.285,339.2,339.21,7561
2026-04-23 18:28:00,339.2,339.33,339.19,339.33,7127
2026-04-23 18:29:00,339.32,339.38,339.32,339.375,14662
2026-04-23 18:30:00,339.34,339.51,339.34,339.46,16721
2026-04-23 18:31:00,339.455,339.54,339.41,339.41,16378
2026-04-23 18:32:00,339.4,339.4019,339.33,339.34,15484
2026-04-23 18:33:00,339.34,339.49,339.29,339.41,20671
2026-04-23 18:34:00,339.4,339.44,339.38,339.43,4412
2026-04-23 18:35:00,339.42,339.59,339.42,339.57,13741
2026-04-23 18:36:00,339.6,339.65,339.57,339.6,20946
2026-04-23 18:37:00,339.6,339.635,339.575,339.63,10732
2026-04-23 18:38:00,339.62,339.62,339.5,339.505,16128
2026-04-23 18:39:00,339.49,339.54,339.41,339.475,9415
2026-04-23 18:40:00,339.485,339.53,339.47,339.47,6978
2026-04-23 18:41:00,339.44,339.45,339.33,339.33,8307
2026-04-23 18:42:00,339.35,339.37,339.0501,339.11,20817
2026-04-23 18:43:00,339.1,339.125,338.95,339.065,13798
2026-04-23 18:44:00,339.08,339.27,339.06,339.22,13848
2026-04-23 18:45:00,339.165,339.2601,339.15,339.255,8966
2026-04-23 18:46:00,339.21,339.22,339.08,339.08,6259
2026-04-23 18:47:00,339.12,339.26,339.09,339.13,11561
2026-04-23 18:48:00,339.095,339.16,339.09,339.16,9862
2026-04-23 18:49:00,339.13,339.13,338.92,338.96,31875
2026-04-23 18:50:00,338.95,338.985,338.83,338.985,11284
2026-04-23 18:51:00,338.98,338.98,338.87,338.97,22755
2026-04-23 18:52:00,338.98,339.005,338.905,338.95,5165
2026-04-23 18:53:00,339.02,339.02,338.9,338.98,13387
2026-04-23 18:54:00,339.0,339.0,338.88,338.91,11256
2026-04-23 18:55:00,338.86,339.01,338.86,338.99,12040
2026-04-23 18:56:00,338.995,338.995,338.755,338.81,11910
2026-04-23 18:57:00,338.72,338.79,338.72,338.7698,6054
2026-04-23 18:58:00,338.75,338.755,338.46,338.55,33805
2026-04-23 18:59:00,338.56,338.56,338.07,338.205,43638
2026-04-23 19:00:00,338.19,338.3,338.05,338.22,25288
2026-04-23 19:01:00,338.2,338.215,337.8501,338.055,25936
2026-04-23 19:02:00,338.01,338.02,337.73,337.74,9840
2026-04-23 19:03:00,337.85,337.92,337.815,337.86,10059
2026-04-23 19:04:00,337.86,337.86,337.69,337.79,9599
2026-04-23 19:05:00,337.84,338.0499,337.7486,337.915,16393
2026-04-23 19:06:00,337.9456,338.075,337.935,337.991,8506
2026-04-23 19:07:00,338.0299,338.145,337.98,338.145,7299
2026-04-23 19:08:00,338.055,338.07,337.875,338.0,13012
2026-04-23 19:09:00,338.04,338.08,338.01,338.01,8109
2026-04-23 19:10:00,337.9001,337.96,337.78,337.81,8316
2026-04-23 19:11:00,337.7855,337.98,337.7855,337.98,11688
2026-04-23 19:12:00,337.8851,337.91,337.82,337.875,10950
2026-04-23 19:13:00,337.9,337.97,337.81,337.9407,15736
2026-04-23 19:14:00,337.98,338.15,337.97,338.095,15627
2026-04-23 19:15:00,338.11,338.215,338.11,338.215,11854
2026-04-23 19:16:00,338.2,338.39,338.2,338.31,33396
2026-04-23 19:17:00,338.32,338.38,338.1701,338.23,24834
2026-04-23 19:18:00,338.17,338.24,338.17,338.24,8597
2026-04-23 19:19:00,338.265,338.265,338.1,338.1,39112
2026-04-23 19:20:00,338.115,338.195,338.07,338.13,11507
2026-04-23 19:21:00,338.15,338.15,337.935,338.02,12247
2026-04-23 19:22:00,338.01,338.06,337.9593,337.9593,15743
2026-04-23 19:23:00,337.97,338.08,337.97,338.02,10244
2026-04-23 19:24:00,338.0,338.0995,337.9801,338.07,17213
2026-04-23 19:25:00,338.06,338.12,338.02,338.12,10068
2026-04-23 19:26:00,338.11,338.15,338.08,338.11,9870
2026-04-23 19:27:00,338.08,338.145,338.06,338.08,11156
2026-04-23 19:28:00,338.1,338.275,338.1,338.18,7985
2026-04-23 19:29:00,338.1601,338.2,338.1,338.1899,16442
2026-04-23 19:30:00,338.17,338.38,338.17,338.34,19718
2026-04-23 19:31:00,338.34,338.55,338.32,338.5251,13081
2026-04-23 19:32:00,338.54,338.66,338.5,338.585,17391
2026-04-23 19:33:00,338.58,338.61,338.345,338.345,16486
2026-04-23 19:34:00,338.33,338.33,338.0307,338.0307,14075
2026-04-23 19:35:00,338.06,338.07,337.7801,337.98,25357
2026-04-23 19:36:00,338.01,338.01,337.87,337.95,10955
2026-04-23 19:37:00,337.89,337.91,337.82,337.9,12065
2026-04-23 19:38:00,337.93,338.07,337.83,338.04,19106
2026-04-23 19:39:00,338.055,338.055,337.99,338.03,12175
2026-04-23 19:40:00,338.05,338.23,338.03,338.225,16817
2026-04-23 19:41:00,338.24,338.3,338.19,338.22,19203
2026-04-23 19:42:00,338.21,338.21,338.12,338.17,15095
2026-04-23 19:43:00,338.19,338.19,337.98,337.98,14681
2026-04-23 19:44:00,337.95,338.02,337.885,337.99,18611
2026-04-23 19:45:00,337.945,338.15,337.93,338.02,21076
2026-04-23 19:46:00,338.0081,338.13,338.0,338.09,14780
2026-04-23 19:47:00,338.05,338.07,337.98,338.04,19856
2026-04-23 19:48:00,338.05,338.12,337.985,338.04,14162
2026-04-23 19:49:00,338.045,338.155,338.045,338.12,20895
2026-04-23 19:50:00,338.04,338.04,337.18,337.785,98677
2026-04-23 19:51:00,337.79,337.86,337.66,337.86,42184
2026-04-23 19:52:00,337.83,338.1,337.69,338.09,31104
2026-04-23 19:53:00,338.1,338.26,337.9705,338.075,44583
2026-04-23 19:54:00,338.03,338.06,337.79,337.79,59498
2026-04-23 19:55:00,337.805,337.89,337.59,337.89,63165
2026-04-23 19:56:00,337.89,337.955,337.825,337.91,36285
2026-04-23 19:57:00,337.91,337.91,337.69,337.8,58749
2026-04-23 19:58:00,337.795,337.98,337.74,337.88,102025
2026-04-23 19:59:00,337.9,338.0,337.69,337.76,218986
2026-04-24 13:30:00,337.33,337.47,335.955,335.99,639900
2026-04-24 13:31:00,335.9987,336.47,335.09,335.76,72731
2026-04-24 13:32:00,335.71,335.86,335.18,335.61,67807
2026-04-24 13:33:00,335.6,335.63,335.08,335.397,88439
2026-04-24 13:34:00,335.48,335.63,334.65,334.695,120569
2026-04-24 13:35:00,334.675,334.8,334.05,334.8,125902
2026-04-24 13:36:00,334.796,335.61,334.76,335.085,94022
2026-04-24 13:37:00,335.085,335.185,334.89,334.98,74563
2026-04-24 13:38:00,334.98,335.73,334.97,335.62,73473
2026-04-24 13:39:00,335.66,336.8,335.5,336.73,80808
2026-04-24 13:40:00,336.7534,337.1499,336.69,337.11,66975
2026-04-24 13:41:00,337.04,337.0599,336.74,336.84,50115
2026-04-24 13:42:00,336.76,337.27,336.76,337.05,47743
2026-04-24 13:43:00,336.98,337.04,336.65,336.9499,33899
2026-04-24 13:44:00,336.915,336.95,336.605,336.685,30407
2026-04-24 13:45:00,336.745,336.88,336.13,336.205,83668
2026-04-24 13:46:00,336.17,336.7,335.95,336.64,52256
2026-04-24 13:47:00,336.68,337.19,336.595,337.06,40337
2026-04-24 13:48:00,337.01,337.54,336.94,337.31,52571
2026-04-24 13:49:00,337.32,337.72,337.32,337.675,28975
2026-04-24 13:50:00,337.71,338.0,337.69,337.78,41168
2026-04-24 13:51:00,337.78,337.8893,337.29,337.44,61222
2026-04-24 13:52:00,337.39,337.7599,337.39,337.5908,36452
2026-04-24 13:53:00,337.62,337.79,337.58,337.69,37463
2026-04-24 13:54:00,337.683,337.683,337.26,337.44,29605
2026-04-24 13:55:00,337.38,337.5019,337.14,337.2701,27158
2026-04-24 13:56:00,337.33,337.45,337.04,337.43,27374
2026-04-24 13:57:00,337.43,337.89,337.43,337.56,25562
2026-04-24 13:58:00,337.535,337.6,337.245,337.3,15640
2026-04-24 13:59:00,337.31,337.31,337.07,337.22,20557
2026-04-24 14:00:00,337.235,337.235,336.83,336.925,32411
2026-04-24 14:01:00,336.8901,337.3974,336.87,337.31,23712
2026-04-24 14:02:00,337.29,337.3075,337.12,337.295,22174
2026-04-24 14:03:00,337.275,337.64,337.16,337.605,51293
2026-04-24 14:04:00,337.58,337.63,337.36,337.48,19038
2026-04-24 14:05:00,337.48,337.77,337.42,337.42,27252
2026-04-24 14:06:00,337.3737,337.69,337.3737,337.59,22781
2026-04-24 14:07:00,337.57,337.6,337.1,337.1,29933
2026-04-24 14:08:00,337.12,337.31,337.06,337.265,16010
2026-04-24 14:09:00,337.35,337.74,337.34,337.58,24694
2026-04-24 14:10:00,337.53,337.64,337.405,337.64,35438
2026-04-24 14:11:00,337.61,337.85,337.6,337.84,44582
2026-04-24 14:12:00,337.86,337.97,337.665,337.75,42425
2026-04-24 14:13:00,337.79,337.8399,337.62,337.74,30629
2026-04-24 14:14:00,337.79,337.9499,337.4718,337.51,42094
2026-04-24 14:15:00,337.54,337.72,337.53,337.705,21756
2026-04-24 14:16:00,337.67,337.715,337.37,337.37,19312
2026-04-24 14:17:00,337.37,337.37,336.775,336.9,43180
2026-04-24 14:18:00,336.9,337.065,336.665,336.8,68500
2026-04-24 14:19:00,336.77,337.25,336.7483,337.19,38126
2026-04-24 14:20:00,337.17,337.55,337.125,337.39,18486
2026-04-24 14:21:00,337.37,337.44,337.24,337.43,20072
2026-04-24 14:22:00,337.45,337.535,337.345,337.515,21531
2026-04-24 14:23:00,337.51,337.73,337.51,337.65,15090
2026-04-24 14:24:00,337.62,337.87,337.53,337.72,36859
2026-04-24 14:25:00,337.69,337.69,337.49,337.605,15488
2026-04-24 14:26:00,337.55,337.55,337.09,337.315,33461
2026-04-24 14:27:00,337.33,337.42,337.1,337.1481,28774
2026-04-24 14:28:00,337.13,337.28,337.095,337.12,26788
2026-04-24 14:29:00,337.03,337.055,336.63,336.65,28860
2026-04-24 14:30:00,336.685,336.99,336.6,336.65,42792
2026-04-24 14:31:00,336.62,336.64,336.4,336.42,29864
2026-04-24 14:32:00,336.36,336.51,336.26,336.29,25874
2026-04-24 14:33:00,336.33,336.38,336.17,336.34,35384
2026-04-24 14:34:00,336.24,336.38,336.15,336.24,19472
2026-04-24 14:35:00,336.24,336.29,335.89,335.97,17255
2026-04-24 14:36:00,335.97,336.01,335.9,335.9525,13714
2026-04-24 14:37:00,335.94,336.18,335.92,335.92,18015
2026-04-24 14:38:00,335.92,336.21,335.89,336.18,32991
2026-04-24 14:39:00,336.17,336.19,335.83,335.8303,33611
2026-04-24 14:40:00,335.82,335.995,335.79,335.86,33600
2026-04-24 14:41:00,335.86,335.86,335.67,335.7,39256
2026-04-24 14:42:00,335.69,335.74,335.555,335.625,31311
2026-04-24 14:43:00,335.61,335.7799,335.56,335.59,32110
2026-04-24 14:44:00,335.605,335.795,335.56,335.7399,22292
2026-04-24 14:45:00,335.7201,335.7201,335.61,335.675,24843
2026-04-24 14:46:00,335.64,335.82,335.53,335.82,29185
2026-04-24 14:47:00,335.76,335.85,335.71,335.725,24966
2026-04-24 14:48:00,335.72,335.815,335.56,335.56,34939
2026-04-24 14:49:00,335.565,335.95,335.5,335.95,30515
2026-04-24 14:50:00,335.965,336.05,335.815,335.96,42290
2026-04-24 14:51:00,335.955,336.03,335.8122,335.995,31419
2026-04-24 14:52:00,336.0,336.13,335.99,336.1,21057
2026-04-24 14:53:00,336.1,336.15,335.89,335.89,27226
2026-04-24 14:54:00,335.893,335.94,335.78,335.91,19841
2026-04-24 14:55:00,335.91,336.265,335.91,336.21,20765
2026-04-24 14:56:00,336.24,336.395,336.2,336.2901,29284
2026-04-24 14:57:00,336.32,336.37,336.12,336.35,18862
2026-04-24 14:58:00,336.38,336.4399,336.09,336.17,22605
2026-04-24 14:59:00,336.165,336.165,335.915,335.95,27295
2026-04-24 15:00:00,336.0,336.07,335.93,335.955,21260
2026-04-24 15:01:00,335.98,336.0,335.71,335.71,34081
2026-04-24 15:02:00,335.78,336.1,335.765,335.95,31051
2026-04-24 15:03:00,335.97,336.14,335.9619,335.995,15642
2026-04-24 15:04:00,335.92,335.92,335.74,335.85,23936
2026-04-24 15:05:00,335.83,336.0,335.8,335.83,42293
2026-04-24 15:06:00,335.78,335.78,335.39,335.4,17879
2026-04-24 15:07:00,335.42,335.47,335.355,335.41,13040
2026-04-24 15:08:00,335.44,335.5,335.28,335.37,21537
2026-04-24 15:09:00,335.37,335.54,335.32,335.51,29335
2026-04-24 15:10:00,335.545,335.66,335.51,335.65,13609
2026-04-24 15:11:00,335.675,335.909,335.67,335.885,24394
2026-04-24 15:12:00,335.845,335.94,335.8115,335.9219,18421
2026-04-24 15:13:00,335.97,336.01,335.81,335.955,29434
2026-04-24 15:14:00,335.955,336.12,335.955,336.12,17886
2026-04-24 15:15:00,336.16,336.23,336.07,336.07,24811
2026-04-24 15:16:00,336.06,336.25,336.04,336.05,35889
2026-04-24 15:17:00,336.025,336.165,335.945,336.165,33798
2026-04-24 15:18:00,336.21,336.645,336.21,336.57,49485
2026-04-24 15:19:00,336.631,336.72,336.51,336.65,32986
2026-04-24 15:20:00,336.69,337.0,336.69,337.0,21032
2026-04-24 15:21:00,337.0,337.59,336.985,337.31,60270
2026-04-24 15:22:00,337.33,337.68,337.1701,337.68,46453
2026-04-24 15:23:00,337.69,338.07,337.6798,337.985,43812
2026-04-24 15:24:00,337.94,338.03,337.75,338.0,39628
2026-04-24 15:25:00,338.03,338.77,338.03,338.665,84807
2026-04-24 15:26:00,338.64,338.83,338.45,338.7,87820
2026-04-24 15:27:00,338.705,339.19,338.705,339.09,76007
2026-04-24 15:28:00,339.02,339.07,338.69,338.97,48880
2026-04-24 15:29:00,338.92,338.965,338.61,338.734,26343
2026-04-24 15:30:00,338.72,339.1,338.72,339.06,39331
2026-04-24 15:31:00,339.09,339.1599,338.96,339.05,44658
2026-04-24 15:32:00,339.02,339.1,338.715,339.035,106353
2026-04-24 15:33:00,339.06,339.22,338.965,339.14,82289
2026-04-24 15:34:00,339.18,339.19,338.85,338.88,41081
2026-04-24 15:35:00,338.8401,339.16,338.7,338.7,56735
2026-04-24 15:36:00,338.6429,338.71,338.46,338.48,39301
2026-04-24 15:37:00,338.48,338.49,338.28,338.475,38323
2026-04-24 15:38:00,338.45,338.83,338.3,338.73,36857
2026-04-24 15:39:00,338.78,338.87,338.71,338.81,22688
2026-04-24 15:40:00,338.82,338.86,338.72,338.75,32077
2026-04-24 15:41:00,338.77,338.915,338.7,338.82,25984
2026-04-24 15:42:00,338.8,338.8,338.675,338.7235,20648
2026-04-24 15:43:00,338.695,338.82,338.56,338.765,15074
2026-04-24 15:44:00,338.76,339.66,338.738,339.54,111990
2026-04-24 15:45:00,339.48,339.77,339.26,339.32,102526
2026-04-24 15:46:00,339.29,339.44,339.2,339.335,38617
2026-04-24 15:47:00,339.32,339.7299,339.32,339.69,21904
2026-04-24 15:48:00,339.69,339.93,339.6413,339.79,30517
2026-04-24 15:49:00,339.77,339.963,339.742,339.9501,28708
2026-04-24 15:50:00,339.98,342.39,339.95,341.4,585307
2026-04-24 15:51:00,341.16,341.82,341.1309,341.7,66089
2026-04-24 15:52:00,341.7,341.74,341.16,341.24,56897
2026-04-24 15:53:00,341.1,341.26,340.79,341.26,37933
2026-04-24 15:54:00,341.36,341.53,341.12,341.4411,49463
2026-04-24 15:55:00,341.55,342.37,341.55,342.29,84856
2026-04-24 15:56:00,342.26,342.33,341.8,341.89,84265
2026-04-24 15:57:00,341.8,342.155,341.7,341.74,36652
2026-04-24 15:58:00,341.72,341.72,341.11,341.1837,66906
2026-04-24 15:59:00,341.13,341.64,340.92,341.64,68517
2026-04-24 16:00:00,341.58,341.98,341.44,341.97,64126
2026-04-24 16:01:00,341.99,342.4595,341.82,342.45,89875
2026-04-24 16:02:00,342.455,342.62,342.1801,342.35,55134
2026-04-24 16:03:00,342.385,343.2,342.385,343.15,81173
2026-04-24 16:04:00,343.2151,343.66,343.19,343.61,101463
2026-04-24 16:05:00,343.6699,343.69,342.8224,342.9,89328
2026-04-24 16:06:00,342.9,343.22,342.7801,342.81,49689
2026-04-24 16:07:00,342.815,342.82,342.2601,342.2601,58033
2026-04-24 16:08:00,342.34,342.38,341.9,342.14,48883
2026-04-24 16:09:00,342.09,342.1195,341.6193,341.6193,33012
2026-04-24 16:10:00,341.63,341.87,341.3901,341.68,42189
2026-04-24 16:11:00,341.7,341.77,341.425,341.4999,57112
2026-04-24 16:12:00,341.44,341.71,341.44,341.485,28674
2026-04-24 16:13:00,341.53,341.75,341.494,341.69,30047
2026-04-24 16:14:00,341.7319,341.75,341.13,341.2,78471
2026-04-24 16:15:00,341.18,341.18,340.76,340.76,45976
2026-04-24 16:16:00,340.73,341.2799,340.71,341.2,31840
2026-04-24 16:17:00,341.23,341.67,341.23,341.545,52691
2026-04-24 16:18:00,341.54,341.82,341.49,341.685,26028
2026-04-24 16:19:00,341.69,341.7999,341.48,341.61,43075
2026-04-24 16:20:00,341.635,341.6898,341.5,341.59,19921
2026-04-24 16:21:00,341.655,341.85,341.65,341.7651,25977
2026-04-24 16:22:00,341.8099,341.8099,341.65,341.725,25455
2026-04-24 16:23:00,341.69,341.78,341.63,341.63,18062
2026-04-24 16:24:00,341.545,341.7089,341.5,341.595,9781
2026-04-24 16:25:00,341.595,342.0,341.595,341.83,28674
2026-04-24 16:26:00,341.9,341.94,341.73,341.865,20066
2026-04-24 16:27:00,341.9,341.96,341.7,341.7,16693
2026-04-24 16:28:00,341.708,341.785,341.6,341.76,15784
2026-04-24 16:29:00,341.65,341.7,341.5501,341.69,12137
2026-04-24 16:30:00,341.725,342.0,341.725,341.99,26428
2026-04-24 16:31:00,342.04,342.3,342.04,342.23,29335
2026-04-24 16:32:00,342.22,342.4099,342.19,342.37,21478
2026-04-24 16:33:00,342.37,342.4199,342.21,342.21,16660
2026-04-24 16:34:00,342.2515,342.2515,342.0101,342.16,30354
2026-04-24 16:35:00,342.145,342.24,341.875,341.88,19467
2026-04-24 16:36:00,341.88,341.94,341.8,341.815,8725
2026-04-24 16:37:00,341.79,341.8851,341.71,341.875,10059
2026-04-24 16:38:00,341.88,341.94,341.78,341.875,12990
2026-04-24 16:39:00,341.87,341.95,341.7,341.7669,12285
2026-04-24 16:40:00,341.7598,341.7915,341.67,341.78,17132
2026-04-24 16:41:00,341.79,341.88,341.725,341.74,17526
2026-04-24 16:42:00,341.7301,341.7301,341.52,341.552,11910
2026-04-24 16:43:00,341.52,341.52,341.42,341.47,10134
2026-04-24 16:44:00,341.491,341.88,341.45,341.84,18477
2026-04-24 16:45:00,341.9,341.9,341.72,341.72,8206
2026-04-24 16:46:00,341.76,341.76,341.44,341.53,13668
2026-04-24 16:47:00,341.495,341.495,341.255,341.315,12441
2026-04-24 16:48:00,341.32,341.43,341.29,341.37,15672
2026-04-24 16:49:00,341.3,341.4399,341.24,341.405,22366
2026-04-24 16:50:00,341.405,341.445,341.25,341.295,17007
2026-04-24 16:51:00,341.305,341.52,341.29,341.52,10759
2026-04-24 16:52:00,341.525,341.73,341.41,341.6936,42255
2026-04-24 16:53:00,341.72,341.8,341.68,341.72,14665
2026-04-24 16:54:00,341.69,341.7791,341.61,341.69,15616
2026-04-24 16:55:00,341.6999,341.87,341.69,341.72,19938
2026-04-24 16:56:00,341.695,341.76,341.65,341.735,9668
2026-04-24 16:57:00,341.735,341.855,341.71,341.84,13424
2026-04-24 16:58:00,341.87,342.05,341.855,342.0,21096
2026-04-24 16:59:00,341.91,341.98,341.845,341.86,11151
2026-04-24 17:00:00,341.87,342.0559,341.87,341.96,10382
2026-04-24 17:01:00,341.95,342.06,341.94,341.99,15129
2026-04-24 17:02:00,341.95,342.181,341.93,342.13,25710
2026-04-24 17:03:00,342.125,342.235,342.075,342.225,17362
2026-04-24 17:04:00,342.23,342.255,342.0401,342.1889,12072
2026-04-24 17:05:00,342.2,342.32,342.1,342.1,22163
2026-04-24 17:06:00,342.105,342.405,342.0993,342.405,13438
2026-04-24 17:07:00,342.4099,342.41,342.1612,342.41,16853
2026-04-24 17:08:00,342.37,342.4,342.23,342.25,9196
2026-04-24 17:09:00,342.24,342.27,342.05,342.125,20558
2026-04-24 17:10:00,342.145,342.1899,341.995,342.165,13559
2026-04-24 17:11:00,342.2,342.27,342.1701,342.22,9831
2026-04-24 17:12:00,342.12,342.12,341.9411,341.9411,11782
2026-04-24 17:13:00,341.9496,341.965,341.79,341.82,12432
2026-04-24 17:14:00,341.805,341.82,341.66,341.75,14881
2026-04-24 17:15:00,341.69,341.71,341.57,341.65,13688
2026-04-24 17:16:00,341.655,341.67,341.55,341.6,10416
2026-04-24 17:17:00,341.665,341.665,341.6,341.62,7155
2026-04-24 17:18:00,341.59,341.61,341.57,341.605,9154
2026-04-24 17:19:00,341.575,341.6,341.54,341.6,9515
2026-04-24 17:20:00,341.56,341.575,341.39,341.51,18368
2026-04-24 17:21:00,341.5,341.52,341.41,341.43,13850
2026-04-24 17:22:00,341.465,341.5225,341.33,341.3663,23511
2026-04-24 17:23:00,341.345,341.35,341.11,341.175,25481
2026-04-24 17:24:00,341.18,341.44,341.18,341.44,33878
2026-04-24 17:25:00,341.485,341.5,341.23,341.31,13134
2026-04-24 17:26:00,341.3,341.3,341.08,341.12,15137
2026-04-24 17:27:00,341.12,341.31,341.11,341.26,16338
2026-04-24 17:28:00,341.195,341.35,341.1301,341.24,8016
2026-04-24 17:29:00,341.2,341.27,341.0801,341.105,7836
2026-04-24 17:30:00,341.08,341.18,341.0,341.1501,18066
2026-04-24 17:31:00,341.08,341.13,340.9504,341.0223,25279
2026-04-24 17:32:00,341.05,341.0999,340.9501,341.02,16952
2026-04-24 17:33:00,341.0,341.15,340.98,341.025,11538
2026-04-24 17:34:00,340.98,341.04,340.885,341.04,8475
2026-04-24 17:35:00,341.03,341.28,341.03,341.25,16435
2026-04-24 17:36:00,341.26,341.41,341.2,341.41,17033
2026-04-24 17:37:00,341.385,341.45,341.23,341.23,7968
2026-04-24 17:38:00,341.2101,341.235,341.0401,341.075,9185
2026-04-24 17:39:00,341.0751,341.08,340.8401,340.8401,14445
2026-04-24 17:40:00,340.88,340.925,340.69,340.83,42728
2026-04-24 17:41:00,340.82,340.99,340.79,340.965,13965
2026-04-24 17:42:00,340.93,341.0099,340.88,340.9617,16723
2026-04-24 17:43:00,340.96,340.96,340.8251,340.895,14559
2026-04-24 17:44:00,340.8785,340.975,340.87,340.87,12205
2026-04-24 17:45:00,340.88,340.9726,340.87,340.91,13825
2026-04-24 17:46:00,340.88,341.065,340.88,341.04,8302
2026-04-24 17:47:00,340.97,341.06,340.85,341.05,20329
2026-04-24 17:48:00,341.05,341.11,341.0,341.01,9797
2026-04-24 17:49:00,341.04,341.1599,341.02,341.02,12543
2026-04-24 17:50:00,341.09,341.23,341.09,341.175,10004
2026-04-24 17:51:00,341.2,341.38,341.14,341.1616,13099
2026-04-24 17:52:00,341.18,341.25,341.0801,341.17,46510
2026-04-24 17:53:00,341.205,341.31,341.185,341.28,10380
2026-04-24 17:54:00,341.415,341.8,341.33,341.495,46635
2026-04-24 17:55:00,341.46,341.58,341.46,341.52,9009
2026-04-24 17:56:00,341.5001,341.66,341.5001,341.66,13703
2026-04-24 17:57:00,341.63,341.69,341.58,341.6,23872
2026-04-24 17:58:00,341.6158,341.6325,341.55,341.58,12449
2026-04-24 17:59:00,341.565,341.64,341.52,341.52,14016
2026-04-24 18:00:00,341.54,341.54,341.42,341.44,16409
2026-04-24 18:01:00,341.41,341.585,341.41,341.575,17633
2026-04-24 18:02:00,341.595,341.82,341.585,341.82,21649
2026-04-24 18:03:00,341.79,341.82,341.7001,341.81,13191
2026-04-24 18:04:00,341.925,342.0,341.88,341.995,13949
2026-04-24 18:05:00,341.995,341.995,341.81,341.87,14409
2026-04-24 18:06:00,341.86,342.0,341.81,341.9,12163
2026-04-24 18:07:00,341.87,342.07,341.87,341.995,10212
2026-04-24 18:08:00,342.042,342.13,342.042,342.1,15696
2026-04-24 18:09:00,342.06,342.23,342.06,342.21,13645
2026-04-24 18:10:00,342.19,342.315,342.1401,342.145,13976
2026-04-24 18:11:00,342.12,342.16,341.99,341.99,10700
2026-04-24 18:12:00,342.01,342.03,341.735,341.78,18851
2026-04-24 18:13:00,341.77,341.79,341.75,341.785,6259
2026-04-24 18:14:00,341.77,341.95,341.7,341.95,18642
2026-04-24 18:15:00,341.94,342.0,341.9,341.975,8012
2026-04-24 18:16:00,341.96,341.96,341.76,341.7801,7229
2026-04-24 18:17:00,341.79,341.84,341.6601,341.67,14313
2026-04-24 18:18:00,341.65,341.69,341.63,341.675,9015
2026-04-24 18:19:00,341.71,341.72,341.615,341.625,12773
2026-04-24 18:20:00,341.55,341.59,341.4901,341.59,10759
2026-04-24 18:21:00,341.59,341.6645,341.59,341.605,12071
2026-04-24 18:22:00,341.63,341.72,341.53,341.56,15251
2026-04-24 18:23:00,341.5699,341.68,341.5,341.68,9821
2026-04-24 18:24:00,341.65,341.7,341.59,341.69,7122
2026-04-24 18:25:00,341.69,341.72,341.6001,341.65,10854
2026-04-24 18:26:00,341.66,342.05,341.66,341.98,18663
2026-04-24 18:27:00,341.995,342.045,341.93,341.96,22004
2026-04-24 18:28:00,341.88,341.88,341.73,341.77,10828
2026-04-24 18:29:00,341.644,341.72,341.56,341.59,16693
2026-04-24 18:30:00,341.62,341.7499,341.61,341.7,11732
2026-04-24 18:31:00,341.69,341.8701,341.69,341.81,6701
2026-04-24 18:32:00,341.85,342.0599,341.8401,341.95,12578
2026-04-24 18:33:00,341.985,342.015,341.8103,341.88,14047
2026-04-24 18:34:00,341.875,341.99,341.875,341.94,11755
2026-04-24 18:35:00,341.88,341.95,341.84,341.89,13148
2026-04-24 18:36:00,341.87,341.87,341.78,341.86,9521
2026-04-24 18:37:00,341.87,341.99,341.87,341.9399,11834
2026-04-24 18:38:00,341.94,342.0299,341.88,341.9,12465
2026-04-24 18:39:00,341.905,341.9442,341.86,341.92,46296
2026-04-24 18:40:00,341.93,342.19,341.88,342.185,15749
2026-04-24 18:41:00,342.19,342.21,342.02,342.02,14225
2026-04-24 18:42:00,342.03,342.06,341.91,341.925,12686
2026-04-24 18:43:00,341.935,341.96,341.89,341.93,18609
2026-04-24 18:44:00,341.97,342.19,341.9501,342.17,23173
2026-04-24 18:45:00,342.14,342.15,341.895,341.97,14449
2026-04-24 18:46:00,341.97,342.02,341.94,341.9499,11582
2026-04-24 18:47:00,341.929,342.07,341.89,342.04,13713
2026-04-24 18:48:00,342.035,342.07,342.02,342.05,13468
2026-04-24 18:49:00,342.05,342.0788,341.98,341.98,6920
2026-04-24 18:50:00,341.9,342.01,341.89,341.94,14722
2026-04-24 18:51:00,341.92,341.95,341.79,341.82,55422
2026-04-24 18:52:00,341.82,341.8699,341.77,341.82,20699
2026-04-24 18:53:00,341.81,341.9399,341.765,341.86,16128
2026-04-24 18:54:00,341.87,341.91,341.83,341.88,8629
2026-04-24 18:55:00,341.91,342.03,341.82,341.82,16531
2026-04-24 18:56:00,341.85,341.85,341.72,341.72,15800
2026-04-24 18:57:00,341.6801,341.7601,341.66,341.685,9803
2026-04-24 18:58:00,341.72,341.82,341.66,341.79,16282
2026-04-24 18:59:00,341.79,341.92,341.79,341.875,19751
2026-04-24 19:00:00,341.9,342.08,341.87,341.89,19049
2026-04-24 19:01:00,341.92,341.93,341.825,341.86,12359
2026-04-24 19:02:00,341.86,342.004,341.86,341.995,14228
2026-04-24 19:03:00,341.965,342.054,341.87,342.054,31658
2026-04-24 19:04:00,342.08,342.26,342.08,342.23,18209
2026-04-24 19:05:00,342.21,342.22,342.08,342.08,22269
2026-04-24 19:06:00,342.12,342.22,342.0511,342.1101,12582
2026-04-24 19:07:00,342.135,342.22,342.08,342.12,15122
2026-04-24 19:08:00,342.15,342.18,342.04,342.175,17523
2026-04-24 19:09:00,342.175,342.26,342.1501,342.26,21730
2026-04-24 19:10:00,342.28,342.38,342.26,342.36,35272
2026-04-24 19:11:00,342.37,342.39,342.22,342.2701,19987
2026-04-24 19:12:00,342.2601,342.4,342.2601,342.39,12849
2026-04-24 19:13:00,342.45,342.45,342.26,342.26,22051
2026-04-24 19:14:00,342.26,342.285,342.15,342.19,9936
2026-04-24 19:15:00,342.19,342.305,342.16,342.19,23949
2026-04-24 19:16:00,342.17,342.3,342.13,342.3,37380
2026-04-24 19:17:00,342.3,342.44,342.29,342.33,26724
2026-04-24 19:18:00,342.345,342.35,342.23,342.33,20241
2026-04-24 19:19:00,342.35,342.42,342.34,342.375,26430
2026-04-24 19:20:00,342.41,342.45,342.34,342.42,32870
2026-04-24 19:21:00,342.4164,342.42,342.21,342.25,20397
2026-04-24 19:22:00,342.195,342.39,342.195,342.3399,23740
2026-04-24 19:23:00,342.26,342.3599,342.215,342.23,25844
2026-04-24 19:24:00,342.22,342.23,342.08,342.16,19794
2026-04-24 19:25:00,342.15,342.16,342.0104,342.07,14643
2026-04-24 19:26:00,342.1,342.11,342.04,342.1,21960
2026-04-24 19:27:00,342.08,342.14,342.05,342.14,13911
2026-04-24 19:28:00,342.135,342.27,342.11,342.24,22468
2026-04-24 19:29:00,342.21,342.28,342.195,342.21,18943
2026-04-24 19:30:00,342.22,342.3,342.15,342.17,31828
2026-04-24 19:31:00,342.21,342.275,342.18,342.18,28465
2026-04-24 19:32:00,342.22,342.285,342.165,342.28,556717
2026-04-24 19:33:00,342.285,342.57,342.285,342.57,21358
2026-04-24 19:34:00,342.56,342.735,342.46,342.709,40471
2026-04-24 19:35:00,342.71,342.73,342.51,342.55,39500
2026-04-24 19:36:00,342.57,342.57,342.295,342.295,20268
2026-04-24 19:37:00,342.285,342.3193,342.12,342.27,26214
2026-04-24 19:38:00,342.23,342.34,342.21,342.25,16574
2026-04-24 19:39:00,342.23,342.32,342.18,342.28,20831
2026-04-24 19:40:00,342.25,342.32,342.19,342.2707,16402
2026-04-24 19:41:00,342.26,342.3,342.19,342.2815,16715
2026-04-24 19:42:00,342.3,342.345,342.265,342.3,17466
2026-04-24 19:43:00,342.31,342.38,342.3,342.335,19662
2026-04-24 19:44:00,342.35,342.45,342.32,342.45,21404
2026-04-24 19:45:00,342.4388,342.66,342.42,342.45,58352
2026-04-24 19:46:00,342.485,342.57,342.37,342.3899,27701
2026-04-24 19:47:00,342.37,342.42,342.2801,342.41,22161
2026-04-24 19:48:00,342.4196,342.51,342.37,342.51,22111
2026-04-24 19:49:00,342.51,342.51,342.33,342.45,35550
2026-04-24 19:50:00,342.49,343.06,342.49,342.745,309342
2026-04-24 19:51:00,342.74,342.818,342.67,342.73,45358
2026-04-24 19:52:00,342.71,342.78,342.5,342.54,44047
2026-04-24 19:53:00,342.54,342.85,342.5353,342.7386,74180
2026-04-24 19:54:00,342.78,343.05,342.63,342.9,81384
2026-04-24 19:55:00,342.92,343.08,342.54,342.62,161906
2026-04-24 19:56:00,342.625,342.69,342.58,342.62,107550
2026-04-24 19:57:00,342.62,342.69,342.6,342.67,147281
2026-04-24 19:58:00,342.65,342.78,342.605,342.62,216727
2026-04-24 19:59:00,342.635,342.66,342.22,342.24,555391
2026-04-27 13:30:00,343.84,345.48,343.2,343.47,949161
2026-04-27 13:31:00,343.2,343.27,341.81,342.155,71044
2026-04-27 13:32:00,342.1,342.1,341.15,341.69,70570
2026-04-27 13:33:00,341.59,341.89,341.01,341.8,66120
2026-04-27 13:34:00,341.9399,342.0999,340.88,340.88,59456
2026-04-27 13:35:00,340.85,341.64,340.81,341.045,53831
2026-04-27 13:36:00,341.16,341.98,341.09,341.945,57216
2026-04-27 13:37:00,341.95,342.28,341.87,342.1422,53473
2026-04-27 13:38:00,342.14,342.42,342.0,342.28,39961
2026-04-27 13:39:00,342.34,342.9,342.035,342.815,28606
2026-04-27 13:40:00,342.839,343.01,342.53,342.975,33541
2026-04-27 13:41:00,343.04,343.45,342.62,343.31,58442
2026-04-27 13:42:00,343.2922,344.21,343.28,343.86,109617
2026-04-27 13:43:00,343.85,344.205,343.59,344.205,124179
2026-04-27 13:44:00,344.25,344.46,344.0,344.1,91504
2026-04-27 13:45:00,344.05,344.98,344.05,344.94,120449
2026-04-27 13:46:00,344.94,345.34,344.5,345.13,167684
2026-04-27 13:47:00,345.07,345.275,344.1201,344.38,214852
2026-04-27 13:48:00,344.34,344.85,344.34,344.675,78301
2026-04-27 13:49:00,344.68,344.74,344.09,344.1,116294
2026-04-27 13:50:00,344.115,344.15,343.07,343.3488,164276
2026-04-27 13:51:00,343.345,343.4,342.77,343.36,130536
2026-04-27 13:52:00,343.35,344.61,343.2706,344.52,124339
2026-04-27 13:53:00,344.63,344.97,344.53,344.68,87974
2026-04-27 13:54:00,344.83,345.4,344.69,345.27,88498
2026-04-27 13:55:00,345.36,346.2999,345.35,346.235,156679
2026-04-27 13:56:00,346.31,346.675,346.1201,346.43,82685
2026-04-27 13:57:00,346.52,346.88,345.94,346.17,70583
2026-04-27 13:58:00,346.44,346.69,346.0,346.22,46015
2026-04-27 13:59:00,346.19,346.85,346.19,346.58,37319
2026-04-27 14:00:00,346.64,347.21,346.46,347.14,54578
2026-04-27 14:01:00,347.3,347.83,347.2,347.39,87191
2026-04-27 14:02:00,347.39,347.99,347.14,347.22,58022
2026-04-27 14:03:00,347.29,347.5699,346.9254,347.47,53146
2026-04-27 14:04:00,347.465,347.7399,347.31,347.49,24878
2026-04-27 14:05:00,347.55,347.6087,346.84,347.185,835911
2026-04-27 14:06:00,347.2298,347.48,347.0,347.3951,45385
2026-04-27 14:07:00,347.3,347.465,347.0139,347.2899,22818
2026-04-27 14:08:00,347.17,347.535,347.17,347.47,42382
2026-04-27 14:09:00,347.435,348.39,347.41,348.19,122350
2026-04-27 14:10:00,348.32,348.54,347.425,347.6,47617
2026-04-27 14:11:00,347.59,347.605,347.1001,347.2912,50607
2026-04-27 14:12:00,347.325,347.42,346.8105,346.98,33986
2026-04-27 14:13:00,346.89,347.09,346.7001,347.035,32491
2026-04-27 14:14:00,347.1599,347.1599,346.64,346.66,24818
2026-04-27 14:15:00,346.665,347.0,346.49,346.58,35352
2026-04-27 14:16:00,346.45,346.56,346.33,346.34,21327
2026-04-27 14:17:00,346.395,346.5,346.27,346.43,20951
2026-04-27 14:18:00,346.48,346.6658,346.1,346.38,31564
2026-04-27 14:19:00,346.43,346.68,346.25,346.61,67646
2026-04-27 14:20:00,346.57,347.24,346.54,347.2,49636
2026-04-27 14:21:00,347.16,347.655,347.16,347.431,28548
2026-04-27 14:22:00,347.45,347.89,347.26,347.84,27201
2026-04-27 14:23:00,347.8,348.005,347.7301,347.91,28271
2026-04-27 14:24:00,347.86,348.245,347.7333,348.225,26907
2026-04-27 14:25:00,348.29,348.6,348.055,348.2763,37727
2026-04-27 14:26:00,348.22,348.4499,347.86,348.315,34469
2026-04-27 14:27:00,348.35,348.52,348.19,348.22,26326
2026-04-27 14:28:00,348.2575,348.69,348.2475,348.64,35455
2026-04-27 14:29:00,348.64,348.74,348.505,348.615,32942
2026-04-27 14:30:00,348.64,348.75,348.2701,348.2701,39605
2026-04-27 14:31:00,348.31,348.51,347.87,348.1,49785
2026-04-27 14:32:00,348.06,348.25,347.95,348.01,60240
2026-04-27 14:33:00,348.0099,348.0499,347.6848,347.855,17482
2026-04-27 14:34:00,347.85,347.99,347.75,347.975,18677
2026-04-27 14:35:00,347.985,348.8299,347.935,348.743,48472
2026-04-27 14:36:00,348.77,348.865,348.5501,348.6786,54231
2026-04-27 14:37:00,348.725,348.9599,348.5701,348.72,37205
2026-04-27 14:38:00,348.68,349.02,348.635,348.96,36053
2026-04-27 14:39:00,348.9801,349.37,348.925,349.35,58725
2026-04-27 14:40:00,349.36,349.55,349.16,349.24,62201
2026-04-27 14:41:00,349.24,349.54,348.88,348.91,48993
2026-04-27 14:42:00,348.88,349.02,348.53,348.6,56555
2026-04-27 14:43:00,348.58,348.9,348.485,348.89,26644
2026-04-27 14:44:00,348.925,349.2,348.89,348.89,35131
2026-04-27 14:45:00,348.89,348.925,348.43,348.74,28007
2026-04-27 14:46:00,348.79,348.88,348.5301,348.6302,41896
2026-04-27 14:47:00,348.635,348.73,348.5,348.57,31989
2026-04-27 14:48:00,348.5925,348.7089,348.465,348.535,25660
2026-04-27 14:49:00,348.5,348.59,348.33,348.4774,14114
2026-04-27 14:50:00,348.43,348.52,348.29,348.38,18897
2026-04-27 14:51:00,348.4,348.7556,348.36,348.62,18132
2026-04-27 14:52:00,348.59,348.66,348.45,348.525,17509
2026-04-27 14:53:00,348.615,348.6399,348.43,348.44,15852
2026-04-27 14:54:00,348.4,348.44,348.12,348.345,20764
2026-04-27 14:55:00,348.44,348.77,348.44,348.61,28320
2026-04-27 14:56:00,348.62,348.6799,348.55,348.62,13113
2026-04-27 14:57:00,348.66,349.005,348.625,349.005,33192
2026-04-27 14:58:00,348.97,349.35,348.97,349.26,26808
2026-04-27 14:59:00,349.155,349.31,348.965,348.97,25115
2026-04-27 15:00:00,349.0,349.09,348.82,348.82,16632
2026-04-27 15:01:00,348.8,348.81,348.32,348.375,26931
2026-04-27 15:02:00,348.34,348.37,348.22,348.3,28494
2026-04-27 15:03:00,348.32,348.33,347.875,347.925,46247
2026-04-27 15:04:00,347.91,348.075,347.91,347.96,28976
2026-04-27 15:05:00,347.93,348.26,347.82,348.15,18100
2026-04-27 15:06:00,348.29,348.41,348.12,348.345,10972
2026-04-27 15:07:00,348.37,348.51,348.3423,348.47,30237
2026-04-27 15:08:00,348.555,348.91,348.555,348.8,33425
2026-04-27 15:09:00,348.825,349.0,348.62,348.75,19027
2026-04-27 15:10:00,348.7301,348.855,348.695,348.7051,14901
2026-04-27 15:11:00,348.72,348.925,348.64,348.925,11056
2026-04-27 15:12:00,348.9381,348.9501,348.79,348.84,32799
2026-04-27 15:13:00,348.89,349.17,348.89,349.02,35566
2026-04-27 15:14:00,349.0,349.09,348.84,348.935,27253
2026-04-27 15:15:00,348.93,349.17,348.82,349.085,74261
2026-04-27 15:16:00,349.1,349.315,349.09,349.23,24588
2026-04-27 15:17:00,349.23,349.3651,348.96,348.97,52013
2026-04-27 15:18:00,349.0299,349.145,348.78,349.035,36170
2026-04-27 15:19:00,349.195,349.215,349.02,349.03,21788
2026-04-27 15:20:00,349.0458,349.35,349.01,349.34,20108
2026-04-27 15:21:00,349.3351,349.435,348.925,348.98,25498
2026-04-27 15:22:00,349.01,349.01,348.49,348.515,49915
2026-04-27 15:23:00,348.49,348.75,348.4001,348.6301,18422
2026-04-27 15:24:00,348.63,348.6799,348.15,348.155,33070
2026-04-27 15:25:00,348.11,348.23,348.005,348.23,27982
2026-04-27 15:26:00,348.18,348.47,348.0,348.28,22522
2026-04-27 15:27:00,348.41,348.62,348.36,348.41,28927
2026-04-27 15:28:00,348.415,348.4299,348.279,348.365,17936
2026-04-27 15:29:00,348.3899,348.45,348.195,348.3,11544
2026-04-27 15:30:00,348.3282,348.605,348.3282,348.605,13538
2026-04-27 15:31:00,348.62,348.915,348.51,348.76,14274
2026-04-27 15:32:00,348.77,348.77,348.52,348.6,10602
2026-04-27 15:33:00,348.59,348.675,348.47,348.5,11994
2026-04-27 15:34:00,348.59,348.795,348.57,348.795,9568
2026-04-27 15:35:00,348.83,348.88,348.68,348.74,9139
2026-04-27 15:36:00,348.695,348.81,348.62,348.71,11522
2026-04-27 15:37:00,348.6,348.69,348.56,348.69,12394
2026-04-27 15:38:00,348.61,348.71,348.575,348.7,7471
2026-04-27 15:39:00,348.715,348.8,348.7,348.7101,16677
2026-04-27 15:40:00,348.73,348.87,348.62,348.62,17165
2026-04-27 15:41:00,348.725,348.815,348.57,348.71,21074
2026-04-27 15:42:00,348.74,349.0,348.7002,348.925,18370
2026-04-27 15:43:00,348.925,348.98,348.58,348.645,16139
2026-04-27 15:44:00,348.635,348.66,348.44,348.44,12691
2026-04-27 15:45:00,348.43,348.49,348.255,348.34,21573
2026-04-27 15:46:00,348.26,348.3375,348.09,348.18,20213
2026-04-27 15:47:00,348.175,348.3,348.15,348.3,72507
2026-04-27 15:48:00,348.305,348.365,348.11,348.11,14513
2026-04-27 15:49:00,348.09,348.09,347.95,348.029,24089
2026-04-27 15:50:00,348.04,348.1,347.92,348.045,15974
2026-04-27 15:51:00,348.07,348.21,347.98,348.19,13314
2026-04-27 15:52:00,348.18,348.2201,348.11,348.19,12057
2026-04-27 15:53:00,348.2,348.31,348.1422,348.24,23081
2026-04-27 15:54:00,348.26,348.33,348.14,348.33,9652
2026-04-27 15:55:00,348.38,348.71,348.35,348.6899,20721
2026-04-27 15:56:00,348.69,348.94,348.62,348.64,17301
2026-04-27 15:57:00,348.655,349.045,348.58,349.045,13921
2026-04-27 15:58:00,349.11,349.14,349.04,349.06,14957
2026-04-27 15:59:00,348.985,349.419,348.932,349.419,18961
2026-04-27 16:00:00,349.475,349.65,349.38,349.38,42249
2026-04-27 16:01:00,349.38,349.44,349.23,349.37,16966
2026-04-27 16:02:00,349.33,349.5999,349.33,349.465,17871
2026-04-27 16:03:00,349.45,349.53,349.34,349.35,10543
2026-04-27 16:04:00,349.37,349.53,349.3154,349.435,10367
2026-04-27 16:05:00,349.435,349.455,349.3075,349.37,16547
2026-04-27 16:06:00,349.3848,349.3883,349.1335,349.235,19070
2026-04-27 16:07:00,349.28,349.28,348.95,349.0,17657
2026-04-27 16:08:00,348.9763,349.15,348.9763,349.135,16680
2026-04-27 16:09:00,349.11,349.11,348.9,348.93,13764
2026-04-27 16:10:00,348.934,349.195,348.88,349.19,12425
2026-04-27 16:11:00,349.185,349.35,349.12,349.33,11033
2026-04-27 16:12:00,349.325,349.434,349.31,349.31,15987
2026-04-27 16:13:00,349.28,349.28,349.085,349.085,16039
2026-04-27 16:14:00,349.108,349.405,349.108,349.405,22030
2026-04-27 16:15:00,349.41,349.446,349.25,349.4,15419
2026-04-27 16:16:00,349.425,349.44,349.33,349.34,12104
2026-04-27 16:17:00,349.345,349.345,349.24,349.28,14223
2026-04-27 16:18:00,349.3,349.4,349.12,349.225,15219
2026-04-27 16:19:00,349.225,349.225,349.03,349.14,11321
2026-04-27 16:20:00,349.125,349.17,348.91,349.11,15042
2026-04-27 16:21:00,349.11,349.29,349.11,349.2409,17642
2026-04-27 16:22:00,349.2799,349.28,349.055,349.11,29336
2026-04-27 16:23:00,349.05,349.12,348.98,349.04,9894
2026-04-27 16:24:00,349.03,349.1656,349.03,349.11,9827
2026-04-27 16:25:00,349.17,349.38,349.17,349.305,14844
2026-04-27 16:26:00,349.24,349.55,349.21,349.47,17890
2026-04-27 16:27:00,349.4651,349.53,349.3633,349.5,11419
2026-04-27 16:28:00,349.5,349.51,349.3001,349.3001,16009
2026-04-27 16:29:00,349.36,349.465,349.33,349.465,9054
2026-04-27 16:30:00,349.465,349.725,349.465,349.63,23285
2026-04-27 16:31:00,349.64,349.788,349.63,349.755,17482
2026-04-27 16:32:00,349.78,349.805,349.64,349.69,17102
2026-04-27 16:33:00,349.7099,349.76,349.625,349.625,17089
2026-04-27 16:34:00,349.6699,349.86,349.6351,349.7889,15235
2026-04-27 16:35:00,349.82,349.85,349.66,349.8,24587
2026-04-27 16:36:00,349.8,349.8,349.52,349.63,20499
2026-04-27 16:37:00,349.625,349.67,349.61,349.6401,14561
2026-04-27 16:38:00,349.635,349.715,349.535,349.58,18015
2026-04-27 16:39:00,349.54,349.65,349.53,349.63,11910
2026-04-27 16:40:00,349.61,349.6951,349.585,349.585,14379
2026-04-27 16:41:00,349.61,349.64,349.49,349.49,12876
2026-04-27 16:42:00,349.49,349.75,349.42,349.71,13699
2026-04-27 16:43:00,349.73,349.88,349.59,349.88,25060
2026-04-27 16:44:00,349.87,349.91,349.8,349.86,16096
2026-04-27 16:45:00,349.9,349.9,349.68,349.7,12632
2026-04-27 16:46:00,349.71,349.845,349.675,349.72,12526
2026-04-27 16:47:00,349.7101,349.87,349.61,349.87,12375
2026-04-27 16:48:00,349.875,350.04,349.82,350.03,210999
2026-04-27 16:49:00,350.05,350.105,349.98,350.04,44904
2026-04-27 16:50:00,350.055,350.18,350.05,350.07,23206
2026-04-27 16:51:00,350.04,350.145,350.04,350.14,10019
2026-04-27 16:52:00,350.14,350.145,349.91,349.92,19827
2026-04-27 16:53:00,349.925,350.02,349.84,349.93,18037
2026-04-27 16:54:00,349.9594,349.9594,349.7639,349.7751,15024
2026-04-27 16:55:00,349.7299,349.73,349.62,349.73,20874
2026-04-27 16:56:00,349.75,349.75,349.52,349.52,17460
2026-04-27 16:57:00,349.5,349.5301,349.095,349.3099,18621
2026-04-27 16:58:00,349.285,349.43,349.22,349.43,16041
2026-04-27 16:59:00,349.42,349.45,349.34,349.42,19966
2026-04-27 17:00:00,349.44,349.64,349.44,349.5,17883
2026-04-27 17:01:00,349.495,349.6,349.39,349.6,10232
2026-04-27 17:02:00,349.605,349.75,349.605,349.71,15356
2026-04-27 17:03:00,349.6401,349.65,349.41,349.45,20929
2026-04-27 17:04:00,349.41,349.44,349.32,349.34,11855
2026-04-27 17:05:00,349.35,349.5199,349.28,349.475,15235
2026-04-27 17:06:00,349.49,349.59,349.455,349.53,10135
2026-04-27 17:07:00,349.5251,349.63,349.485,349.61,11319
2026-04-27 17:08:00,349.57,349.59,349.425,349.585,13924
2026-04-27 17:09:00,349.62,349.665,349.51,349.64,27185
2026-04-27 17:10:00,349.65,349.74,349.57,349.605,9409
2026-04-27 17:11:00,349.6,349.76,349.6,349.71,8769
2026-04-27 17:12:00,349.69,349.88,349.6801,349.8,22476
2026-04-27 17:13:00,349.82,349.86,349.7669,349.8201,11754
2026-04-27 17:14:00,349.8299,350.015,349.8299,349.96,22112
2026-04-27 17:15:00,349.9858,350.05,349.9,349.9,10912
2026-04-27 17:16:00,349.87,349.92,349.8,349.8101,8855
2026-04-27 17:17:00,349.82,349.97,349.7901,349.9374,9348
2026-04-27 17:18:00,349.91,349.935,349.635,349.67,15311
2026-04-27 17:19:00,349.625,349.65,349.57,349.65,9038
2026-04-27 17:20:00,349.62,349.68,349.5401,349.56,13563
2026-04-27 17:21:00,349.58,349.68,349.58,349.68,10556
2026-04-27 17:22:00,349.68,349.8199,349.66,349.81,17106
2026-04-27 17:23:00,349.78,350.0,349.66,349.845,36835
2026-04-27 17:24:00,349.86,349.86,349.73,349.77,7260
2026-04-27 17:25:00,349.7701,349.95,349.7701,349.95,8602
2026-04-27 17:26:00,349.92,350.02,349.92,350.02,15042
2026-04-27 17:27:00,350.005,350.06,349.9001,349.96,11618
2026-04-27 17:28:00,349.97,350.0299,349.915,349.9301,15544
2026-04-27 17:29:00,349.96,349.99,349.88,349.98,17387
2026-04-27 17:30:00,349.987,350.11,349.9709,350.04,23405
2026-04-27 17:31:00,350.08,350.15,349.935,350.15,17393
2026-04-27 17:32:00,350.15,350.1801,350.045,350.18,13722
2026-04-27 17:33:00,350.175,350.391,350.14,350.39,22812
2026-04-27 17:34:00,350.37,350.4,350.22,350.295,37162
2026-04-27 17:35:00,350.29,350.32,350.155,350.185,20602
2026-04-27 17:36:00,350.16,350.17,350.0851,350.17,13951
2026-04-27 17:37:00,350.21,350.34,350.19,350.235,18590
2026-04-27 17:38:00,350.245,350.3,350.23,350.2701,11788
2026-04-27 17:39:00,350.2401,350.385,350.24,350.2638,28605
2026-04-27 17:40:00,350.26,350.3,350.14,350.16,38973
2026-04-27 17:41:00,350.18,350.18,350.0801,350.13,11212
2026-04-27 17:42:00,350.14,350.355,350.085,350.355,10548
2026-04-27 17:43:00,350.3399,350.54,350.3,350.46,19268
2026-04-27 17:44:00,350.475,350.745,350.4651,350.69,34515
2026-04-27 17:45:00,350.68,350.78,350.6401,350.725,17735
2026-04-27 17:46:00,350.75,350.77,350.545,350.57,15313
2026-04-27 17:47:00,350.53,350.575,350.45,350.51,46634
2026-04-27 17:48:00,350.59,350.59,350.4875,350.5825,8295
2026-04-27 17:49:00,350.59,350.61,350.533,350.57,7929
2026-04-27 17:50:00,350.575,350.8,350.545,350.8,15905
2026-04-27 17:51:00,350.765,350.765,350.6,350.73,13601
2026-04-27 17:52:00,350.7499,350.7499,350.64,350.71,11455
2026-04-27 17:53:00,350.66,350.66,350.54,350.565,27384
2026-04-27 17:54:00,350.56,350.65,350.56,350.63,8993
2026-04-27 17:55:00,350.705,350.78,350.68,350.76,9530
2026-04-27 17:56:00,350.73,350.7599,350.57,350.61,8747
2026-04-27 17:57:00,350.6551,350.744,350.6551,350.73,12066
2026-04-27 17:58:00,350.7,350.85,350.695,350.7682,27226
2026-04-27 17:59:00,350.81,350.89,350.8,350.84,19105
2026-04-27 18:00:00,350.845,350.87,350.73,350.87,12266
2026-04-27 18:01:00,350.84,350.84,350.55,350.55,41975
2026-04-27 18:02:00,350.55,350.65,350.55,350.63,11074
2026-04-27 18:03:00,350.61,350.66,350.59,350.6488,10100
2026-04-27 18:04:00,350.69,350.75,350.6,350.6081,12520
2026-04-27 18:05:00,350.59,350.735,350.58,350.73,18667
2026-04-27 18:06:00,350.73,350.73,350.575,350.64,26776
2026-04-27 18:07:00,350.6377,350.68,350.52,350.575,16758
2026-04-27 18:08:00,350.58,350.6275,350.5001,350.6275,12704
2026-04-27 18:09:00,350.61,350.73,350.5555,350.705,10891
2026-04-27 18:10:00,350.75,350.78,350.67,350.715,16190
2026-04-27 18:11:00,350.75,350.7799,350.57,350.605,18081
2026-04-27 18:12:00,350.56,350.74,350.56,350.6,19207
2026-04-27 18:13:00,350.6,350.6,350.45,350.5116,19404
2026-04-27 18:14:00,350.54,350.6,350.34,350.58,23762
2026-04-27 18:15:00,350.6,350.6856,350.6,350.64,9779
2026-04-27 18:16:00,350.65,350.69,350.57,350.64,16143
2026-04-27 18:17:00,350.66,350.6601,350.6,350.64,7597
2026-04-27 18:18:00,350.69,350.72,350.56,350.635,7856
2026-04-27 18:19:00,350.685,350.7164,350.58,350.58,9393
2026-04-27 18:20:00,350.53,350.545,350.4401,350.485,8574
2026-04-27 18:21:00,350.48,350.505,350.43,350.5,13527
2026-04-27 18:22:00,350.5001,350.55,350.33,350.33,14619
2026-04-27 18:23:00,350.33,350.41,350.26,350.4,17531
2026-04-27 18:24:00,350.41,350.42,350.28,350.31,22259
2026-04-27 18:25:00,350.315,350.315,350.05,350.09,16337
2026-04-27 18:26:00,350.095,350.25,350.095,350.1967,12751
2026-04-27 18:27:00,350.21,350.2199,350.09,350.21,12639
2026-04-27 18:28:00,350.12,350.31,350.08,350.295,9360
2026-04-27 18:29:00,350.28,350.4,350.28,350.4,19335
2026-04-27 18:30:00,350.385,350.48,350.3,350.3499,14618
2026-04-27 18:31:00,350.32,350.415,350.265,350.415,12225
2026-04-27 18:32:00,350.415,350.5,350.37,350.425,19530
2026-04-27 18:33:00,350.425,350.51,350.37,350.43,16936
2026-04-27 18:34:00,350.42,350.42,350.33,350.35,13017
2026-04-27 18:35:00,350.39,350.39,350.19,350.25,17869
2026-04-27 18:36:00,350.285,350.3399,350.055,350.07,15709
2026-04-27 18:37:00,350.02,350.045,349.95,349.9975,27401
2026-04-27 18:38:00,349.97,350.2,349.97,350.17,29293
2026-04-27 18:39:00,350.2,350.26,350.0401,350.195,14375
2026-04-27 18:40:00,350.195,350.24,350.055,350.225,16315
2026-04-27 18:41:00,350.25,350.286,350.13,350.14,11705
2026-04-27 18:42:00,350.1,350.43,350.09,350.42,27642
2026-04-27 18:43:00,350.43,350.525,350.34,350.34,22646
2026-04-27 18:44:00,350.315,350.38,350.24,350.26,19039
2026-04-27 18:45:00,350.2119,350.41,350.2119,350.24,33364
2026-04-27 18:46:00,350.26,350.5199,350.245,350.49,17272
2026-04-27 18:47:00,350.48,350.61,350.48,350.59,16283
2026-04-27 18:48:00,350.59,350.61,350.53,350.56,33512
2026-04-27 18:49:00,350.54,350.6,350.456,350.57,15507
2026-04-27 18:50:00,350.58,350.64,350.51,350.63,17974
2026-04-27 18:51:00,350.59,350.615,350.49,350.57,13930
2026-04-27 18:52:00,350.586,350.586,350.49,350.5,11271
2026-04-27 18:53:00,350.505,350.51,350.32,350.33,14882
2026-04-27 18:54:00,350.32,350.32,349.925,349.95,22575
2026-04-27 18:55:00,349.9,349.92,349.71,349.815,28551
2026-04-27 18:56:00,349.78,349.985,349.77,349.8,31069
2026-04-27 18:57:00,349.8299,349.9495,349.7345,349.88,12439
2026-04-27 18:58:00,349.82,349.9899,349.82,349.9899,6668
2026-04-27 18:59:00,350.0,350.22,350.0,350.105,27347
2026-04-27 19:00:00,350.11,350.26,350.0501,350.23,12809
2026-04-27 19:01:00,350.295,350.315,350.19,350.195,9419
2026-04-27 19:02:00,350.22,350.22,350.035,350.065,10791
2026-04-27 19:03:00,350.09,350.1799,350.05,350.155,11704
2026-04-27 19:04:00,350.18,350.285,350.18,350.285,9474
2026-04-27 19:05:00,350.32,350.41,350.315,350.33,11057
2026-04-27 19:06:00,350.2703,350.33,350.19,350.19,14214
2026-04-27 19:07:00,350.19,350.23,350.135,350.22,8231
2026-04-27 19:08:00,350.21,350.21,350.0,350.115,15331
2026-04-27 19:09:00,350.11,350.16,349.92,349.92,20428
2026-04-27 19:10:00,349.91,349.98,349.8124,349.82,20882
2026-04-27 19:11:00,349.87,350.07,349.855,349.94,19963
2026-04-27 19:12:00,349.94,350.0698,349.94,350.005,16125
2026-04-27 19:13:00,350.0,350.11,350.0,350.09,12935
2026-04-27 19:14:00,350.09,350.16,350.0314,350.06,11524
2026-04-27 19:15:00,350.07,350.146,349.975,350.13,17279
2026-04-27 19:16:00,350.12,350.14,350.015,350.09,10629
2026-04-27 19:17:00,350.095,350.095,349.9,349.9,12044
2026-04-27 19:18:00,349.9157,349.96,349.7701,349.7701,15723
2026-04-27 19:19:00,349.82,349.83,349.7,349.73,16811
2026-04-27 19:20:00,349.7,349.81,349.69,349.7,13568
2026-04-27 19:21:00,349.695,349.7606,349.65,349.665,13871
2026-04-27 19:22:00,349.665,349.805,349.63,349.77,25837
2026-04-27 19:23:00,349.74,349.85,349.72,349.85,15744
2026-04-27 19:24:00,349.87,349.88,349.7501,349.76,15447
2026-04-27 19:25:00,349.77,349.8,349.68,349.785,17438
2026-04-27 19:26:00,349.76,349.83,349.675,349.75,12035
2026-04-27 19:27:00,349.755,350.03,349.741,349.945,21465
2026-04-27 19:28:00,349.99,350.09,349.97,350.09,15378
2026-04-27 19:29:00,350.075,350.15,350.04,350.13,28849
2026-04-27 19:30:00,350.136,350.34,350.1344,350.3,19713
2026-04-27 19:31:00,350.35,350.565,350.35,350.56,28879
2026-04-27 19:32:00,350.55,350.56,350.275,350.31,30566
2026-04-27 19:33:00,350.3,350.47,350.045,350.13,55191
2026-04-27 19:34:00,350.14,350.16,350.03,350.06,36108
2026-04-27 19:35:00,350.1199,350.1199,349.71,349.71,27004
2026-04-27 19:36:00,349.71,349.75,349.33,349.3399,31610
2026-04-27 19:37:00,349.31,349.34,349.12,349.175,27340
2026-04-27 19:38:00,349.18,349.3383,349.1401,349.2501,13936
2026-04-27 19:39:00,349.26,349.525,349.26,349.52,15771
2026-04-27 19:40:00,349.52,349.61,349.4515,349.61,16957
2026-04-27 19:41:00,349.605,349.605,349.42,349.51,15971
2026-04-27 19:42:00,349.49,349.56,349.468,349.53,17612
2026-04-27 19:43:00,349.53,349.53,349.37,349.4,27480
2026-04-27 19:44:00,349.38,349.505,349.36,349.505,25426
2026-04-27 19:45:00,349.53,349.66,349.4701,349.52,33371
2026-04-27 19:46:00,349.47,349.65,349.46,349.56,37802
2026-04-27 19:47:00,349.56,349.63,349.455,349.5,30067
2026-04-27 19:48:00,349.51,349.645,349.34,349.37,29917
2026-04-27 19:49:00,349.375,349.375,349.13,349.24,38858
2026-04-27 19:50:00,349.3,349.62,349.04,349.1,95728
2026-04-27 19:51:00,349.1,349.15,348.91,348.935,78100
2026-04-27 19:52:00,348.93,349.04,348.58,348.61,80087
2026-04-27 19:53:00,348.57,348.7,348.53,348.695,57697
2026-04-27 19:54:00,348.68,348.96,348.59,348.857,85298
2026-04-27 19:55:00,348.86,348.87,348.38,348.55,106106
2026-04-27 19:56:00,348.545,348.68,348.46,348.605,86440
2026-04-27 19:57:00,348.6,348.71,348.51,348.6099,82931
2026-04-27 19:58:00,348.63,348.82,348.59,348.721,86441
2026-04-27 19:59:00,348.72,348.72,348.45,348.51,247619
2026-04-28 13:30:00,346.93,347.72,345.35,345.56,982682
2026-04-28 13:31:00,345.49,346.255,345.15,345.63,71796
2026-04-28 13:32:00,345.59,346.2199,345.46,345.8,89932
2026-04-28 13:33:00,345.8,346.11,345.21,345.26,82627
2026-04-28 13:34:00,345.24,345.48,344.31,344.395,84713
2026-04-28 13:35:00,344.36,345.34,344.28,345.33,58312
2026-04-28 13:36:00,345.39,345.6783,344.67,345.365,106954
2026-04-28 13:37:00,345.33,346.5992,345.19,346.535,121101
2026-04-28 13:38:00,346.565,347.07,346.54,347.07,64826
2026-04-28 13:39:00,346.985,347.47,346.64,346.98,66114
2026-04-28 13:40:00,347.12,347.39,346.575,347.04,75622
2026-04-28 13:41:00,346.74,346.96,346.2109,346.74,73668
2026-04-28 13:42:00,346.74,346.9327,346.27,346.72,44016
2026-04-28 13:43:00,346.86,346.94,346.43,346.755,66513
2026-04-28 13:44:00,346.64,346.64,346.2,346.2,36196
2026-04-28 13:45:00,346.1,346.38,345.75,345.905,136773
2026-04-28 13:46:00,345.89,346.43,345.72,345.8089,105513
2026-04-28 13:47:00,345.75,346.75,345.66,346.73,49678
2026-04-28 13:48:00,346.66,346.785,346.29,346.68,58921
2026-04-28 13:49:00,346.715,347.13,346.5,346.985,84308
2026-04-28 13:50:00,347.04,347.44,346.6,346.64,59624
2026-04-28 13:51:00,346.56,346.67,346.22,346.575,64271
2026-04-28 13:52:00,346.57,346.66,346.3775,346.64,38488
2026-04-28 13:53:00,346.53,346.7,346.22,346.63,41591
2026-04-28 13:54:00,346.58,346.58,346.06,346.065,50810
2026-04-28 13:55:00,346.065,346.0755,345.32,345.755,86749
2026-04-28 13:56:00,345.74,345.87,345.26,345.8,54300
2026-04-28 13:57:00,345.79,346.29,345.79,346.26,50929
2026-04-28 13:58:00,346.32,346.6,346.25,346.39,36492
2026-04-28 13:59:00,346.42,346.62,346.24,346.62,69043
2026-04-28 14:00:00,346.52,347.05,346.51,346.95,91166
2026-04-28 14:01:00,346.935,347.2725,346.77,347.17,77756
2026-04-28 14:02:00,347.1201,347.18,346.78,346.94,45542
2026-04-28 14:03:00,346.9,347.39,346.8,347.39,48716
2026-04-28 14:04:00,347.31,347.31,346.89,346.8901,38997
2026-04-28 14:05:00,346.94,347.707,346.88,347.67,61132
2026-04-28 14:06:00,347.615,348.05,347.58,347.9116,85128
2026-04-28 14:07:00,347.87,348.33,347.84,348.06,84172
2026-04-28 14:08:00,348.005,348.01,347.73,347.845,48334
2026-04-28 14:09:00,347.91,347.91,347.51,347.86,57827
2026-04-28 14:10:00,347.85,347.85,347.54,347.57,37456
2026-04-28 14:11:00,347.59,347.68,347.255,347.54,40638
2026-04-28 14:12:00,347.52,347.64,347.27,347.59,30234
2026-04-28 14:13:00,347.66,347.815,347.49,347.49,35189
2026-04-28 14:14:00,347.47,347.95,347.34,347.95,42289
2026-04-28 14:15:00,347.91,348.45,347.91,348.29,68931
2026-04-28 14:16:00,348.24,348.43,347.995,348.35,65604
2026-04-28 14:17:00,348.4425,348.65,348.17,348.23,57120
2026-04-28 14:18:00,348.26,348.9191,348.26,348.9148,52058
2026-04-28 14:19:00,348.9,349.32,348.87,349.255,91803
2026-04-28 14:20:00,349.26,349.33,348.75,349.33,46492
2026-04-28 14:21:00,349.29,349.76,349.14,349.54,55040
2026-04-28 14:22:00,349.48,349.8,349.39,349.74,49102
2026-04-28 14:23:00,349.69,349.8399,349.22,349.41,43336
2026-04-28 14:24:00,349.33,349.44,349.07,349.1,63833
2026-04-28 14:25:00,349.1,349.1,348.5,348.86,51029
2026-04-28 14:26:00,348.95,349.0,348.32,348.56,33830
2026-04-28 14:27:00,348.56,348.89,348.52,348.7895,34473
2026-04-28 14:28:00,348.89,349.08,348.7524,348.8,25709
2026-04-28 14:29:00,348.82,349.3799,348.82,349.33,32656
2026-04-28 14:30:00,349.377,349.43,349.1,349.2795,32411
2026-04-28 14:31:00,349.25,349.54,348.655,348.7434,43521
2026-04-28 14:32:00,348.79,349.19,348.72,349.135,22007
2026-04-28 14:33:00,349.16,349.45,349.16,349.35,20983
2026-04-28 14:34:00,349.32,349.67,349.22,349.67,34077
2026-04-28 14:35:00,349.665,349.68,349.13,349.2,65299
2026-04-28 14:36:00,349.22,349.64,349.15,349.6,33464
2026-04-28 14:37:00,349.57,349.61,349.1,349.4,49791
2026-04-28 14:38:00,349.41,349.52,348.46,348.56,61378
2026-04-28 14:39:00,348.565,348.91,348.5,348.58,49492
2026-04-28 14:40:00,348.465,348.8,348.2901,348.46,53808
2026-04-28 14:41:00,348.4,349.3,348.375,349.25,54655
2026-04-28 14:42:00,349.27,349.87,349.27,349.84,76441
2026-04-28 14:43:00,349.86,349.9,349.21,349.49,56636
2026-04-28 14:44:00,349.52,349.76,349.52,349.7,30895
2026-04-28 14:45:00,349.7,349.7,349.23,349.27,37829
2026-04-28 14:46:00,349.265,349.265,348.7855,348.99,62291
2026-04-28 14:47:00,349.1,349.245,348.85,349.24,47681
2026-04-28 14:48:00,349.285,349.43,349.1,349.34,45239
2026-04-28 14:49:00,349.38,349.41,348.896,348.92,82494
2026-04-28 14:50:00,348.89,349.13,348.73,348.73,86710
2026-04-28 14:51:00,348.73,348.86,348.42,348.69,70203
2026-04-28 14:52:00,348.695,349.35,348.695,349.345,36105
2026-04-28 14:53:00,349.36,349.4,348.6,348.64,37766
2026-04-28 14:54:00,348.65,348.71,348.23,348.49,50965
2026-04-28 14:55:00,348.48,348.51,347.8901,348.17,80123
2026-04-28 14:56:00,348.15,348.56,347.92,348.39,120541
2026-04-28 14:57:00,348.28,348.41,347.98,348.225,34956
2026-04-28 14:58:00,348.135,348.1451,347.68,347.74,35880
2026-04-28 14:59:00,347.76,348.525,347.7,348.525,33976
2026-04-28 15:00:00,348.52,348.631,348.2026,348.21,22530
2026-04-28 15:01:00,348.26,348.35,348.16,348.2,26385
2026-04-28 15:02:00,348.21,348.59,348.21,348.52,24596
2026-04-28 15:03:00,348.545,348.78,348.49,348.78,29408
2026-04-28 15:04:00,348.7378,348.76,348.1401,348.21,21427
2026-04-28 15:05:00,348.2,348.57,348.17,348.331,32482
2026-04-28 15:06:00,348.31,348.61,348.17,348.23,19704
2026-04-28 15:07:00,348.14,348.16,347.8901,347.955,20608
2026-04-28 15:08:00,347.99,348.02,347.69,347.82,27662
2026-04-28 15:09:00,347.7501,347.9099,347.63,347.795,29626
2026-04-28 15:10:00,347.79,348.18,347.76,348.14,22905
2026-04-28 15:11:00,348.1853,348.49,348.18,348.405,29079
2026-04-28 15:12:00,348.4,348.94,348.4,348.94,24395
2026-04-28 15:13:00,348.92,349.0,348.55,348.66,29848
2026-04-28 15:14:00,348.64,348.87,348.51,348.855,13897
2026-04-28 15:15:00,348.925,348.925,348.575,348.65,16322
2026-04-28 15:16:00,348.615,349.09,348.615,349.08,32028
2026-04-28 15:17:00,349.07,349.1,348.755,348.77,35477
2026-04-28 15:18:00,348.785,348.9294,348.52,348.62,36817
2026-04-28 15:19:00,348.6899,348.745,348.56,348.59,15167
2026-04-28 15:20:00,348.62,348.67,348.46,348.58,43805
2026-04-28 15:21:00,348.495,348.495,348.33,348.33,55403
2026-04-28 15:22:00,348.285,348.575,348.28,348.57,97274
2026-04-28 15:23:00,348.56,348.62,348.29,348.29,20401
2026-04-28 15:24:00,348.3,348.39,348.17,348.3201,33350
2026-04-28 15:25:00,348.28,348.32,348.19,348.25,31987
2026-04-28 15:26:00,348.26,348.5,348.26,348.48,24119
2026-04-28 15:27:00,348.47,348.59,348.345,348.345,22105
2026-04-28 15:28:00,348.285,348.55,348.225,348.545,15348
2026-04-28 15:29:00,348.49,348.6599,348.44,348.4698,14867
2026-04-28 15:30:00,348.44,348.59,348.37,348.59,18990
2026-04-28 15:31:00,348.6,348.63,348.295,348.295,13890
2026-04-28 15:32:00,348.31,348.31,347.955,348.1725,57123
2026-04-28 15:33:00,348.23,348.32,347.95,347.96,63363
2026-04-28 15:34:00,348.03,348.11,347.93,348.0001,16629
2026-04-28 15:35:00,347.965,348.01,347.78,347.89,19220
2026-04-28 15:36:00,347.87,347.89,347.72,347.74,28720
2026-04-28 15:37:00,347.71,347.94,347.53,347.94,31029
2026-04-28 15:38:00,347.955,348.0,347.72,347.745,31835
2026-04-28 15:39:00,347.785,347.99,347.62,347.74,22954
2026-04-28 15:40:00,347.68,347.87,347.56,347.87,20495
2026-04-28 15:41:00,347.87,348.07,347.66,347.75,21920
2026-04-28 15:42:00,347.7,348.0199,347.56,347.93,18864
2026-04-28 15:43:00,347.94,348.02,347.6301,347.675,17421
2026-04-28 15:44:00,347.665,347.72,347.6,347.64,13317
2026-04-28 15:45:00,347.655,347.86,347.62,347.76,18960
2026-04-28 15:46:00,347.74,347.82,347.692,347.7001,15107
2026-04-28 15:47:00,347.72,347.77,347.45,347.56,25944
2026-04-28 15:48:00,347.5,347.515,347.22,347.2299,35193
2026-04-28 15:49:00,347.27,347.4599,347.2,347.395,25051
2026-04-28 15:50:00,347.47,347.56,347.32,347.365,15477
2026-04-28 15:51:00,347.4,347.41,347.26,347.285,26603
2026-04-28 15:52:00,347.3014,347.32,347.045,347.045,22158
2026-04-28 15:53:00,347.06,347.31,346.961,347.19,38227
2026-04-28 15:54:00,347.22,347.24,347.07,347.1038,18189
2026-04-28 15:55:00,347.055,347.11,346.8323,346.91,26555
2026-04-28 15:56:00,346.895,346.91,346.73,346.84,24121
2026-04-28 15:57:00,346.85,347.0,346.71,346.767,30981
2026-04-28 15:58:00,346.77,346.8,346.68,346.7801,15428
2026-04-28 15:59:00,346.7899,346.95,346.73,346.89,36878
2026-04-28 16:00:00,346.89,346.93,346.82,346.84,29116
2026-04-28 16:01:00,346.83,346.85,346.63,346.71,34406
2026-04-28 16:02:00,346.76,346.78,346.51,346.56,22330
2026-04-28 16:03:00,346.57,346.65,346.375,346.5,32689
2026-04-28 16:04:00,346.49,346.705,346.44,346.555,23785
2026-04-28 16:05:00,346.5,346.565,346.44,346.515,26204
2026-04-28 16:06:00,346.47,346.7,346.455,346.58,31106
2026-04-28 16:07:00,346.57,346.72,346.33,346.72,26038
2026-04-28 16:08:00,346.7,346.76,346.5201,346.5201,29685
2026-04-28 16:09:00,346.5,346.56,346.43,346.49,29167
2026-04-28 16:10:00,346.54,346.61,346.46,346.54,19108
2026-04-28 16:11:00,346.53,346.545,346.451,346.47,21088
2026-04-28 16:12:00,346.49,346.59,346.0201,346.06,29697
2026-04-28 16:13:00,346.07,346.3,346.07,346.23,23421
2026-04-28 16:14:00,346.23,346.435,346.215,346.435,15405
2026-04-28 16:15:00,346.44,346.49,346.13,346.29,34322
2026-04-28 16:16:00,346.3,346.3,346.155,346.28,16616
2026-04-28 16:17:00,346.29,346.41,346.22,346.38,24755
2026-04-28 16:18:00,346.38,346.85,346.3251,346.77,26969
2026-04-28 16:19:00,346.76,347.1399,346.76,347.1399,31413
2026-04-28 16:20:00,347.13,347.25,346.95,346.99,22168
2026-04-28 16:21:00,346.925,347.185,346.915,347.1001,26181
2026-04-28 16:22:00,347.12,347.145,346.78,346.84,17651
2026-04-28 16:23:00,346.84,346.97,346.8399,346.92,19635
2026-04-28 16:24:00,346.92,347.054,346.92,346.98,23988
2026-04-28 16:25:00,346.9999,346.9999,346.83,346.85,16182
2026-04-28 16:26:00,346.82,347.125,346.795,347.125,21401
2026-04-28 16:27:00,347.15,347.24,346.995,347.01,31604
2026-04-28 16:28:00,346.99,347.04,346.89,346.96,16470
2026-04-28 16:29:00,346.94,347.03,346.9,346.945,16888
2026-04-28 16:30:00,346.94,347.06,346.875,347.06,12958
2026-04-28 16:31:00,347.04,347.1401,347.04,347.11,13111
2026-04-28 16:32:00,347.115,347.3,347.09,347.1236,30270
2026-04-28 16:33:00,347.0899,347.0899,346.8,346.81,24851
2026-04-28 16:34:00,346.81,346.81,346.49,346.49,28201
2026-04-28 16:35:00,346.48,346.7399,346.4743,346.7165,44665
2026-04-28 16:36:00,346.74,346.81,346.66,346.755,17264
2026-04-28 16:37:00,346.74,346.76,346.625,346.65,10965
2026-04-28 16:38:00,346.65,346.96,346.65,346.96,14320
2026-04-28 16:39:00,346.98,347.05,346.96,347.02,18849
2026-04-28 16:40:00,346.98,347.18,346.97,347.16,29327
2026-04-28 16:41:00,347.16,347.2,347.025,347.025,40382
2026-04-28 16:42:00,347.01,347.04,346.95,347.0399,29059
2026-04-28 16:43:00,346.99,347.06,346.855,346.865,21491
2026-04-28 16:44:00,346.8569,346.91,346.8569,346.905,15723
2026-04-28 16:45:00,346.88,347.11,346.86,347.11,14708
2026-04-28 16:46:00,347.11,347.3,347.11,347.2201,18806
2026-04-28 16:47:00,347.16,347.17,347.0,347.075,14139
2026-04-28 16:48:00,346.96,347.09,346.91,347.06,14355
2026-04-28 16:49:00,347.075,347.15,346.85,346.89,20979
2026-04-28 16:50:00,346.92,347.2,346.9,346.95,21101
2026-04-28 16:51:00,346.91,347.15,346.86,347.13,20525
2026-04-28 16:52:00,347.11,347.345,347.1,347.27,14697
2026-04-28 16:53:00,347.29,347.4986,347.29,347.33,12803
2026-04-28 16:54:00,347.32,347.3893,347.3,347.305,14778
2026-04-28 16:55:00,347.31,347.4,347.29,347.345,14142
2026-04-28 16:56:00,347.27,347.36,347.19,347.19,13804
2026-04-28 16:57:00,347.2,347.39,347.185,347.25,20997
2026-04-28 16:58:00,347.255,347.255,347.11,347.17,13346
2026-04-28 16:59:00,347.175,347.18,347.09,347.18,12620
2026-04-28 17:00:00,347.19,347.26,347.06,347.06,21503
2026-04-28 17:01:00,347.18,347.18,346.6288,346.675,32268
2026-04-28 17:02:00,346.655,346.68,346.39,346.39,31357
2026-04-28 17:03:00,346.37,346.41,346.09,346.12,34791
2026-04-28 17:04:00,346.17,346.4186,346.17,346.28,24884
2026-04-28 17:05:00,346.31,346.34,346.07,346.07,24481
2026-04-28 17:06:00,346.105,346.38,346.01,346.345,28960
2026-04-28 17:07:00,346.405,346.475,346.175,346.175,26678
2026-04-28 17:08:00,346.23,346.575,346.23,346.415,23339
2026-04-28 17:09:00,346.44,346.475,346.35,346.45,16202
2026-04-28 17:10:00,346.515,346.53,346.35,346.37,14920
2026-04-28 17:11:00,346.32,346.45,346.27,346.44,16341
2026-04-28 17:12:00,346.41,346.575,346.41,346.55,18541
2026-04-28 17:13:00,346.59,346.605,346.245,346.29,27873
2026-04-28 17:14:00,346.305,346.52,346.305,346.5,8018
2026-04-28 17:15:00,346.525,346.575,346.48,346.4869,13960
2026-04-28 17:16:00,346.505,346.565,346.31,346.34,15190
2026-04-28 17:17:00,346.35,346.37,346.23,346.295,26067
2026-04-28 17:18:00,346.3,346.35,346.245,346.295,16000
2026-04-28 17:19:00,346.26,346.29,346.21,346.29,10876
2026-04-28 17:20:00,346.36,346.37,346.08,346.085,28235
2026-04-28 17:21:00,346.1,346.38,346.02,346.27,17376
2026-04-28 17:22:00,346.28,346.455,346.26,346.4,14342
2026-04-28 17:23:00,346.39,346.41,346.23,346.34,17499
2026-04-28 17:24:00,346.38,346.48,346.35,346.46,19389
2026-04-28 17:25:00,346.49,346.62,346.4861,346.5951,150794
2026-04-28 17:26:00,346.59,346.59,346.52,346.5399,8595
2026-04-28 17:27:00,346.552,346.76,346.552,346.76,15110
2026-04-28 17:28:00,346.765,346.815,346.71,346.815,16031
2026-04-28 17:29:00,346.81,346.87,346.5801,346.61,15038
2026-04-28 17:30:00,346.6,346.71,346.55,346.71,20859
2026-04-28 17:31:00,346.73,346.9388,346.73,346.92,9507
2026-04-28 17:32:00,346.94,347.02,346.69,346.69,47401
2026-04-28 17:33:00,346.72,346.7399,346.52,346.55,16460
2026-04-28 17:34:00,346.55,346.705,346.51,346.615,33689
2026-04-28 17:35:00,346.66,346.85,346.6201,346.78,28478
2026-04-28 17:36:00,346.795,346.8,346.65,346.6878,15297
2026-04-28 17:37:00,346.7,346.73,346.67,346.73,13154
2026-04-28 17:38:00,346.74,346.76,346.62,346.665,12325
2026-04-28 17:39:00,346.65,346.7578,346.64,346.66,19506
2026-04-28 17:40:00,346.7,346.8199,346.62,346.8199,19401
2026-04-28 17:41:00,346.79,346.955,346.755,346.93,16180
2026-04-28 17:42:00,346.94,346.975,346.84,346.86,18277
2026-04-28 17:43:00,346.865,346.9,346.82,346.84,12686
2026-04-28 17:44:00,346.845,346.86,346.63,346.655,23694
2026-04-28 17:45:00,346.63,346.82,346.61,346.705,22997
2026-04-28 17:46:00,346.735,346.93,346.72,346.87,15464
2026-04-28 17:47:00,346.87,346.95,346.805,346.81,18219
2026-04-28 17:48:00,346.8,346.83,346.765,346.765,14018
2026-04-28 17:49:00,346.79,346.93,346.79,346.89,12958
2026-04-28 17:50:00,346.88,347.0699,346.87,347.04,19084
2026-04-28 17:51:00,347.055,347.13,346.92,346.94,22359
2026-04-28 17:52:00,346.94,346.95,346.86,346.9,21565
2026-04-28 17:53:00,346.84,346.99,346.84,346.985,13571
2026-04-28 17:54:00,347.02,347.02,346.8387,346.89,16471
2026-04-28 17:55:00,346.87,346.87,346.57,346.6,18624
2026-04-28 17:56:00,346.6,346.7423,346.55,346.705,14695
2026-04-28 17:57:00,346.72,346.74,346.62,346.7,16315
2026-04-28 17:58:00,346.69,346.86,346.69,346.84,14059
2026-04-28 17:59:00,346.86,346.89,346.73,346.805,21110
2026-04-28 18:00:00,346.83,347.03,346.83,347.005,23489
2026-04-28 18:01:00,347.02,347.04,346.92,347.03,24045
2026-04-28 18:02:00,347.03,347.115,346.99,346.99,13978
2026-04-28 18:03:00,346.99,347.12,346.9789,347.025,14533
2026-04-28 18:04:00,347.08,347.08,346.95,347.02,33055
2026-04-28 18:05:00,347.01,347.15,347.0,347.07,22082
2026-04-28 18:06:00,347.07,347.12,347.015,347.025,16329
2026-04-28 18:07:00,347.04,347.17,347.03,347.155,13686
2026-04-28 18:08:00,347.15,347.22,347.13,347.21,15182
2026-04-28 18:09:00,347.235,347.42,347.18,347.4001,21763
2026-04-28 18:10:00,347.4,347.43,347.325,347.4,16507
2026-04-28 18:11:00,347.39,347.41,347.22,347.27,14736
2026-04-28 18:12:00,347.285,347.37,347.2,347.2,17202
2026-04-28 18:13:00,347.22,347.22,347.14,347.155,8164
2026-04-28 18:14:00,347.155,347.27,347.14,347.26,11375
2026-04-28 18:15:00,347.27,347.385,347.27,347.37,13071
2026-04-28 18:16:00,347.4,347.4,347.315,347.325,15559
2026-04-28 18:17:00,347.33,347.56,347.3,347.56,23205
2026-04-28 18:18:00,347.57,347.71,347.5501,347.6701,20699
2026-04-28 18:19:00,347.68,347.75,347.645,347.665,10552
2026-04-28 18:20:00,347.665,347.7145,347.485,347.49,15076
2026-04-28 18:21:00,347.47,347.535,347.42,347.52,11115
2026-04-28 18:22:00,347.515,347.5899,347.465,347.48,16903
2026-04-28 18:23:00,347.485,347.74,347.485,347.53,36511
2026-04-28 18:24:00,347.4999,347.4999,347.42,347.47,21232
2026-04-28 18:25:00,347.46,347.545,347.43,347.545,15297
2026-04-28 18:26:00,347.55,347.65,347.55,347.62,14402
2026-04-28 18:27:00,347.62,347.66,347.57,347.6401,11625
2026-04-28 18:28:00,347.63,347.68,347.56,347.68,16374
2026-04-28 18:29:00,347.67,347.67,347.6,347.61,12417
2026-04-28 18:30:00,347.605,347.63,347.4612,347.475,19996
2026-04-28 18:31:00,347.47,347.64,347.47,347.585,11701
2026-04-28 18:32:00,347.61,347.61,347.445,347.5,13180
2026-04-28 18:33:00,347.5,347.5,347.3195,347.3195,15140
2026-04-28 18:34:00,347.335,347.335,347.19,347.29,13634
2026-04-28 18:35:00,347.295,347.33,347.24,347.24,14192
2026-04-28 18:36:00,347.23,347.31,347.23,347.255,19765
2026-04-28 18:37:00,347.2401,347.295,347.195,347.195,20810
2026-04-28 18:38:00,347.22,347.335,347.21,347.335,13501
2026-04-28 18:39:00,347.335,347.37,347.2465,347.25,13583
2026-04-28 18:40:00,347.23,347.25,347.18,347.21,8361
2026-04-28 18:41:00,347.21,347.22,347.145,347.2,11153
2026-04-28 18:42:00,347.2,347.37,347.2,347.31,16038
2026-04-28 18:43:00,347.3,347.356,347.26,347.33,13059
2026-04-28 18:44:00,347.32,347.37,347.26,347.29,12432
2026-04-28 18:45:00,347.289,347.3,347.23,347.27,12859
2026-04-28 18:46:00,347.26,347.4299,347.26,347.37,11980
2026-04-28 18:47:00,347.39,347.39,347.22,347.22,21086
2026-04-28 18:48:00,347.21,347.3201,347.21,347.31,13172
2026-04-28 18:49:00,347.31,347.375,347.2901,347.295,14306
2026-04-28 18:50:00,347.29,347.29,347.2,347.225,14517
2026-04-28 18:51:00,347.235,347.42,347.235,347.42,15291
2026-04-28 18:52:00,347.39,347.53,347.39,347.49,14860
2026-04-28 18:53:00,347.5199,347.54,347.4,347.41,16171
2026-04-28 18:54:00,347.4,347.66,347.4,347.57,21366
2026-04-28 18:55:00,347.56,347.6,347.38,347.3901,46136
2026-04-28 18:56:00,347.42,347.5225,347.38,347.46,16535
2026-04-28 18:57:00,347.465,347.49,347.425,347.435,17940
2026-04-28 18:58:00,347.44,347.45,347.37,347.44,13416
2026-04-28 18:59:00,347.45,347.595,347.44,347.515,20281
2026-04-28 19:00:00,347.52,347.5699,347.47,347.5,18608
2026-04-28 19:01:00,347.49,347.57,347.49,347.57,30950
2026-04-28 19:02:00,347.59,347.61,347.48,347.545,19075
2026-04-28 19:03:00,347.565,347.73,347.565,347.715,37410
2026-04-28 19:04:00,347.737,347.86,347.69,347.84,46528
2026-04-28 19:05:00,347.85,347.895,347.67,347.86,60840
2026-04-28 19:06:00,347.85,347.92,347.82,347.8567,45831
2026-04-28 19:07:00,347.86,347.915,347.68,347.74,43234
2026-04-28 19:08:00,347.74,347.865,347.68,347.82,30798
2026-04-28 19:09:00,347.82,348.06,347.82,348.06,56818
2026-04-28 19:10:00,348.04,348.15,348.04,348.1396,40089
2026-04-28 19:11:00,348.12,348.23,348.04,348.1499,27667
2026-04-28 19:12:00,348.15,348.24,348.085,348.165,22778
2026-04-28 19:13:00,348.17,348.19,347.95,347.99,19719
2026-04-28 19:14:00,347.965,348.04,347.95,348.025,22357
2026-04-28 19:15:00,348.01,348.01,347.77,347.8,26126
2026-04-28 19:16:00,347.793,347.96,347.74,347.96,19784
2026-04-28 19:17:00,347.94,347.94,347.75,347.81,17251
2026-04-28 19:18:00,347.81,347.85,347.74,347.83,21380
2026-04-28 19:19:00,347.83,347.87,347.755,347.82,15861
2026-04-28 19:20:00,347.83,347.96,347.75,347.9,14906
2026-04-28 19:21:00,347.9,347.9,347.81,347.82,20697
2026-04-28 19:22:00,347.83,347.86,347.54,347.57,36447
2026-04-28 19:23:00,347.57,347.58,347.5,347.51,30491
2026-04-28 19:24:00,347.49,347.595,347.47,347.595,21177
2026-04-28 19:25:00,347.58,347.58,347.46,347.535,25224
2026-04-28 19:26:00,347.55,347.66,347.54,347.6,14589
2026-04-28 19:27:00,347.585,347.585,347.45,347.51,14466
2026-04-28 19:28:00,347.515,347.5291,347.47,347.49,16197
2026-04-28 19:29:00,347.49,347.675,347.47,347.675,16204
2026-04-28 19:30:00,347.69,347.72,347.53,347.6,41587
2026-04-28 19:31:00,347.614,347.69,347.58,347.64,19349
2026-04-28 19:32:00,347.64,347.6899,347.5802,347.65,14399
2026-04-28 19:33:00,347.64,347.655,347.595,347.62,20226
2026-04-28 19:34:00,347.635,347.635,347.5573,347.56,20742
2026-04-28 19:35:00,347.57,347.67,347.51,347.67,23869
2026-04-28 19:36:00,347.68,347.7777,347.67,347.77,17740
2026-04-28 19:37:00,347.79,347.96,347.755,347.92,19454
2026-04-28 19:38:00,347.955,347.9799,347.9199,347.97,22594
2026-04-28 19:39:00,348.01,348.06,347.975,348.02,23123
2026-04-28 19:40:00,348.04,348.3,348.04,348.3,25483
2026-04-28 19:41:00,348.32,348.3498,348.24,348.2505,18788
2026-04-28 19:42:00,348.26,348.27,348.07,348.12,22490
2026-04-28 19:43:00,348.12,348.13,348.03,348.1,14678
2026-04-28 19:44:00,348.11,348.16,348.04,348.09,22237
2026-04-28 19:45:00,348.07,348.26,348.07,348.2401,26317
2026-04-28 19:46:00,348.26,348.26,348.15,348.17,35467
2026-04-28 19:47:00,348.18,348.19,348.0,348.085,35715
2026-04-28 19:48:00,348.0801,348.175,348.07,348.1301,36051
2026-04-28 19:49:00,348.14,348.15,348.05,348.08,24088
2026-04-28 19:50:00,348.12,348.4,348.12,348.39,64161
2026-04-28 19:51:00,348.4,348.5,348.38,348.5,58620
2026-04-28 19:52:00,348.5,348.58,348.45,348.505,58183
2026-04-28 19:53:00,348.51,348.6,348.05,348.13,84579
2026-04-28 19:54:00,348.15,348.15,347.42,347.505,203221
2026-04-28 19:55:00,347.48,347.48,347.07,347.26,109337
2026-04-28 19:56:00,347.25,347.55,347.215,347.55,94687
2026-04-28 19:57:00,347.55,347.56,347.4,347.47,125303
2026-04-28 19:58:00,347.47,347.57,347.42,347.55,123386
2026-04-28 19:59:00,347.555,347.62,347.42,347.51,240873
2026-04-29 13:30:00,345.48,345.69,342.69,342.69,684872
2026-04-29 13:31:00,342.725,344.29,342.43,344.16,109203
2026-04-29 13:32:00,344.17,344.9,343.695,344.525,66903
2026-04-29 13:33:00,344.49,344.955,344.153,344.945,61426
2026-04-29 13:34:00,344.98,345.18,344.2,344.325,49184
2026-04-29 13:35:00,344.27,344.505,343.84,344.185,72340
2026-04-29 13:36:00,344.36,344.91,344.18,344.56,65277
2026-04-29 13:37:00,344.665,345.61,344.62,345.45,71826
2026-04-29 13:38:00,345.37,345.68,345.36,345.5801,68219
2026-04-29 13:39:00,345.62,346.05,345.32,345.94,77291
2026-04-29 13:40:00,345.9441,346.25,345.86,346.0,79011
2026-04-29 13:41:00,346.0699,346.4,345.84,346.12,75263
2026-04-29 13:42:00,346.11,346.34,345.89,346.322,73954
2026-04-29 13:43:00,346.28,346.87,346.28,346.57,71432
2026-04-29 13:44:00,346.5,347.02,346.36,346.855,69397
2026-04-29 13:45:00,346.75,346.75,346.32,346.5808,61998
2026-04-29 13:46:00,346.6,347.4299,346.52,347.4,75274
2026-04-29 13:47:00,347.43,347.82,347.29,347.48,70931
2026-04-29 13:48:00,347.51,348.37,347.36,348.305,72054
2026-04-29 13:49:00,348.4,348.71,348.18,348.2,58794
2026-04-29 13:50:00,348.2,348.695,348.12,348.65,39172
2026-04-29 13:51:00,348.705,349.05,348.51,349.05,86775
2026-04-29 13:52:00,349.01,349.0499,348.1701,348.8299,66688
2026-04-29 13:53:00,348.78,349.22,348.73,349.06,41172
2026-04-29 13:54:00,349.0795,349.4,348.845,349.01,53814
2026-04-29 13:55:00,349.19,349.435,349.05,349.33,51491
2026-04-29 13:56:00,349.34,349.5021,349.08,349.28,61505
2026-04-29 13:57:00,349.3,349.32,348.6,348.6,44942
2026-04-29 13:58:00,348.61,349.2,348.61,349.2,30126
2026-04-29 13:59:00,349.15,349.77,349.13,349.765,54962
2026-04-29 14:00:00,349.79,349.99,349.2901,349.395,86551
2026-04-29 14:01:00,349.215,349.44,349.1,349.1054,62559
2026-04-29 14:02:00,349.1,349.18,348.725,349.14,76570
2026-04-29 14:03:00,349.15,349.19,348.72,348.72,36003
2026-04-29 14:04:00,348.7499,349.46,348.61,349.46,47359
2026-04-29 14:05:00,349.325,349.34,348.78,348.84,47193
2026-04-29 14:06:00,348.81,349.055,348.66,348.87,35383
2026-04-29 14:07:00,348.79,348.95,348.65,348.81,39249
2026-04-29 14:08:00,348.78,349.0999,348.745,348.87,41235
2026-04-29 14:09:00,348.9,348.92,348.73,348.89,33163
2026-04-29 14:10:00,348.87,349.24,348.79,349.13,72543
2026-04-29 14:11:00,349.12,349.3,349.0,349.155,77590
2026-04-29 14:12:00,349.18,350.04,349.18,349.98,101230
2026-04-29 14:13:00,349.97,350.29,349.59,349.595,87312
2026-04-29 14:14:00,349.65,350.0587,349.65,349.87,37336
2026-04-29 14:15:00,349.82,349.945,349.42,349.6675,30970
2026-04-29 14:16:00,349.63,349.67,349.36,349.4696,39217
2026-04-29 14:17:00,349.42,349.51,349.27,349.47,36970
2026-04-29 14:18:00,349.505,349.9,349.505,349.83,33875
2026-04-29 14:19:00,349.91,350.0797,349.7,349.985,38824
2026-04-29 14:20:00,349.94,350.1925,349.905,350.14,54610
2026-04-29 14:21:00,350.15,350.33,349.9401,350.31,39309
2026-04-29 14:22:00,350.29,350.5,350.29,350.37,43689
2026-04-29 14:23:00,350.31,350.48,350.05,350.365,85684
2026-04-29 14:24:00,350.365,350.5699,350.18,350.54,43261
2026-04-29 14:25:00,350.56,350.98,350.55,350.94,32805
2026-04-29 14:26:00,350.95,351.039,350.79,350.8099,54207
2026-04-29 14:27:00,350.765,351.24,350.765,351.21,44719
2026-04-29 14:28:00,351.21,351.22,350.84,350.985,37217
2026-04-29 14:29:00,351.045,351.42,351.03,351.33,60875
2026-04-29 14:30:00,351.36,351.39,350.93,351.055,36943
2026-04-29 14:31:00,351.0892,351.4,350.79,351.4,27513
2026-04-29 14:32:00,351.395,352.28,351.395,352.275,76202
2026-04-29 14:33:00,352.26,352.6999,352.13,352.64,76726
2026-04-29 14:34:00,352.62,352.91,352.56,352.81,78971
2026-04-29 14:35:00,352.73,353.38,352.6,353.226,99413
2026-04-29 14:36:00,353.2399,353.27,352.825,353.22,49681
2026-04-29 14:37:00,353.05,353.39,352.66,352.77,47624
2026-04-29 14:38:00,352.655,352.955,352.5804,352.674,29953
2026-04-29 14:39:00,352.66,352.94,352.5801,352.62,34246
2026-04-29 14:40:00,352.62,352.705,352.41,352.525,83609
2026-04-29 14:41:00,352.535,352.7,351.95,351.97,102371
2026-04-29 14:42:00,352.03,352.33,351.8,352.19,240084
2026-04-29 14:43:00,352.15,352.65,352.115,352.56,118707
2026-04-29 14:44:00,352.68,353.05,352.68,352.83,75897
2026-04-29 14:45:00,352.865,352.865,352.1517,352.27,43248
2026-04-29 14:46:00,352.2753,352.3,351.9,351.93,50196
2026-04-29 14:47:00,351.9,351.95,351.69,351.91,33433
2026-04-29 14:48:00,351.98,352.1119,351.7,352.0,26510
2026-04-29 14:49:00,351.985,351.985,351.5,351.55,34418
2026-04-29 14:50:00,351.55,351.8276,351.4301,351.46,41338
2026-04-29 14:51:00,351.46,351.63,351.355,351.41,41723
2026-04-29 14:52:00,351.48,351.555,351.13,351.27,53208
2026-04-29 14:53:00,351.25,351.25,350.72,350.74,44771
2026-04-29 14:54:00,350.765,350.99,350.74,350.82,43408
2026-04-29 14:55:00,350.83,350.96,350.62,350.63,27939
2026-04-29 14:56:00,350.57,350.705,350.41,350.675,59768
2026-04-29 14:57:00,350.69,350.73,350.32,350.43,54643
2026-04-29 14:58:00,350.39,350.405,349.83,349.8801,89463
2026-04-29 14:59:00,349.88,350.09,349.77,349.77,37906
2026-04-29 15:00:00,349.77,350.08,349.77,350.04,37018
2026-04-29 15:01:00,350.04,350.37,350.04,350.22,39833
2026-04-29 15:02:00,350.25,350.7001,350.25,350.685,38093
2026-04-29 15:03:00,350.74,350.75,350.335,350.34,34667
2026-04-29 15:04:00,350.33,350.67,350.11,350.6648,27372
2026-04-29 15:05:00,350.63,350.92,350.625,350.755,36610
2026-04-29 15:06:00,350.84,350.96,350.6301,350.665,31844
2026-04-29 15:07:00,350.69,350.775,350.34,350.43,28203
2026-04-29 15:08:00,350.43,350.46,350.12,350.15,22381
2026-04-29 15:09:00,350.135,350.135,349.77,349.775,64426
2026-04-29 15:10:00,349.75,350.0292,349.64,349.86,43415
2026-04-29 15:11:00,349.9245,350.0012,349.6902,349.72,22817
2026-04-29 15:12:00,349.66,349.66,349.3601,349.57,24999
2026-04-29 15:13:00,349.5814,349.7199,349.3701,349.4575,32389
2026-04-29 15:14:00,349.44,349.47,349.3,349.315,20109
2026-04-29 15:15:00,349.305,349.48,349.235,349.47,29401
2026-04-29 15:16:00,349.475,349.67,349.35,349.425,27739
2026-04-29 15:17:00,349.33,349.77,349.33,349.715,26336
2026-04-29 15:18:00,349.73,349.75,349.3501,349.3501,21046
2026-04-29 15:19:00,349.34,349.54,349.275,349.5075,16872
2026-04-29 15:20:00,349.52,349.62,349.37,349.51,14248
2026-04-29 15:21:00,349.525,349.56,349.25,349.265,12742
2026-04-29 15:22:00,349.2,349.23,349.05,349.1,33439
2026-04-29 15:23:00,349.1,349.36,349.01,349.31,19648
2026-04-29 15:24:00,349.285,349.3498,349.07,349.2,37124
2026-04-29 15:25:00,349.24,349.3158,349.15,349.29,17548
2026-04-29 15:26:00,349.32,349.47,349.31,349.46,316330
2026-04-29 15:27:00,349.46,349.7299,349.46,349.585,20579
2026-04-29 15:28:00,349.63,349.67,349.31,349.315,19710
2026-04-29 15:29:00,349.325,349.54,349.23,349.46,21836
2026-04-29 15:30:00,349.52,349.895,349.52,349.87,37142
2026-04-29 15:31:00,349.8865,350.08,349.825,349.935,37987
2026-04-29 15:32:00,349.93,349.954,349.645,349.8901,37339
2026-04-29 15:33:00,349.945,350.0,349.8078,349.945,27649
2026-04-29 15:34:00,349.965,350.09,349.845,350.06,22034
2026-04-29 15:35:00,350.05,350.29,350.012,350.29,39792
2026-04-29 15:36:00,350.24,350.245,350.02,350.16,18425
2026-04-29 15:37:00,350.135,350.46,350.125,350.33,29744
2026-04-29 15:38:00,350.3501,350.385,350.1097,350.2,18994
2026-04-29 15:39:00,350.2,350.2,349.9,349.903,22440
2026-04-29 15:40:00,349.92,350.05,349.7017,349.7017,20629
2026-04-29 15:41:00,349.66,349.73,349.62,349.705,14893
2026-04-29 15:42:00,349.7,349.75,349.625,349.685,21193
2026-04-29 15:43:00,349.74,349.888,349.74,349.888,17209
2026-04-29 15:44:00,349.87,349.87,349.45,349.45,15328
2026-04-29 15:45:00,349.48,349.59,349.34,349.56,30408
2026-04-29 15:46:00,349.61,349.775,349.58,349.72,21035
2026-04-29 15:47:00,349.74,349.88,349.72,349.79,32006
2026-04-29 15:48:00,349.78,349.78,349.55,349.61,24716
2026-04-29 15:49:00,349.43,349.7,349.43,349.685,21143
2026-04-29 15:50:00,349.69,349.75,349.55,349.55,18248
2026-04-29 15:51:00,349.5,349.53,348.86,349.18,84289
2026-04-29 15:52:00,349.21,349.22,348.8,348.92,32302
2026-04-29 15:53:00,348.86,348.92,348.6411,348.66,29836
2026-04-29 15:54:00,348.56,348.755,348.365,348.72,40332
2026-04-29 15:55:00,348.7599,348.9,348.6,348.87,18290
2026-04-29 15:56:00,348.91,348.96,348.58,348.66,12689
2026-04-29 15:57:00,348.605,348.69,348.51,348.6253,12717
2026-04-29 15:58:00,348.615,348.9596,348.615,348.71,21161
2026-04-29 15:59:00,348.71,348.99,348.54,348.905,27453
2026-04-29 16:00:00,348.94,348.94,348.63,348.63,15692
2026-04-29 16:01:00,348.6,348.87,348.5501,348.845,17030
2026-04-29 16:02:00,348.82,348.825,348.55,348.65,10844
2026-04-29 16:03:00,348.6399,348.6399,348.2,348.25,38639
2026-04-29 16:04:00,348.2125,348.33,348.16,348.276,24118
2026-04-29 16:05:00,348.285,348.3,348.04,348.05,18010
2026-04-29 16:06:00,348.055,348.23,347.9122,348.2,30613
2026-04-29 16:07:00,348.2,348.22,347.845,347.99,13389
2026-04-29 16:08:00,347.9775,348.2,347.96,348.1625,19970
2026-04-29 16:09:00,348.165,348.24,347.935,348.015,18533
2026-04-29 16:10:00,347.95,348.23,347.95,348.16,16230
2026-04-29 16:11:00,348.15,348.2099,348.11,348.16,13194
2026-04-29 16:12:00,348.14,348.14,348.0,348.14,16589
2026-04-29 16:13:00,348.13,348.2399,348.06,348.145,11655
2026-04-29 16:14:00,348.125,348.16,348.03,348.16,15731
2026-04-29 16:15:00,348.1756,348.3251,348.13,348.265,12922
2026-04-29 16:16:00,348.265,348.265,347.97,348.005,15704
2026-04-29 16:17:00,348.0191,348.04,347.83,347.869,17432
2026-04-29 16:18:00,347.84,347.95,347.7501,347.95,20848
2026-04-29 16:19:00,347.88,347.94,347.736,347.81,20350
2026-04-29 16:20:00,347.76,347.96,347.59,347.73,23427
2026-04-29 16:21:00,347.76,347.96,347.725,347.735,19617
2026-04-29 16:22:00,347.77,347.77,347.54,347.54,19853
2026-04-29 16:23:00,347.51,347.66,347.45,347.63,21696
2026-04-29 16:24:00,347.64,347.73,347.5,347.62,18882
2026-04-29 16:25:00,347.62,347.7,347.48,347.49,17134
2026-04-29 16:26:00,347.55,347.6,347.5,347.53,7284
2026-04-29 16:27:00,347.49,347.59,347.375,347.39,31563
2026-04-29 16:28:00,347.34,347.34,347.05,347.0601,25488
2026-04-29 16:29:00,347.065,347.26,347.0,347.126,24059
2026-04-29 16:30:00,347.105,347.105,346.715,346.715,20590
2026-04-29 16:31:00,346.63,346.7,346.47,346.545,27118
2026-04-29 16:32:00,346.515,346.77,346.42,346.64,27622
2026-04-29 16:33:00,346.67,346.67,346.4,346.41,23681
2026-04-29 16:34:00,346.37,346.37,346.225,346.27,25619
2026-04-29 16:35:00,346.32,346.395,346.0,346.12,21275
2026-04-29 16:36:00,346.15,346.27,345.74,345.83,41479
2026-04-29 16:37:00,345.86,345.995,345.75,345.7626,32252
2026-04-29 16:38:00,345.7851,345.865,345.671,345.824,21461
2026-04-29 16:39:00,345.84,346.16,345.815,346.15,26003
2026-04-29 16:40:00,346.37,346.4699,346.29,346.4,30089
2026-04-29 16:41:00,346.35,346.37,346.25,346.3,18978
2026-04-29 16:42:00,346.32,346.53,346.27,346.39,18531
2026-04-29 16:43:00,346.38,346.6,346.38,346.535,17414
2026-04-29 16:44:00,346.545,346.545,346.31,346.46,34342
2026-04-29 16:45:00,346.48,346.48,346.26,346.29,21538
2026-04-29 16:46:00,346.34,346.6285,346.34,346.61,27791
2026-04-29 16:47:00,346.61,346.61,346.295,346.32,31064
2026-04-29 16:48:00,346.276,346.34,346.14,346.34,20349
2026-04-29 16:49:00,346.25,346.42,346.23,346.2916,15939
2026-04-29 16:50:00,346.26,346.48,346.16,346.42,13294
2026-04-29 16:51:00,346.395,346.57,346.395,346.55,18342
2026-04-29 16:52:00,346.56,346.6,346.44,346.49,17625
2026-04-29 16:53:00,346.52,346.61,346.43,346.43,15146
2026-04-29 16:54:00,346.34,346.44,346.2,346.23,25845
2026-04-29 16:55:00,346.22,346.315,346.16,346.24,16799
2026-04-29 16:56:00,346.27,346.41,346.2,346.2,20699
2026-04-29 16:57:00,346.1825,346.265,345.9922,345.995,25778
2026-04-29 16:58:00,346.02,346.075,345.895,345.95,25422
2026-04-29 16:59:00,345.97,346.03,345.82,346.0,26682
2026-04-29 17:00:00,346.11,346.17,345.92,346.0599,27081
2026-04-29 17:01:00,345.995,346.085,345.835,345.835,13405
2026-04-29 17:02:00,345.8,345.84,345.7,345.75,20630
2026-04-29 17:03:00,345.715,345.8,345.59,345.7701,29540
2026-04-29 17:04:00,345.79,345.94,345.737,345.94,21084
2026-04-29 17:05:00,346.0,346.17,345.925,346.115,19794
2026-04-29 17:06:00,346.1,346.2,346.07,346.07,19755
2026-04-29 17:07:00,346.06,346.335,346.03,346.255,26984
2026-04-29 17:08:00,346.26,346.34,346.145,346.1685,18295
2026-04-29 17:09:00,346.17,346.465,346.17,346.43,25875
2026-04-29 17:10:00,346.46,346.56,346.44,346.465,14082
2026-04-29 17:11:00,346.46,346.53,346.295,346.32,18900
2026-04-29 17:12:00,346.32,346.47,346.26,346.32,19915
2026-04-29 17:13:00,346.335,346.37,346.18,346.27,27980
2026-04-29 17:14:00,346.34,346.465,346.31,346.44,21882
2026-04-29 17:15:00,346.44,346.53,346.325,346.48,15488
2026-04-29 17:16:00,346.47,346.68,346.47,346.62,28135
2026-04-29 17:17:00,346.65,346.9499,346.65,346.89,26429
2026-04-29 17:18:00,346.88,346.92,346.73,346.82,23735
2026-04-29 17:19:00,346.82,346.87,346.7301,346.77,25308
2026-04-29 17:20:00,346.79,347.04,346.76,346.95,50360
2026-04-29 17:21:00,346.96,347.04,346.8,347.04,28580
2026-04-29 17:22:00,346.9969,347.1799,346.985,347.1799,14623
2026-04-29 17:23:00,347.12,347.365,347.12,347.35,22262
2026-04-29 17:24:00,347.37,347.38,347.215,347.22,14977
2026-04-29 17:25:00,347.245,347.245,347.035,347.07,12210
2026-04-29 17:26:00,347.09,347.2399,347.03,347.165,17370
2026-04-29 17:27:00,347.1351,347.185,347.105,347.105,9021
2026-04-29 17:28:00,347.1,347.2582,347.045,347.23,9503
2026-04-29 17:29:00,347.15,347.28,347.1105,347.262,12719
2026-04-29 17:30:00,347.28,347.38,347.1513,347.37,19591
2026-04-29 17:31:00,347.365,347.42,347.16,347.36,22562
2026-04-29 17:32:00,347.28,347.43,347.28,347.36,24867
2026-04-29 17:33:00,347.347,347.45,347.255,347.45,23208
2026-04-29 17:34:00,347.46,347.49,347.32,347.36,23882
2026-04-29 17:35:00,347.355,347.43,347.19,347.21,16556
2026-04-29 17:36:00,347.16,347.2885,347.085,347.26,29348
2026-04-29 17:37:00,347.24,347.29,347.14,347.22,21064
2026-04-29 17:38:00,347.24,347.24,347.11,347.19,22686
2026-04-29 17:39:00,347.2,347.32,347.16,347.26,15253
2026-04-29 17:40:00,347.27,347.38,347.215,347.31,17992
2026-04-29 17:41:00,347.28,347.31,347.16,347.22,17351
2026-04-29 17:42:00,347.18,347.31,347.135,347.2766,25561
2026-04-29 17:43:00,347.27,347.33,347.16,347.28,18959
2026-04-29 17:44:00,347.28,347.435,347.26,347.3999,19989
2026-04-29 17:45:00,347.39,347.44,347.08,347.08,17855
2026-04-29 17:46:00,347.12,347.18,347.07,347.13,27376
2026-04-29 17:47:00,347.1,347.235,347.04,347.22,19506
2026-04-29 17:48:00,347.26,347.49,347.1825,347.32,26331
2026-04-29 17:49:00,347.34,347.48,347.26,347.38,18355
2026-04-29 17:50:00,347.46,347.495,347.375,347.478,25731
2026-04-29 17:51:00,347.46,347.54,347.34,347.3601,18181
2026-04-29 17:52:00,347.36,347.455,347.295,347.3,16856
2026-04-29 17:53:00,347.29,347.29,347.006,347.11,18835
2026-04-29 17:54:00,347.11,347.3,347.015,347.205,17258
2026-04-29 17:55:00,347.23,347.29,347.16,347.19,33526
2026-04-29 17:56:00,347.235,347.425,347.235,347.27,13216
2026-04-29 17:57:00,347.2385,347.43,347.21,347.39,12616
2026-04-29 17:58:00,347.4,347.52,347.395,347.4985,11914
2026-04-29 17:59:00,347.515,347.55,347.36,347.39,15887
2026-04-29 18:00:00,347.41,347.43,347.085,347.1685,28718
2026-04-29 18:01:00,347.15,347.23,347.02,347.085,30328
2026-04-29 18:02:00,347.08,347.1,346.98,347.06,25935
2026-04-29 18:03:00,347.04,347.04,346.76,346.76,29744
2026-04-29 18:04:00,346.76,346.82,346.6213,346.71,23197
2026-04-29 18:05:00,346.71,346.77,346.48,346.58,16332
2026-04-29 18:06:00,346.54,346.724,346.46,346.58,15974
2026-04-29 18:07:00,346.425,346.85,346.38,346.7301,32597
2026-04-29 18:08:00,346.69,346.69,346.395,346.41,14693
2026-04-29 18:09:00,346.42,346.735,346.42,346.73,16649
2026-04-29 18:10:00,346.75,346.84,346.6,346.79,18018
2026-04-29 18:11:00,346.8101,347.02,346.8101,346.8901,15722
2026-04-29 18:12:00,346.915,346.985,346.85,346.94,20600
2026-04-29 18:13:00,346.97,347.37,346.95,347.325,22675
2026-04-29 18:14:00,347.335,347.4,347.27,347.345,13515
2026-04-29 18:15:00,347.32,347.6,347.32,347.496,20513
2026-04-29 18:16:00,347.51,347.9299,347.51,347.83,29389
2026-04-29 18:17:00,347.835,348.1,347.835,347.96,22472
2026-04-29 18:18:00,347.965,348.01,347.775,347.93,16849
2026-04-29 18:19:00,347.9,347.91,347.75,347.75,16092
2026-04-29 18:20:00,347.73,348.0381,347.69,348.0,19754
2026-04-29 18:21:00,348.01,348.095,347.995,348.0,21159
2026-04-29 18:22:00,347.995,348.1,347.77,347.785,15523
2026-04-29 18:23:00,347.795,347.8499,347.605,347.605,20552
2026-04-29 18:24:00,347.58,347.6551,347.46,347.585,27221
2026-04-29 18:25:00,347.455,347.455,347.18,347.25,23012
2026-04-29 18:26:00,347.225,347.28,347.12,347.13,16459
2026-04-29 18:27:00,347.13,347.2732,347.11,347.175,14334
2026-04-29 18:28:00,347.15,347.398,347.15,347.23,19843
2026-04-29 18:29:00,347.23,347.23,347.14,347.21,12479
2026-04-29 18:30:00,347.195,347.2893,347.1,347.1799,28036
2026-04-29 18:31:00,347.13,347.15,346.865,346.9,30028
2026-04-29 18:32:00,346.91,347.1,346.81,347.1,19982
2026-04-29 18:33:00,347.125,347.27,347.115,347.26,19390
2026-04-29 18:34:00,347.27,347.32,347.2,347.2145,20628
2026-04-29 18:35:00,347.25,347.6601,347.23,347.6,46811
2026-04-29 18:36:00,347.605,348.13,347.605,347.92,42922
2026-04-29 18:37:00,347.9,347.95,347.43,347.79,46341
2026-04-29 18:38:00,347.86,347.8999,347.6901,347.785,28165
2026-04-29 18:39:00,347.76,347.815,347.58,347.65,13889
2026-04-29 18:40:00,347.58,347.64,347.47,347.595,21222
2026-04-29 18:41:00,347.57,347.59,347.425,347.56,32357
2026-04-29 18:42:00,347.555,347.555,347.35,347.43,19972
2026-04-29 18:43:00,347.39,347.45,347.25,347.37,43881
2026-04-29 18:44:00,347.37,347.37,347.15,347.235,24167
2026-04-29 18:45:00,347.21,347.4,347.09,347.38,25595
2026-04-29 18:46:00,347.43,347.47,347.22,347.27,19010
2026-04-29 18:47:00,347.29,347.77,347.28,347.6401,30750
2026-04-29 18:48:00,347.67,347.82,347.65,347.75,36667
2026-04-29 18:49:00,347.81,348.02,347.685,348.015,17227
2026-04-29 18:50:00,348.01,348.38,347.99,348.245,32272
2026-04-29 18:51:00,348.215,348.375,348.19,348.375,24271
2026-04-29 18:52:00,348.3951,348.545,348.365,348.5,40545
2026-04-29 18:53:00,348.54,348.54,348.26,348.3,20109
2026-04-29 18:54:00,348.29,348.29,348.0901,348.17,19814
2026-04-29 18:55:00,348.145,348.37,348.12,348.34,22533
2026-04-29 18:56:00,348.33,348.475,348.31,348.475,26788
2026-04-29 18:57:00,348.455,348.79,348.4398,348.76,22869
2026-04-29 18:58:00,348.79,349.045,348.79,349.0,32483
2026-04-29 18:59:00,349.07,349.195,349.0,349.11,24961
2026-04-29 19:00:00,349.14,349.38,349.14,349.25,34361
2026-04-29 19:01:00,349.2101,349.28,348.97,349.16,38126
2026-04-29 19:02:00,349.22,349.315,348.85,348.91,17920
2026-04-29 19:03:00,348.9101,348.965,348.79,348.9,22403
2026-04-29 19:04:00,348.96,349.07,348.85,348.855,21483
2026-04-29 19:05:00,348.87,348.905,348.6301,348.66,33555
2026-04-29 19:06:00,348.67,348.76,348.6,348.745,24917
2026-04-29 19:07:00,348.71,348.79,348.7,348.765,23621
2026-04-29 19:08:00,348.7613,348.85,348.64,348.8,25937
2026-04-29 19:09:00,348.8,348.8,348.6,348.69,21448
2026-04-29 19:10:00,348.69,348.89,348.5201,348.86,31068
2026-04-29 19:11:00,348.86,349.27,348.86,349.0651,40110
2026-04-29 19:12:00,349.055,349.115,348.8625,349.045,44428
2026-04-29 19:13:00,349.04,349.04,348.84,348.9799,20465
2026-04-29 19:14:00,348.93,349.015,348.84,348.975,19903
2026-04-29 19:15:00,349.07,349.24,349.045,349.124,32471
2026-04-29 19:16:00,349.085,349.36,349.08,349.335,31205
2026-04-29 19:17:00,349.315,349.38,349.1801,349.19,28081
2026-04-29 19:18:00,349.214,349.2572,349.035,349.15,24281
2026-04-29 19:19:00,349.145,349.26,349.11,349.14,21854
2026-04-29 19:20:00,349.16,349.51,349.155,349.51,40706
2026-04-29 19:21:00,349.495,349.51,348.92,348.94,53124
2026-04-29 19:22:00,348.9,349.0499,348.89,348.89,43980
2026-04-29 19:23:00,348.8491,349.15,348.845,349.095,31376
2026-04-29 19:24:00,349.095,349.28,349.095,349.2799,33987
2026-04-29 19:25:00,349.28,349.38,349.095,349.125,28425
2026-04-29 19:26:00,349.09,349.15,348.9,349.04,39731
2026-04-29 19:27:00,349.01,349.24,349.0,349.195,40883
2026-04-29 19:28:00,349.205,349.24,348.94,348.97,37529
2026-04-29 19:29:00,348.945,349.13,348.92,349.0,42417
2026-04-29 19:30:00,349.0,349.12,348.7701,348.78,32601
2026-04-29 19:31:00,348.775,348.88,348.72,348.785,33562
2026-04-29 19:32:00,348.77,349.0,348.66,348.76,100114
2026-04-29 19:33:00,348.71,348.74,348.446,348.515,44727
2026-04-29 19:34:00,348.5,348.705,348.41,348.61,38789
2026-04-29 19:35:00,348.6,348.7,348.5,348.62,48846
2026-04-29 19:36:00,348.65,348.9,348.65,348.8,58233
2026-04-29 19:37:00,348.77,348.9,348.64,348.8895,34333
2026-04-29 19:38:00,348.86,348.99,348.78,348.87,30769
2026-04-29 19:39:00,348.86,348.94,348.79,348.85,26830
2026-04-29 19:40:00,348.87,348.91,348.51,348.515,38427
2026-04-29 19:41:00,348.5,348.5,348.32,348.43,40437
2026-04-29 19:42:00,348.405,348.595,348.39,348.48,43833
2026-04-29 19:43:00,348.47,348.48,348.13,348.13,52080
2026-04-29 19:44:00,348.145,348.3,348.1025,348.21,39213
2026-04-29 19:45:00,348.23,348.51,348.23,348.48,36373
2026-04-29 19:46:00,348.5,348.61,348.345,348.38,32309
2026-04-29 19:47:00,348.37,348.4996,348.32,348.34,28815
2026-04-29 19:48:00,348.32,348.32,348.175,348.22,38097
2026-04-29 19:49:00,348.23,348.34,348.0601,348.08,44335
2026-04-29 19:50:00,348.06,348.12,347.66,347.92,105790
2026-04-29 19:51:00,347.915,348.18,347.7401,347.83,92555
2026-04-29 19:52:00,347.85,347.9899,347.76,347.9899,68773
2026-04-29 19:53:00,348.02,348.1082,347.87,347.905,74259
2026-04-29 19:54:00,347.92,348.06,347.69,347.75,99945
2026-04-29 19:55:00,347.76,348.06,347.23,348.04,148812
2026-04-29 19:56:00,348.06,348.23,347.96,348.0,115655
2026-04-29 19:57:00,347.975,347.9799,347.05,347.2,173532
2026-04-29 19:58:00,347.2,347.4899,346.89,346.9,203928
2026-04-29 19:59:00,346.895,348.0,346.81,347.68,396593
