datetime,open,high,low,close,volume
2026-04-23 15:27:00,422.325,422.7,422.04,422.67,0
2026-04-23 15:28:00,422.63,423.36,422.6,423.15,134294
2026-04-23 15:29:00,423.135,423.15,422.4881,422.5,58914
2026-04-23 15:30:00,422.455,422.455,421.9,422.1201,122468
2026-04-23 15:31:00,422.1649,422.9,422.1,422.83,78059
2026-04-23 15:32:00,422.86,423.0,422.4,422.45,60022
2026-04-23 15:33:00,422.45,422.76,422.4,422.565,39057
2026-04-23 15:34:00,422.62,422.8799,422.36,422.375,33208
2026-04-23 15:35:00,422.36,422.43,421.8001,421.975,60155
2026-04-23 15:36:00,421.98,422.14,421.84,421.84,42729
2026-04-23 15:37:00,421.845,421.92,421.37,421.3713,61672
2026-04-23 15:38:00,421.4,421.49,421.25,421.34,46717
2026-04-23 15:39:00,421.4399,421.4399,421.05,421.2801,47410
2026-04-23 15:40:00,421.28,421.3799,421.06,421.295,31375
2026-04-23 15:41:00,421.265,421.44,421.17,421.364,33903
2026-04-23 15:42:00,421.335,421.5,421.24,421.44,22121
2026-04-23 15:43:00,421.44,421.58,421.28,421.47,37309
2026-04-23 15:44:00,421.43,421.5799,421.25,421.39,22273
2026-04-23 15:45:00,421.39,421.39,421.0,421.1,52776
2026-04-23 15:46:00,421.0974,421.13,420.7001,420.8962,65141
2026-04-23 15:47:00,420.84,420.95,420.6801,420.7406,33842
2026-04-23 15:48:00,420.8,420.88,420.3101,420.4699,47788
2026-04-23 15:49:00,420.48,420.51,420.26,420.41,41999
2026-04-23 15:50:00,420.41,420.41,419.6,419.68,120122
2026-04-23 15:51:00,419.68,419.97,419.46,419.46,103978
2026-04-23 15:52:00,419.46,419.665,419.34,419.6494,61020
2026-04-23 15:53:00,419.615,419.95,419.58,419.865,90512
2026-04-23 15:54:00,419.86,419.9022,419.28,419.28,77548
2026-04-23 15:55:00,419.28,419.58,419.06,419.15,136744
2026-04-23 15:56:00,419.2,419.25,418.82,419.0825,100921
2026-04-23 15:57:00,419.1,419.211,418.45,418.775,96931
2026-04-23 15:58:00,418.775,419.15,418.74,419.08,59156
2026-04-23 15:59:00,419.115,419.305,419.09,419.26,59390
2026-04-23 16:00:00,419.19,419.54,419.13,419.45,54449
2026-04-23 16:01:00,419.47,419.67,419.37,419.38,43029
2026-04-23 16:02:00,419.36,419.38,418.95,419.015,57840
2026-04-23 16:03:00,418.955,419.015,418.64,418.705,46312
2026-04-23 16:04:00,418.73,418.89,418.64,418.7,34402
2026-04-23 16:05:00,418.7,419.03,418.54,418.86,37387
2026-04-23 16:06:00,418.8251,419.1,418.8251,418.99,51846
2026-04-23 16:07:00,418.99,419.05,418.5,418.675,48626
2026-04-23 16:08:00,418.675,418.755,418.4,418.415,63880
2026-04-23 16:09:00,418.43,418.4737,418.15,418.196,79627
2026-04-23 16:10:00,418.1901,418.59,418.19,418.455,65956
2026-04-23 16:11:00,418.455,418.5499,418.33,418.435,33259
2026-04-23 16:12:00,418.435,418.8401,418.435,418.83,31284
2026-04-23 16:13:00,418.81,419.02,418.74,418.935,39388
2026-04-23 16:14:00,418.96,419.09,418.8,418.91,45237
2026-04-23 16:15:00,418.91,419.0,418.68,418.76,63819
2026-04-23 16:16:00,418.707,418.8565,418.6,418.6001,39238
2026-04-23 16:17:00,418.58,418.7296,418.43,418.715,39099
2026-04-23 16:18:00,418.715,419.03,418.715,418.9383,50409
2026-04-23 16:19:00,418.94,418.9599,418.52,418.545,61355
2026-04-23 16:20:00,418.555,418.555,418.23,418.34,41880
2026-04-23 16:21:00,418.34,418.46,418.18,418.3,35066
2026-04-23 16:22:00,418.29,418.8299,418.29,418.77,67405
2026-04-23 16:23:00,418.7351,418.7799,418.48,418.545,28155
2026-04-23 16:24:00,418.56,418.8,418.5508,418.755,29809
2026-04-23 16:25:00,418.755,418.94,418.71,418.94,35327
2026-04-23 16:26:00,418.935,418.96,418.5307,418.6,59511
2026-04-23 16:27:00,418.6299,418.6799,417.84,417.96,116342
2026-04-23 16:28:00,417.96,418.13,417.81,417.89,108798
2026-04-23 16:29:00,417.93,418.08,417.84,417.93,65748
2026-04-23 16:30:00,417.91,417.91,417.6208,417.665,75536
2026-04-23 16:31:00,417.69,417.81,417.55,417.64,52700
2026-04-23 16:32:00,417.66,417.66,417.28,417.515,54463
2026-04-23 16:33:00,417.54,417.5699,417.17,417.5,72327
2026-04-23 16:34:00,417.47,417.53,417.29,417.505,34243
2026-04-23 16:35:00,417.49,417.76,417.41,417.5,48024
2026-04-23 16:36:00,417.524,417.55,417.36,417.44,46404
2026-04-23 16:37:00,417.445,417.5,417.0,417.13,61383
2026-04-23 16:38:00,417.1,417.25,416.95,417.05,66188
2026-04-23 16:39:00,417.06,417.355,416.96,417.355,55580
2026-04-23 16:40:00,417.3899,417.5,417.05,417.155,70760
2026-04-23 16:41:00,417.17,417.49,417.035,417.42,39512
2026-04-23 16:42:00,417.45,417.58,417.235,417.49,38066
2026-04-23 16:43:00,417.47,417.55,417.2701,417.355,34825
2026-04-23 16:44:00,417.3899,417.43,417.18,417.25,49688
2026-04-23 16:45:00,417.25,417.33,417.1,417.11,35109
2026-04-23 16:46:00,417.115,417.19,416.79,416.96,86491
2026-04-23 16:47:00,416.98,417.0568,416.82,416.88,52601
2026-04-23 16:48:00,416.875,417.04,416.81,417.0,69974
2026-04-23 16:49:00,417.02,417.1,416.94,417.02,43114
2026-04-23 16:50:00,417.025,417.23,417.025,417.09,52899
2026-04-23 16:51:00,417.065,417.19,417.04,417.17,30456
2026-04-23 16:52:00,417.155,417.47,417.155,417.305,50661
2026-04-23 16:53:00,417.305,417.49,417.305,417.385,57005
2026-04-23 16:54:00,417.41,417.4999,417.3001,417.47,51891
2026-04-23 16:55:00,417.5,417.53,417.395,417.5299,31748
2026-04-23 16:56:00,417.5298,417.95,417.51,417.89,64287
2026-04-23 16:57:00,417.89,418.08,417.81,417.845,36478
2026-04-23 16:58:00,417.81,417.89,417.4,417.615,41439
2026-04-23 16:59:00,417.66,417.78,417.55,417.7399,23634
2026-04-23 17:00:00,417.67,417.935,417.67,417.89,19697
2026-04-23 17:01:00,417.87,417.88,416.93,416.931,113513
2026-04-23 17:02:00,416.93,417.28,416.92,417.08,61535
2026-04-23 17:03:00,417.17,417.18,416.55,416.635,74316
2026-04-23 17:04:00,416.64,416.77,416.21,416.38,65543
2026-04-23 17:05:00,416.38,416.385,415.89,416.1401,144092
2026-04-23 17:06:00,416.14,416.2673,415.8501,416.0486,50120
2026-04-23 17:07:00,416.06,416.1099,415.55,415.945,101682
2026-04-23 17:08:00,415.95,416.24,415.91,415.915,93599
2026-04-23 17:09:00,415.9451,416.09,415.802,415.8451,58627
2026-04-23 17:10:00,415.845,415.9451,415.66,415.86,80561
2026-04-23 17:11:00,415.89,415.89,415.3,415.38,82299
2026-04-23 17:12:00,415.39,415.8199,415.31,415.57,48125
2026-04-23 17:13:00,415.555,415.6,415.2145,415.25,47967
2026-04-23 17:14:00,415.26,415.65,415.26,415.5,54922
2026-04-23 17:15:00,415.5,415.5,415.1,415.18,54483
2026-04-23 17:16:00,415.2,415.5099,414.91,415.235,216420
2026-04-23 17:17:00,415.235,415.235,414.66,414.905,73692
2026-04-23 17:18:00,414.89,415.23,414.837,414.93,75646
2026-04-23 17:19:00,414.96,415.095,414.55,414.85,270013
2026-04-23 17:20:00,414.88,414.915,414.6101,414.81,78517
2026-04-23 17:21:00,414.86,415.0,414.5899,414.73,56243
2026-04-23 17:22:00,414.725,414.8399,414.495,414.74,74609
2026-04-23 17:23:00,414.77,415.01,414.62,414.97,54460
2026-04-23 17:24:00,414.99,415.1999,414.84,414.99,45266
2026-04-23 17:25:00,415.0,415.07,414.725,415.07,67786
2026-04-23 17:26:00,415.0516,415.71,415.0516,415.67,74398
2026-04-23 17:27:00,415.64,415.67,415.18,415.459,33632
2026-04-23 17:28:00,415.34,415.395,414.87,415.115,47245
2026-04-23 17:29:00,415.115,415.23,415.05,415.2,36533
2026-04-23 17:30:00,415.2,415.49,415.05,415.21,31649
2026-04-23 17:31:00,415.2301,415.35,414.98,415.25,49632
2026-04-23 17:32:00,415.26,415.3322,415.05,415.3,54456
2026-04-23 17:33:00,415.35,415.35,415.1077,415.24,28636
2026-04-23 17:34:00,415.26,415.54,415.23,415.48,65905
2026-04-23 17:35:00,415.48,415.79,415.1601,415.22,70074
2026-04-23 17:36:00,415.22,415.28,413.71,413.94,153045
2026-04-23 17:37:00,413.98,413.98,413.515,413.63,117787
2026-04-23 17:38:00,413.63,413.9,413.41,413.695,94320
2026-04-23 17:39:00,413.695,413.7575,413.21,413.465,75156
2026-04-23 17:40:00,413.4651,413.4651,413.0,413.08,98480
2026-04-23 17:41:00,413.0504,413.07,412.46,412.61,152001
2026-04-23 17:42:00,412.59,413.17,412.3101,412.8399,117666
2026-04-23 17:43:00,412.7,412.7,411.6801,411.78,217566
2026-04-23 17:44:00,411.86,412.14,411.68,412.0501,131463
2026-04-23 17:45:00,412.0501,412.09,411.4101,411.705,98890
2026-04-23 17:46:00,411.705,411.86,411.49,411.74,97782
2026-04-23 17:47:00,411.78,412.64,411.565,412.355,111063
2026-04-23 17:48:00,412.28,412.81,412.2501,412.5768,134044
2026-04-23 17:49:00,412.5689,412.69,412.3109,412.51,55745
2026-04-23 17:50:00,412.47,412.92,412.12,412.725,53666
2026-04-23 17:51:00,412.77,412.8799,412.54,412.79,57227
2026-04-23 17:52:00,412.76,412.76,412.28,412.59,69162
2026-04-23 17:53:00,412.58,414.84,412.42,413.72,219511
2026-04-23 17:54:00,413.72,414.04,413.25,413.76,72848
2026-04-23 17:55:00,413.74,414.43,413.54,414.36,50224
2026-04-23 17:56:00,414.46,414.64,414.2,414.29,65759
2026-04-23 17:57:00,414.26,414.57,414.1,414.1,40590
2026-04-23 17:58:00,414.12,414.38,413.76,414.31,67375
2026-04-23 17:59:00,414.36,414.65,414.3,414.51,39643
2026-04-23 18:00:00,414.51,414.79,414.4,414.4,62673
2026-04-23 18:01:00,414.42,415.32,414.27,414.845,69815
2026-04-23 18:02:00,414.7946,415.13,414.5307,414.94,56705
2026-04-23 18:03:00,414.96,415.0099,414.705,414.74,70198
2026-04-23 18:04:00,414.6925,414.83,414.43,414.61,52663
2026-04-23 18:05:00,414.58,414.86,414.3479,414.7575,41786
2026-04-23 18:06:00,414.7,415.17,414.7,415.0799,46355
2026-04-23 18:07:00,415.01,415.38,415.01,415.13,59528
2026-04-23 18:08:00,415.1227,415.21,414.965,415.0436,48256
2026-04-23 18:09:00,415.01,415.09,414.7352,414.83,46841
2026-04-23 18:10:00,414.855,415.37,414.855,415.3199,65780
2026-04-23 18:11:00,415.2,415.41,414.94,415.005,45823
2026-04-23 18:12:00,415.005,415.16,414.78,415.05,59706
2026-04-23 18:13:00,415.05,415.21,414.85,414.905,37025
2026-04-23 18:14:00,414.905,415.13,414.8775,414.895,43074
2026-04-23 18:15:00,414.895,415.09,414.87,414.95,34560
2026-04-23 18:16:00,414.88,415.1384,414.8194,415.005,47121
2026-04-23 18:17:00,415.01,415.15,414.8001,414.8001,37169
2026-04-23 18:18:00,414.835,415.15,414.63,415.05,59046
2026-04-23 18:19:00,415.05,415.13,414.8873,415.0499,26749
2026-04-23 18:20:00,415.02,415.205,414.98,415.185,46820
2026-04-23 18:21:00,415.2051,415.36,414.86,415.0575,61781
2026-04-23 18:22:00,415.055,415.2,415.05,415.175,36055
2026-04-23 18:23:00,415.16,415.22,415.05,415.14,31023
2026-04-23 18:24:00,415.16,415.19,414.91,415.02,35930
2026-04-23 18:25:00,414.99,415.06,414.81,414.935,35744
2026-04-23 18:26:00,414.91,415.08,414.8,414.955,44580
2026-04-23 18:27:00,414.955,415.1,414.795,414.97,46624
2026-04-23 18:28:00,414.97,415.16,414.8601,415.1,43479
2026-04-23 18:29:00,415.09,415.13,414.96,415.0901,39586
2026-04-23 18:30:00,415.095,415.37,415.07,415.255,61554
2026-04-23 18:31:00,415.26,415.53,415.24,415.385,58379
2026-04-23 18:32:00,415.385,415.385,415.17,415.295,754417
2026-04-23 18:33:00,415.295,415.616,415.28,415.58,37525
2026-04-23 18:34:00,415.575,415.8,415.53,415.7186,39370
2026-04-23 18:35:00,415.74,415.95,415.64,415.87,45509
2026-04-23 18:36:00,415.89,415.99,415.7301,415.75,33544
2026-04-23 18:37:00,415.765,416.02,415.7201,415.99,34733
2026-04-23 18:38:00,415.95,415.99,415.55,415.58,38883
2026-04-23 18:39:00,415.58,415.61,415.43,415.4481,43345
2026-04-23 18:40:00,415.47,415.6,415.41,415.485,46996
2026-04-23 18:41:00,415.45,415.52,415.2,415.2,121201
2026-04-23 18:42:00,415.2,415.27,414.86,414.87,52917
2026-04-23 18:43:00,414.87,414.99,414.75,414.82,49540
2026-04-23 18:44:00,414.8001,415.0,414.8001,414.95,33523
2026-04-23 18:45:00,414.95,414.96,414.65,414.81,56420
2026-04-23 18:46:00,414.81,414.81,414.58,414.645,37157
2026-04-23 18:47:00,414.64,414.8,414.5,414.61,26366
2026-04-23 18:48:00,414.61,414.8,414.5,414.77,32276
2026-04-23 18:49:00,414.775,414.7995,414.36,414.39,45009
2026-04-23 18:50:00,414.415,414.52,414.18,414.475,51070
2026-04-23 18:51:00,414.485,414.52,414.25,414.52,29710
2026-04-23 18:52:00,414.58,414.96,414.5101,414.94,50164
2026-04-23 18:53:00,414.9201,415.01,414.82,414.975,40279
2026-04-23 18:54:00,414.995,415.03,414.85,414.94,44201
2026-04-23 18:55:00,414.95,414.995,414.8154,414.9501,26177
2026-04-23 18:56:00,414.95,415.0,414.72,414.81,22465
2026-04-23 18:57:00,414.76,414.76,414.56,414.61,40931
2026-04-23 18:58:00,414.585,414.7872,414.58,414.7872,31222
2026-04-23 18:59:00,414.795,414.8199,414.16,414.55,53781
2026-04-23 19:00:00,414.5,414.7926,414.35,414.69,57373
2026-04-23 19:01:00,414.73,414.73,414.4801,414.72,31961
2026-04-23 19:02:00,414.72,414.74,414.42,414.65,26755
2026-04-23 19:03:00,414.67,414.8355,414.62,414.75,25254
2026-04-23 19:04:00,414.78,414.78,414.6,414.67,17807
2026-04-23 19:05:00,414.69,415.03,414.69,415.03,55018
2026-04-23 19:06:00,415.02,415.17,414.92,414.9655,31761
2026-04-23 19:07:00,415.03,415.3014,415.0,415.25,35770
2026-04-23 19:08:00,415.21,415.2499,415.0601,415.09,26241
2026-04-23 19:09:00,415.0899,415.2299,415.0108,415.08,52835
2026-04-23 19:10:00,415.09,415.3599,415.04,415.35,35992
2026-04-23 19:11:00,415.33,415.5,415.25,415.42,41770
2026-04-23 19:12:00,415.445,415.47,415.22,415.45,32291
2026-04-23 19:13:00,415.45,415.81,415.36,415.79,58937
2026-04-23 19:14:00,415.745,416.085,415.69,416.0787,51953
2026-04-23 19:15:00,416.08,416.53,416.0611,416.47,101181
2026-04-23 19:16:00,416.4701,416.7299,416.47,416.65,66806
2026-04-23 19:17:00,416.6375,416.7,416.36,416.37,43163
2026-04-23 19:18:00,416.34,416.58,416.32,416.42,60645
2026-04-23 19:19:00,416.35,416.45,416.07,416.1001,38069
2026-04-23 19:20:00,416.2,416.22,415.9101,416.105,72746
2026-04-23 19:21:00,416.1299,416.1699,416.01,416.085,31111
2026-04-23 19:22:00,416.06,416.25,415.9227,415.99,30401
2026-04-23 19:23:00,415.99,416.04,415.84,415.8823,32835
2026-04-23 19:24:00,415.89,415.99,415.81,415.9,25378
2026-04-23 19:25:00,415.91,415.91,415.76,415.82,36480
2026-04-23 19:26:00,415.84,416.055,415.75,416.055,33822
2026-04-23 19:27:00,416.08,416.16,415.98,416.095,43697
2026-04-23 19:28:00,416.095,416.392,416.095,416.36,39758
2026-04-23 19:29:00,416.32,416.48,416.28,416.3363,51203
2026-04-23 19:30:00,416.355,416.66,416.2,416.51,55537
2026-04-23 19:31:00,416.51,416.55,416.3,416.3,50796
2026-04-23 19:32:00,416.335,416.48,416.21,416.27,41096
2026-04-23 19:33:00,416.27,416.29,415.825,415.825,42152
2026-04-23 19:34:00,415.8499,415.85,415.575,415.575,58630
2026-04-23 19:35:00,415.59,415.595,415.11,415.35,75147
2026-04-23 19:36:00,415.34,415.44,415.2,415.345,46880
2026-04-23 19:37:00,415.345,415.4799,415.31,415.435,58008
2026-04-23 19:38:00,415.425,415.9,415.28,415.89,40657
2026-04-23 19:39:00,415.855,415.9,415.62,415.84,43888
2026-04-23 19:40:00,415.82,415.93,415.69,415.75,50141
2026-04-23 19:41:00,415.76,415.92,415.66,415.7,58327
2026-04-23 19:42:00,415.68,415.69,415.47,415.5,43619
2026-04-23 19:43:00,415.54,415.56,415.21,415.3,56701
2026-04-23 19:44:00,415.305,415.37,415.2075,415.25,48213
2026-04-23 19:45:00,415.21,415.46,415.17,415.4,68638
2026-04-23 19:46:00,415.3501,415.4,415.1501,415.28,281499
2026-04-23 19:47:00,415.28,415.35,415.17,415.35,61072
2026-04-23 19:48:00,415.35,415.41,415.25,415.285,43135
2026-04-23 19:49:00,415.29,415.6,415.29,415.6,48956
2026-04-23 19:50:00,415.59,415.73,415.02,415.33,113996
2026-04-23 19:51:00,415.33,415.59,415.305,415.52,172923
2026-04-23 19:52:00,415.515,416.29,415.45,416.185,100291
2026-04-23 19:53:00,416.22,416.6,416.22,416.45,119998
2026-04-23 19:54:00,416.39,416.6,416.23,416.56,106964
2026-04-23 19:55:00,416.54,416.68,415.8001,415.89,139191
2026-04-23 19:56:00,415.8899,415.98,415.8,415.94,116779
2026-04-23 19:57:00,415.94,416.19,415.86,416.16,144708
2026-04-23 19:58:00,416.16,416.16,415.93,416.02,218895
2026-04-23 19:59:00,416.02,416.04,415.6,415.75,405797
2026-04-24 13:30:00,416.985,417.89,415.86,417.79,1449433
2026-04-24 13:31:00,417.8899,420.19,417.55,420.06,258509
2026-04-24 13:32:00,420.1,420.1,418.87,419.22,130802
2026-04-24 13:33:00,419.225,419.47,418.64,419.31,71592
2026-04-24 13:34:00,419.335,420.21,419.05,419.82,149649
2026-04-24 13:35:00,419.82,419.98,419.46,419.795,93006
2026-04-24 13:36:00,419.76,420.45,419.67,420.1399,127939
2026-04-24 13:37:00,420.14,420.34,419.79,419.87,96018
2026-04-24 13:38:00,419.83,419.8496,419.26,419.34,75009
2026-04-24 13:39:00,419.325,419.83,419.2,419.63,63964
2026-04-24 13:40:00,419.6203,419.91,419.49,419.78,65990
2026-04-24 13:41:00,419.7799,420.28,419.59,420.16,108196
2026-04-24 13:42:00,420.1001,420.42,419.8844,419.8844,110482
2026-04-24 13:43:00,419.92,420.19,419.735,419.9,70951
2026-04-24 13:44:00,419.895,420.04,419.49,419.78,72638
2026-04-24 13:45:00,419.835,420.12,419.6,419.76,106214
2026-04-24 13:46:00,419.67,420.155,419.38,420.13,106968
2026-04-24 13:47:00,420.1,420.6499,419.92,420.56,94622
2026-04-24 13:48:00,420.565,420.8099,420.4001,420.7993,99153
2026-04-24 13:49:00,420.74,421.62,420.74,421.5714,131691
2026-04-24 13:50:00,421.53,421.62,421.15,421.425,97186
2026-04-24 13:51:00,421.395,421.48,420.7288,420.915,76304
2026-04-24 13:52:00,420.94,420.97,420.51,420.655,69925
2026-04-24 13:53:00,420.7004,421.09,420.6265,420.81,65628
2026-04-24 13:54:00,420.768,420.77,420.02,420.11,78182
2026-04-24 13:55:00,420.06,420.1799,419.83,419.845,64421
2026-04-24 13:56:00,419.835,419.94,419.23,419.2801,84933
2026-04-24 13:57:00,419.3,419.98,419.3,419.92,56165
2026-04-24 13:58:00,419.9599,419.9599,419.395,419.46,52818
2026-04-24 13:59:00,419.465,419.68,419.32,419.57,49408
2026-04-24 14:00:00,419.55,419.69,419.03,419.0637,53753
2026-04-24 14:01:00,419.07,419.23,418.7,419.04,94116
2026-04-24 14:02:00,419.04,419.0508,418.26,418.325,63219
2026-04-24 14:03:00,418.3,418.8899,418.26,418.78,65553
2026-04-24 14:04:00,418.7,419.0599,418.6,418.74,63499
2026-04-24 14:05:00,418.785,419.24,418.67,419.04,94139
2026-04-24 14:06:00,419.06,419.2683,418.95,419.165,76258
2026-04-24 14:07:00,419.18,419.2899,418.56,418.77,68704
2026-04-24 14:08:00,418.81,419.1399,418.76,419.005,41589
2026-04-24 14:09:00,419.0,419.4,418.941,419.125,48464
2026-04-24 14:10:00,419.125,419.6,419.08,419.43,36590
2026-04-24 14:11:00,419.465,419.55,419.1,419.1,66058
2026-04-24 14:12:00,419.11,419.55,418.94,419.51,75656
2026-04-24 14:13:00,419.46,419.54,419.26,419.29,71985
2026-04-24 14:14:00,419.2901,419.3299,418.51,418.72,66958
2026-04-24 14:15:00,418.73,418.7899,418.38,418.53,32434
2026-04-24 14:16:00,418.5178,419.0,418.375,418.38,51421
2026-04-24 14:17:00,418.37,418.37,417.78,418.02,94970
2026-04-24 14:18:00,418.035,418.05,417.5,417.62,64630
2026-04-24 14:19:00,417.62,418.3158,417.6135,418.3158,83930
2026-04-24 14:20:00,418.3,418.84,418.29,418.75,52322
2026-04-24 14:21:00,418.71,418.75,418.285,418.59,42472
2026-04-24 14:22:00,418.55,418.6,418.37,418.465,44589
2026-04-24 14:23:00,418.453,418.4665,418.09,418.105,41228
2026-04-24 14:24:00,418.07,418.25,417.92,418.23,52897
2026-04-24 14:25:00,418.2,418.23,417.61,417.816,60913
2026-04-24 14:26:00,417.81,417.85,417.44,417.8209,43037
2026-04-24 14:27:00,417.81,417.8699,417.41,417.41,47778
2026-04-24 14:28:00,417.4064,417.85,417.3,417.7,55505
2026-04-24 14:29:00,417.68,417.75,417.395,417.6499,33980
2026-04-24 14:30:00,417.65,417.75,417.4,417.4699,33555
2026-04-24 14:31:00,417.46,417.58,417.22,417.51,81564
2026-04-24 14:32:00,417.4994,417.61,417.32,417.45,56983
2026-04-24 14:33:00,417.44,417.73,417.325,417.54,44721
2026-04-24 14:34:00,417.5,417.98,417.48,417.87,48207
2026-04-24 14:35:00,417.91,418.0,417.785,418.0,46272
2026-04-24 14:36:00,417.995,418.23,417.91,418.18,48712
2026-04-24 14:37:00,418.17,418.35,417.96,418.0,36270
2026-04-24 14:38:00,418.05,418.31,417.795,418.185,71186
2026-04-24 14:39:00,418.165,418.32,418.0,418.07,37613
2026-04-24 14:40:00,418.08,418.16,417.9,418.005,32291
2026-04-24 14:41:00,418.0299,418.3439,417.99,418.18,30708
2026-04-24 14:42:00,418.16,418.25,417.94,417.97,39494
2026-04-24 14:43:00,417.98,418.35,417.85,418.215,53415
2026-04-24 14:44:00,418.21,418.79,418.1801,418.79,39336
2026-04-24 14:45:00,418.77,418.89,418.6801,418.735,55845
2026-04-24 14:46:00,418.71,419.06,418.54,418.9375,63794
2026-04-24 14:47:00,418.8713,418.9899,418.53,418.55,24870
2026-04-24 14:48:00,418.51,418.75,418.23,418.23,39873
2026-04-24 14:49:00,418.2304,418.59,418.09,418.45,35242
2026-04-24 14:50:00,418.45,418.51,418.25,418.4,26451
2026-04-24 14:51:00,418.4,418.67,418.3,418.44,43142
2026-04-24 14:52:00,418.46,418.6799,418.4,418.63,40557
2026-04-24 14:53:00,418.6,418.7668,418.5401,418.69,35122
2026-04-24 14:54:00,418.715,418.81,418.46,418.515,54982
2026-04-24 14:55:00,418.51,418.67,418.486,418.56,39757
2026-04-24 14:56:00,418.53,418.6,418.4,418.6,33386
2026-04-24 14:57:00,418.6,418.64,418.32,418.4201,29858
2026-04-24 14:58:00,418.5,418.5,418.0301,418.12,39627
2026-04-24 14:59:00,418.12,418.37,418.04,418.32,38915
2026-04-24 15:00:00,418.32,418.59,418.27,418.58,41844
2026-04-24 15:01:00,418.58,418.8,418.545,418.6801,37046
2026-04-24 15:02:00,418.7,418.835,418.535,418.7891,55313
2026-04-24 15:03:00,418.815,419.06,418.6901,418.96,73367
2026-04-24 15:04:00,418.93,419.1599,418.79,419.065,50517
2026-04-24 15:05:00,419.0,419.28,418.95,419.065,110806
2026-04-24 15:06:00,419.1,419.11,418.64,418.74,35388
2026-04-24 15:07:00,418.74,418.89,418.69,418.755,23684
2026-04-24 15:08:00,418.732,418.84,418.54,418.83,60847
2026-04-24 15:09:00,418.84,419.0899,418.77,418.96,47865
2026-04-24 15:10:00,419.01,419.22,418.92,419.05,34505
2026-04-24 15:11:00,419.03,419.37,418.995,419.33,45890
2026-04-24 15:12:00,419.34,419.54,419.27,419.53,37465
2026-04-24 15:13:00,419.495,419.71,419.32,419.435,36961
2026-04-24 15:14:00,419.42,419.6,419.33,419.575,28496
2026-04-24 15:15:00,419.63,419.71,419.44,419.525,36649
2026-04-24 15:16:00,419.5499,419.5499,419.31,419.36,29562
2026-04-24 15:17:00,419.3301,419.46,419.2,419.46,23787
2026-04-24 15:18:00,419.46,419.47,419.29,419.35,28018
2026-04-24 15:19:00,419.37,419.47,419.3001,419.45,27223
2026-04-24 15:20:00,419.44,419.78,419.38,419.76,31939
2026-04-24 15:21:00,419.77,420.0,419.75,419.89,71033
2026-04-24 15:22:00,419.91,420.0,419.85,419.92,28286
2026-04-24 15:23:00,419.9,420.0171,419.62,419.7212,48818
2026-04-24 15:24:00,419.76,419.8799,419.54,419.8125,48498
2026-04-24 15:25:00,419.8,419.89,419.52,419.62,38077
2026-04-24 15:26:00,419.595,419.61,419.427,419.48,23716
2026-04-24 15:27:00,419.43,419.58,419.36,419.55,23705
2026-04-24 15:28:00,419.55,419.78,419.51,419.7681,33748
2026-04-24 15:29:00,419.75,419.8999,419.6601,419.88,26513
2026-04-24 15:30:00,419.9099,420.38,419.89,420.285,65752
2026-04-24 15:31:00,420.3081,420.62,420.28,420.5,68684
2026-04-24 15:32:00,420.515,420.6,420.37,420.42,41347
2026-04-24 15:33:00,420.43,420.5,420.26,420.47,50031
2026-04-24 15:34:00,420.48,420.5,420.32,420.335,116276
2026-04-24 15:35:00,420.34,420.47,420.32,420.375,26787
2026-04-24 15:36:00,420.385,420.54,420.33,420.36,28893
2026-04-24 15:37:00,420.335,420.55,420.25,420.5,36389
2026-04-24 15:38:00,420.5,420.76,420.46,420.71,45587
2026-04-24 15:39:00,420.715,420.77,420.5,420.6,35019
2026-04-24 15:40:00,420.62,420.88,420.55,420.8699,32877
2026-04-24 15:41:00,420.82,421.1,420.74,420.9618,50854
2026-04-24 15:42:00,420.9999,421.08,420.7,420.8,24000
2026-04-24 15:43:00,420.7591,420.88,420.72,420.835,19979
2026-04-24 15:44:00,420.835,421.57,420.57,421.45,95646
2026-04-24 15:45:00,421.46,421.94,421.09,421.24,101241
2026-04-24 15:46:00,421.16,421.4,421.0,421.3,41104
2026-04-24 15:47:00,421.27,421.535,421.215,421.33,100197
2026-04-24 15:48:00,421.39,421.41,420.8,420.875,58368
2026-04-24 15:49:00,420.75,421.01,420.73,420.98,41060
2026-04-24 15:50:00,420.94,421.16,420.91,420.91,32184
2026-04-24 15:51:00,421.0194,421.0194,420.55,420.61,71370
2026-04-24 15:52:00,420.645,420.7,420.3401,420.605,56125
2026-04-24 15:53:00,420.6,420.7199,420.18,420.225,34037
2026-04-24 15:54:00,420.225,420.26,419.86,419.9599,58098
2026-04-24 15:55:00,419.915,420.06,419.728,420.01,43317
2026-04-24 15:56:00,420.02,420.19,419.905,420.0414,33389
2026-04-24 15:57:00,420.0,420.0599,419.78,419.89,28769
2026-04-24 15:58:00,419.875,419.9199,419.56,419.6377,48046
2026-04-24 15:59:00,419.6351,419.9299,419.55,419.67,36569
2026-04-24 16:00:00,419.665,419.6886,419.0901,419.17,115130
2026-04-24 16:01:00,419.19,419.23,418.87,419.12,111774
2026-04-24 16:02:00,419.135,419.6,419.125,419.565,52834
2026-04-24 16:03:00,419.55,419.565,418.95,418.995,85062
2026-04-24 16:04:00,419.02,419.065,418.66,418.75,91566
2026-04-24 16:05:00,418.73,418.9699,418.69,418.69,51376
2026-04-24 16:06:00,418.72,418.72,418.392,418.605,105222
2026-04-24 16:07:00,418.6037,418.69,418.36,418.45,63550
2026-04-24 16:08:00,418.45,418.5606,418.255,418.5,52911
2026-04-24 16:09:00,418.48,418.66,418.39,418.5985,48314
2026-04-24 16:10:00,418.59,418.71,418.5,418.64,90379
2026-04-24 16:11:00,418.7,419.0,418.66,418.85,46316
2026-04-24 16:12:00,418.87,419.23,418.87,419.085,44913
2026-04-24 16:13:00,419.04,419.35,418.94,419.0201,37811
2026-04-24 16:14:00,419.06,419.1,418.9,418.935,22112
2026-04-24 16:15:00,418.9,418.9785,418.8,418.92,27383
2026-04-24 16:16:00,418.88,419.33,418.88,419.13,63051
2026-04-24 16:17:00,419.13,419.16,418.85,418.8985,20217
2026-04-24 16:18:00,418.83,418.9,418.79,418.8401,39725
2026-04-24 16:19:00,418.86,418.92,418.75,418.79,33400
2026-04-24 16:20:00,418.795,418.92,418.76,418.82,44574
2026-04-24 16:21:00,418.78,418.9511,418.63,418.68,62666
2026-04-24 16:22:00,418.62,418.7,418.4501,418.6399,39999
2026-04-24 16:23:00,418.6,418.665,418.42,418.45,17595
2026-04-24 16:24:00,418.45,418.68,418.45,418.63,38078
2026-04-24 16:25:00,418.65,418.84,418.65,418.785,24705
2026-04-24 16:26:00,418.785,418.86,418.58,418.605,36664
2026-04-24 16:27:00,418.62,418.76,418.56,418.71,25459
2026-04-24 16:28:00,418.705,418.88,418.6601,418.82,22128
2026-04-24 16:29:00,418.77,418.91,418.6,418.77,24692
2026-04-24 16:30:00,418.76,419.1999,418.75,419.14,38153
2026-04-24 16:31:00,419.1201,419.27,419.06,419.205,50182
2026-04-24 16:32:00,419.17,419.31,419.1601,419.2,23785
2026-04-24 16:33:00,419.2,419.22,419.0601,419.14,22547
2026-04-24 16:34:00,419.12,419.33,419.1004,419.3256,58034
2026-04-24 16:35:00,419.31,419.41,419.16,419.19,21030
2026-04-24 16:36:00,419.24,419.37,419.2,419.26,17680
2026-04-24 16:37:00,419.2486,419.4,419.21,419.385,22656
2026-04-24 16:38:00,419.37,419.57,419.35,419.42,32470
2026-04-24 16:39:00,419.41,419.4999,419.3,419.4999,17234
2026-04-24 16:40:00,419.45,419.5,419.325,419.405,13946
2026-04-24 16:41:00,419.44,419.61,419.375,419.375,24219
2026-04-24 16:42:00,419.37,419.37,419.22,419.28,24048
2026-04-24 16:43:00,419.275,419.44,419.2201,419.3695,20699
2026-04-24 16:44:00,419.345,419.43,419.311,419.39,24403
2026-04-24 16:45:00,419.43,419.524,419.39,419.524,27007
2026-04-24 16:46:00,419.5299,419.58,419.4368,419.47,22363
2026-04-24 16:47:00,419.5,419.5101,419.24,419.305,166973
2026-04-24 16:48:00,419.33,419.57,419.3,419.4,16146
2026-04-24 16:49:00,419.37,419.49,419.33,419.4,23322
2026-04-24 16:50:00,419.38,419.56,419.36,419.44,22222
2026-04-24 16:51:00,419.38,419.71,419.38,419.693,38610
2026-04-24 16:52:00,419.7,419.78,419.61,419.67,24525
2026-04-24 16:53:00,419.6301,419.6799,419.4,419.455,18364
2026-04-24 16:54:00,419.425,419.48,419.31,419.4199,16807
2026-04-24 16:55:00,419.42,419.5799,419.42,419.5,14288
2026-04-24 16:56:00,419.505,419.68,419.49,419.575,15114
2026-04-24 16:57:00,419.584,419.6,419.43,419.46,11024
2026-04-24 16:58:00,419.5,419.76,419.5,419.6,21216
2026-04-24 16:59:00,419.59,419.79,419.55,419.77,13878
2026-04-24 17:00:00,419.76,419.95,419.73,419.7885,16082
2026-04-24 17:01:00,419.7601,419.85,419.6701,419.785,21674
2026-04-24 17:02:00,419.76,419.93,419.74,419.775,21774
2026-04-24 17:03:00,419.77,419.85,419.58,419.67,22168
2026-04-24 17:04:00,419.67,419.7499,419.4701,419.5228,25350
2026-04-24 17:05:00,419.52,419.54,419.3001,419.385,14745
2026-04-24 17:06:00,419.375,419.5,419.325,419.49,18214
2026-04-24 17:07:00,419.525,419.5701,419.48,419.55,515157
2026-04-24 17:08:00,419.6,419.67,419.53,419.66,12204
2026-04-24 17:09:00,419.65,419.76,419.6,419.73,14664
2026-04-24 17:10:00,419.73,419.75,419.66,419.75,14794
2026-04-24 17:11:00,419.8247,419.8999,419.74,419.78,36936
2026-04-24 17:12:00,419.74,419.82,419.6701,419.76,12404
2026-04-24 17:13:00,419.765,419.769,419.62,419.644,19146
2026-04-24 17:14:00,419.63,419.81,419.625,419.81,15219
2026-04-24 17:15:00,419.77,419.8,419.65,419.7101,26547
2026-04-24 17:16:00,419.71,419.77,419.51,419.51,61661
2026-04-24 17:17:00,419.535,419.5599,419.4101,419.4101,28302
2026-04-24 17:18:00,419.43,419.4599,419.3,419.4599,25925
2026-04-24 17:19:00,419.41,419.4486,419.1408,419.18,41448
2026-04-24 17:20:00,419.14,419.3,419.1101,419.17,27590
2026-04-24 17:21:00,419.1748,419.19,419.0504,419.0756,13735
2026-04-24 17:22:00,419.045,419.128,419.0,419.02,15777
2026-04-24 17:23:00,419.0105,419.105,418.89,418.925,28159
2026-04-24 17:24:00,418.8901,419.24,418.8901,419.205,33629
2026-04-24 17:25:00,419.205,419.3,419.1745,419.21,26082
2026-04-24 17:26:00,419.19,419.2361,419.084,419.1544,27204
2026-04-24 17:27:00,419.16,419.16,418.97,419.03,30591
2026-04-24 17:28:00,419.0423,419.0423,418.85,418.8506,33358
2026-04-24 17:29:00,418.85,419.0,418.8,418.82,20163
2026-04-24 17:30:00,418.835,418.9,418.73,418.835,24086
2026-04-24 17:31:00,418.81,418.86,418.65,418.73,34122
2026-04-24 17:32:00,418.7,418.91,418.68,418.8099,25225
2026-04-24 17:33:00,418.78,419.0,418.78,418.96,24308
2026-04-24 17:34:00,418.955,419.19,418.86,419.09,7174
2026-04-24 17:35:00,419.12,419.46,419.12,419.4173,51143
2026-04-24 17:36:00,419.43,419.78,419.43,419.6909,36443
2026-04-24 17:37:00,419.69,419.86,419.65,419.695,25236
2026-04-24 17:38:00,419.71,419.85,419.65,419.81,15997
2026-04-24 17:39:00,419.75,419.82,419.605,419.66,12331
2026-04-24 17:40:00,419.655,419.68,419.5216,419.62,19240
2026-04-24 17:41:00,419.58,419.76,419.53,419.75,19105
2026-04-24 17:42:00,419.72,419.8545,419.68,419.72,23444
2026-04-24 17:43:00,419.71,419.76,419.62,419.68,10959
2026-04-24 17:44:00,419.64,419.92,419.58,419.89,35763
2026-04-24 17:45:00,419.94,420.05,419.85,420.02,38134
2026-04-24 17:46:00,420.02,420.12,420.0,420.1199,34589
2026-04-24 17:47:00,420.07,420.31,420.07,420.285,41536
2026-04-24 17:48:00,420.285,420.48,420.285,420.405,19035
2026-04-24 17:49:00,420.38,420.48,420.3203,420.41,40612
2026-04-24 17:50:00,420.45,420.58,420.39,420.51,26981
2026-04-24 17:51:00,420.54,420.76,420.5,420.62,39597
2026-04-24 17:52:00,420.65,420.8,420.58,420.76,35840
2026-04-24 17:53:00,420.74,420.82,420.71,420.77,39988
2026-04-24 17:54:00,420.77,421.15,420.64,420.84,91201
2026-04-24 17:55:00,420.83,421.02,420.78,420.78,30649
2026-04-24 17:56:00,420.78,420.9199,420.77,420.87,35127
2026-04-24 17:57:00,420.875,420.96,420.73,420.8201,45870
2026-04-24 17:58:00,420.835,420.94,420.7,420.785,56276
2026-04-24 17:59:00,420.765,420.86,420.6575,420.835,22137
2026-04-24 18:00:00,420.835,420.87,420.57,420.59,73560
2026-04-24 18:01:00,420.59,420.9,420.59,420.8406,29015
2026-04-24 18:02:00,420.86,421.06,420.78,420.93,60207
2026-04-24 18:03:00,420.9499,420.96,420.8,420.855,17837
2026-04-24 18:04:00,420.855,421.09,420.855,421.035,30923
2026-04-24 18:05:00,421.01,421.144,420.77,420.8851,34688
2026-04-24 18:06:00,420.855,420.9725,420.835,420.925,24599
2026-04-24 18:07:00,420.925,421.08,420.875,420.99,25842
2026-04-24 18:08:00,421.0,421.15,421.0,421.07,20291
2026-04-24 18:09:00,421.04,421.12,421.01,421.095,22999
2026-04-24 18:10:00,421.055,421.2534,421.055,421.1163,29181
2026-04-24 18:11:00,421.195,421.29,421.17,421.23,17976
2026-04-24 18:12:00,421.21,421.3,421.2017,421.26,16213
2026-04-24 18:13:00,421.25,421.48,421.25,421.345,36825
2026-04-24 18:14:00,421.345,421.605,421.32,421.6,42753
2026-04-24 18:15:00,421.5901,421.78,421.58,421.695,37317
2026-04-24 18:16:00,421.705,421.75,421.41,421.4914,34790
2026-04-24 18:17:00,421.52,421.5499,421.39,421.5201,27354
2026-04-24 18:18:00,421.535,421.554,421.42,421.55,22351
2026-04-24 18:19:00,421.53,421.5615,421.43,421.49,80386
2026-04-24 18:20:00,421.52,421.52,421.22,421.27,30091
2026-04-24 18:21:00,421.25,421.605,421.2301,421.57,27403
2026-04-24 18:22:00,421.565,421.635,421.43,421.4501,33493
2026-04-24 18:23:00,421.44,421.73,421.4101,421.73,27985
2026-04-24 18:24:00,421.73,422.07,421.71,422.0139,73318
2026-04-24 18:25:00,422.025,422.0573,421.85,421.95,24425
2026-04-24 18:26:00,421.9478,421.99,421.84,421.84,44077
2026-04-24 18:27:00,421.845,421.92,421.64,421.77,32691
2026-04-24 18:28:00,421.76,421.9599,421.71,421.905,32031
2026-04-24 18:29:00,421.8681,422.0,421.8681,422.0,24634
2026-04-24 18:30:00,422.0,422.09,421.85,422.0,40185
2026-04-24 18:31:00,421.99,422.11,421.94,421.9957,25344
2026-04-24 18:32:00,421.98,422.12,421.9,422.12,31258
2026-04-24 18:33:00,422.13,422.26,422.06,422.245,38619
2026-04-24 18:34:00,422.25,422.4,422.24,422.34,48428
2026-04-24 18:35:00,422.33,422.6215,422.25,422.54,66646
2026-04-24 18:36:00,422.53,422.68,422.4001,422.59,50979
2026-04-24 18:37:00,422.6,422.69,422.43,422.5,149133
2026-04-24 18:38:00,422.449,422.6098,422.449,422.5,29749
2026-04-24 18:39:00,422.5075,422.5399,422.2501,422.315,34701
2026-04-24 18:40:00,422.3189,422.36,422.2501,422.265,19966
2026-04-24 18:41:00,422.265,422.38,422.12,422.2,59086
2026-04-24 18:42:00,422.206,422.38,422.1702,422.25,27508
2026-04-24 18:43:00,422.235,422.25,422.0603,422.1,24857
2026-04-24 18:44:00,422.11,422.38,422.11,422.35,39678
2026-04-24 18:45:00,422.31,422.3799,422.23,422.265,23724
2026-04-24 18:46:00,422.2726,422.3799,422.2501,422.275,31457
2026-04-24 18:47:00,422.27,422.41,422.19,422.41,48432
2026-04-24 18:48:00,422.395,422.6,422.36,422.6,34106
2026-04-24 18:49:00,422.6,422.67,422.47,422.54,39846
2026-04-24 18:50:00,422.53,422.67,422.5014,422.61,31834
2026-04-24 18:51:00,422.625,422.7314,422.558,422.67,28686
2026-04-24 18:52:00,422.5901,422.75,422.57,422.585,45363
2026-04-24 18:53:00,422.58,422.595,422.43,422.555,40799
2026-04-24 18:54:00,422.54,422.58,422.47,422.54,41727
2026-04-24 18:55:00,422.56,422.69,422.5,422.5,24809
2026-04-24 18:56:00,422.5,422.57,422.425,422.52,27359
2026-04-24 18:57:00,422.495,422.525,422.43,422.43,23029
2026-04-24 18:58:00,422.44,422.45,422.26,422.3001,43384
2026-04-24 18:59:00,422.32,422.4,422.2601,422.4,55735
2026-04-24 19:00:00,422.385,422.61,422.385,422.57,41167
2026-04-24 19:01:00,422.56,422.65,422.53,422.58,21776
2026-04-24 19:02:00,422.57,422.76,422.55,422.73,36721
2026-04-24 19:03:00,422.73,422.83,422.615,422.8,60137
2026-04-24 19:04:00,422.819,423.1,422.79,423.04,117553
2026-04-24 19:05:00,423.05,423.17,422.9901,423.08,41858
2026-04-24 19:06:00,423.08,423.2,423.0601,423.15,36282
2026-04-24 19:07:00,423.13,423.25,422.9,423.09,95373
2026-04-24 19:08:00,423.09,423.12,422.9,422.995,48086
2026-04-24 19:09:00,422.995,423.14,422.871,423.1101,150505
2026-04-24 19:10:00,423.13,423.59,423.13,423.59,72759
2026-04-24 19:11:00,423.5692,423.78,423.5692,423.69,74101
2026-04-24 19:12:00,423.69,423.9399,423.66,423.83,56240
2026-04-24 19:13:00,423.845,424.03,423.76,423.985,64961
2026-04-24 19:14:00,424.005,424.16,423.93,424.12,67536
2026-04-24 19:15:00,424.11,424.41,424.11,424.41,69957
2026-04-24 19:16:00,424.42,424.45,424.2301,424.28,59485
2026-04-24 19:17:00,424.27,424.4,424.17,424.32,40035
2026-04-24 19:18:00,424.325,424.38,424.08,424.0847,60382
2026-04-24 19:19:00,424.095,424.1599,423.95,424.07,99504
2026-04-24 19:20:00,424.075,424.13,423.91,424.0701,60408
2026-04-24 19:21:00,424.08,424.1399,423.78,423.99,66395
2026-04-24 19:22:00,423.98,424.0202,423.83,423.96,40273
2026-04-24 19:23:00,423.9573,424.0,423.76,423.835,51776
2026-04-24 19:24:00,423.825,423.84,423.5,423.58,66678
2026-04-24 19:25:00,423.56,423.605,423.49,423.52,56651
2026-04-24 19:26:00,423.5,423.629,423.5,423.57,65324
2026-04-24 19:27:00,423.56,423.74,423.48,423.6982,47524
2026-04-24 19:28:00,423.6845,423.69,423.5,423.675,38676
2026-04-24 19:29:00,423.665,423.79,423.6,423.61,27334
2026-04-24 19:30:00,423.65,423.657,423.33,423.47,43415
2026-04-24 19:31:00,423.49,423.59,423.34,423.34,50731
2026-04-24 19:32:00,423.365,423.44,423.17,423.31,62431
2026-04-24 19:33:00,423.32,423.35,423.19,423.34,69435
2026-04-24 19:34:00,423.36,423.52,423.29,423.52,32934
2026-04-24 19:35:00,423.49,423.5299,423.3501,423.43,31548
2026-04-24 19:36:00,423.4499,423.64,423.38,423.46,56008
2026-04-24 19:37:00,423.43,423.67,423.42,423.65,28489
2026-04-24 19:38:00,423.65,423.8,423.6,423.6,33471
2026-04-24 19:39:00,423.63,423.82,423.5969,423.795,40518
2026-04-24 19:40:00,423.795,424.13,423.78,424.12,56767
2026-04-24 19:41:00,424.12,424.15,423.91,424.08,56764
2026-04-24 19:42:00,424.08,424.23,424.03,424.165,51214
2026-04-24 19:43:00,424.165,424.165,424.01,424.0101,35955
2026-04-24 19:44:00,424.03,424.22,424.02,424.161,52419
2026-04-24 19:45:00,424.14,424.3199,424.081,424.24,55979
2026-04-24 19:46:00,424.25,424.26,423.91,423.97,52258
2026-04-24 19:47:00,423.9401,424.17,423.86,424.115,51624
2026-04-24 19:48:00,424.13,424.16,424.01,424.077,55915
2026-04-24 19:49:00,424.07,424.15,424.02,424.14,34703
2026-04-24 19:50:00,424.14,424.31,424.0101,424.28,87912
2026-04-24 19:51:00,424.28,424.5,424.16,424.21,102164
2026-04-24 19:52:00,424.2,424.325,424.11,424.115,98964
2026-04-24 19:53:00,424.11,424.48,424.07,424.4,97398
2026-04-24 19:54:00,424.41,424.62,424.39,424.565,109043
2026-04-24 19:55:00,424.54,424.89,424.44,424.62,147415
2026-04-24 19:56:00,424.64,424.8,424.58,424.61,148520
2026-04-24 19:57:00,424.63,424.77,424.51,424.62,209155
2026-04-24 19:58:00,424.615,424.66,424.5,424.55,217953
2026-04-24 19:59:00,424.55,424.72,424.4,424.58,908752
2026-04-27 13:30:00,422.375,423.4,421.11,421.26,3024160
2026-04-27 13:31:00,421.26,421.26,420.15,421.03,253472
2026-04-27 13:32:00,421.0,421.8463,420.3001,421.26,204736
2026-04-27 13:33:00,421.21,421.4299,419.66,419.8399,237219
2026-04-27 13:34:00,419.76,419.8876,418.5,418.58,165567
2026-04-27 13:35:00,418.5399,418.55,417.25,417.55,261136
2026-04-27 13:36:00,417.44,418.355,417.0701,418.08,193791
2026-04-27 13:37:00,418.08,419.43,418.0201,419.07,146688
2026-04-27 13:38:00,419.0603,419.73,418.75,419.615,107226
2026-04-27 13:39:00,419.59,420.18,419.55,420.14,106329
2026-04-27 13:40:00,420.11,420.99,419.82,420.69,126536
2026-04-27 13:41:00,420.65,420.88,420.4501,420.65,73138
2026-04-27 13:42:00,420.625,420.73,419.9358,420.09,101343
2026-04-27 13:43:00,420.085,420.55,419.81,419.965,73127
2026-04-27 13:44:00,420.06,420.73,420.03,420.65,87641
2026-04-27 13:45:00,420.6,420.76,420.18,420.375,106719
2026-04-27 13:46:00,420.42,420.88,420.34,420.41,75883
2026-04-27 13:47:00,420.435,420.4573,419.52,419.55,110925
2026-04-27 13:48:00,419.55,420.0199,419.2798,419.7999,98615
2026-04-27 13:49:00,419.73,420.64,419.68,420.54,108069
2026-04-27 13:50:00,420.55,421.15,420.315,420.87,139935
2026-04-27 13:51:00,420.94,421.08,420.54,421.06,80218
2026-04-27 13:52:00,421.0484,421.33,420.3301,420.355,125243
2026-04-27 13:53:00,420.33,420.88,420.33,420.57,99993
2026-04-27 13:54:00,420.5001,421.63,420.43,421.09,91070
2026-04-27 13:55:00,421.09,421.49,420.975,420.98,94310
2026-04-27 13:56:00,420.95,421.42,420.85,421.05,68473
2026-04-27 13:57:00,421.06,421.06,420.04,420.06,63549
2026-04-27 13:58:00,420.0201,420.33,419.679,419.73,82711
2026-04-27 13:59:00,419.745,420.3,419.68,419.95,66595
2026-04-27 14:00:00,420.04,420.43,419.865,420.43,59592
2026-04-27 14:01:00,420.45,420.58,420.1622,420.24,60276
2026-04-27 14:02:00,420.32,420.4599,419.7901,419.8011,114289
2026-04-27 14:03:00,419.82,420.6,419.79,420.57,62426
2026-04-27 14:04:00,420.56,420.6699,420.25,420.6699,40736
2026-04-27 14:05:00,420.63,420.63,420.18,420.21,58433
2026-04-27 14:06:00,420.21,420.77,420.18,420.18,54573
2026-04-27 14:07:00,420.23,420.51,420.21,420.3401,32764
2026-04-27 14:08:00,420.4,420.61,420.38,420.48,29636
2026-04-27 14:09:00,420.5,420.62,420.09,420.12,47110
2026-04-27 14:10:00,420.145,420.215,419.87,419.99,64894
2026-04-27 14:11:00,419.99,420.4275,419.705,419.79,76709
2026-04-27 14:12:00,419.78,420.12,419.74,419.86,71126
2026-04-27 14:13:00,419.84,420.235,419.67,420.088,56762
2026-04-27 14:14:00,420.08,420.68,419.94,420.58,77907
2026-04-27 14:15:00,420.58,420.96,420.5201,420.96,71275
2026-04-27 14:16:00,420.93,420.98,420.645,420.89,40870
2026-04-27 14:17:00,420.9,421.1,420.79,421.03,95601
2026-04-27 14:18:00,420.995,421.25,420.93,420.95,50414
2026-04-27 14:19:00,420.965,421.105,420.57,420.9986,53532
2026-04-27 14:20:00,421.0,421.06,420.53,420.91,69633
2026-04-27 14:21:00,420.93,421.29,420.815,421.19,68315
2026-04-27 14:22:00,421.17,421.5,421.0501,421.3762,48795
2026-04-27 14:23:00,421.37,422.3,421.37,422.2943,67991
2026-04-27 14:24:00,422.29,422.63,422.11,422.59,70188
2026-04-27 14:25:00,422.64,423.37,422.6101,423.3,101760
2026-04-27 14:26:00,423.3,423.58,423.02,423.11,92050
2026-04-27 14:27:00,423.07,423.5,422.83,423.3299,96226
2026-04-27 14:28:00,423.36,424.04,423.26,423.97,122566
2026-04-27 14:29:00,423.99,424.674,423.92,424.6183,124406
2026-04-27 14:30:00,424.585,424.64,423.75,423.91,122956
2026-04-27 14:31:00,423.92,424.3,423.54,423.54,74270
2026-04-27 14:32:00,423.5401,423.55,422.94,422.97,110757
2026-04-27 14:33:00,422.985,423.155,422.82,423.1093,56866
2026-04-27 14:34:00,423.085,423.45,423.04,423.3401,81955
2026-04-27 14:35:00,423.395,423.895,423.1401,423.895,64614
2026-04-27 14:36:00,423.9072,423.98,423.4001,423.6499,61764
2026-04-27 14:37:00,423.595,423.595,423.2501,423.39,40154
2026-04-27 14:38:00,423.37,423.42,422.91,423.1,65046
2026-04-27 14:39:00,423.12,423.28,422.93,422.99,53935
2026-04-27 14:40:00,422.9788,423.31,422.81,423.28,42771
2026-04-27 14:41:00,423.27,423.5999,423.18,423.18,45104
2026-04-27 14:42:00,423.21,423.28,422.54,422.56,54022
2026-04-27 14:43:00,422.55,423.0,422.51,422.87,32856
2026-04-27 14:44:00,422.8601,423.42,422.8601,423.4173,47403
2026-04-27 14:45:00,423.41,423.59,423.34,423.415,46452
2026-04-27 14:46:00,423.41,423.5,423.1901,423.28,32822
2026-04-27 14:47:00,423.3,423.3,422.7,422.81,36536
2026-04-27 14:48:00,422.759,422.97,422.7,422.94,42193
2026-04-27 14:49:00,422.96,423.519,422.9401,423.35,78545
2026-04-27 14:50:00,423.38,423.48,423.16,423.36,38498
2026-04-27 14:51:00,423.36,423.43,422.95,422.975,34200
2026-04-27 14:52:00,422.9518,423.1499,422.8,423.075,38904
2026-04-27 14:53:00,423.075,423.5,423.075,423.26,50550
2026-04-27 14:54:00,423.23,423.34,422.95,423.18,35595
2026-04-27 14:55:00,423.26,423.37,423.015,423.015,63044
2026-04-27 14:56:00,422.97,423.56,422.9512,423.5523,57899
2026-04-27 14:57:00,423.535,423.92,423.51,423.695,114997
2026-04-27 14:58:00,423.71,423.91,423.45,423.54,44846
2026-04-27 14:59:00,423.49,423.9599,423.49,423.75,43874
2026-04-27 15:00:00,423.76,424.03,423.75,423.96,46002
2026-04-27 15:01:00,423.91,423.965,423.1,423.1,56945
2026-04-27 15:02:00,423.16,423.228,423.0,423.21,42195
2026-04-27 15:03:00,423.23,423.28,422.72,422.72,57414
2026-04-27 15:04:00,422.755,422.7988,422.42,422.54,99157
2026-04-27 15:05:00,422.505,423.0,422.485,422.96,77251
2026-04-27 15:06:00,422.95,423.0,422.575,422.63,103970
2026-04-27 15:07:00,422.655,422.79,422.27,422.57,57457
2026-04-27 15:08:00,422.6,422.64,422.38,422.45,49339
2026-04-27 15:09:00,422.45,422.57,422.3404,422.44,54148
2026-04-27 15:10:00,422.4,422.4319,422.11,422.1825,45763
2026-04-27 15:11:00,422.185,422.3699,422.09,422.1,67356
2026-04-27 15:12:00,422.115,422.143,421.6,421.9,56740
2026-04-27 15:13:00,421.88,421.91,421.65,421.69,45452
2026-04-27 15:14:00,421.68,421.9,421.37,421.9,77652
2026-04-27 15:15:00,421.87,422.31,421.67,422.31,46603
2026-04-27 15:16:00,422.31,422.38,421.87,421.91,51497
2026-04-27 15:17:00,421.95,422.19,421.9285,422.04,30748
2026-04-27 15:18:00,422.01,422.22,421.8822,422.19,41418
2026-04-27 15:19:00,422.2,422.258,422.07,422.14,36771
2026-04-27 15:20:00,422.11,422.11,421.77,421.9747,86455
2026-04-27 15:21:00,421.99,422.0,421.54,421.585,51339
2026-04-27 15:22:00,421.61,421.98,421.41,421.947,48668
2026-04-27 15:23:00,421.95,422.11,421.71,422.1,52123
2026-04-27 15:24:00,422.1,422.5,422.1,422.432,55522
2026-04-27 15:25:00,422.45,422.5,422.2375,422.28,44458
2026-04-27 15:26:00,422.265,422.265,422.03,422.095,28129
2026-04-27 15:27:00,422.11,422.3193,422.0701,422.3,34167
2026-04-27 15:28:00,422.31,422.73,422.3,422.64,78327
2026-04-27 15:29:00,422.6499,422.93,422.49,422.89,59367
2026-04-27 15:30:00,422.925,422.98,422.64,422.9,60915
2026-04-27 15:31:00,422.9348,422.9348,422.506,422.506,35845
2026-04-27 15:32:00,422.53,422.56,422.28,422.41,52205
2026-04-27 15:33:00,422.4,422.45,422.17,422.27,40241
2026-04-27 15:34:00,422.2899,422.4699,422.17,422.175,37475
2026-04-27 15:35:00,422.2,422.26,422.14,422.15,35814
2026-04-27 15:36:00,422.13,422.38,422.02,422.24,76310
2026-04-27 15:37:00,422.25,422.26,422.01,422.23,23567
2026-04-27 15:38:00,422.29,422.55,422.17,422.21,36226
2026-04-27 15:39:00,422.25,422.38,422.18,422.29,20434
2026-04-27 15:40:00,422.315,422.5,422.25,422.5,26885
2026-04-27 15:41:00,422.495,422.67,422.47,422.47,25960
2026-04-27 15:42:00,422.51,422.75,422.46,422.685,38023
2026-04-27 15:43:00,422.73,422.73,422.56,422.64,45235
2026-04-27 15:44:00,422.62,422.6202,422.5,422.51,28600
2026-04-27 15:45:00,422.5,422.5799,422.26,422.555,45270
2026-04-27 15:46:00,422.5505,423.1,422.4929,423.055,44351
2026-04-27 15:47:00,423.055,423.12,422.9315,423.1,39254
2026-04-27 15:48:00,423.1,423.12,422.45,422.45,59473
2026-04-27 15:49:00,422.4389,422.59,422.3703,422.4765,21611
2026-04-27 15:50:00,422.4001,422.41,422.25,422.26,29079
2026-04-27 15:51:00,422.25,422.34,422.1,422.21,32395
2026-04-27 15:52:00,422.1951,422.1951,421.58,421.7488,71490
2026-04-27 15:53:00,421.735,422.1113,421.6001,422.095,32868
2026-04-27 15:54:00,422.07,422.1299,421.88,422.01,23349
2026-04-27 15:55:00,422.02,422.15,421.825,422.1172,31078
2026-04-27 15:56:00,422.12,422.25,422.01,422.09,30343
2026-04-27 15:57:00,422.15,422.208,422.0301,422.15,24238
2026-04-27 15:58:00,422.135,422.23,422.0619,422.1501,40581
2026-04-27 15:59:00,422.18,422.4,422.11,422.35,79619
2026-04-27 16:00:00,422.345,422.7,422.19,422.61,83653
2026-04-27 16:01:00,422.61,422.76,422.53,422.6101,30242
2026-04-27 16:02:00,422.71,422.77,422.49,422.61,20087
2026-04-27 16:03:00,422.64,422.7,422.4,422.43,23196
2026-04-27 16:04:00,422.4101,422.87,422.4101,422.7924,30154
2026-04-27 16:05:00,422.83,422.95,422.765,422.95,22703
2026-04-27 16:06:00,422.95,423.16,422.95,423.135,39491
2026-04-27 16:07:00,423.135,423.33,423.12,423.225,25767
2026-04-27 16:08:00,423.2101,423.28,423.0765,423.135,24728
2026-04-27 16:09:00,423.135,423.14,423.0,423.045,24235
2026-04-27 16:10:00,423.04,423.1278,422.91,423.105,23886
2026-04-27 16:11:00,423.089,423.1799,423.07,423.16,29893
2026-04-27 16:12:00,423.16,423.45,423.15,423.385,34300
2026-04-27 16:13:00,423.385,423.545,423.27,423.29,41961
2026-04-27 16:14:00,423.29,423.5099,423.29,423.43,23204
2026-04-27 16:15:00,423.43,423.72,423.41,423.6483,24623
2026-04-27 16:16:00,423.6301,423.8158,423.52,423.74,26775
2026-04-27 16:17:00,423.73,423.8421,423.685,423.7,23667
2026-04-27 16:18:00,423.705,423.87,423.705,423.82,36219
2026-04-27 16:19:00,423.8,423.94,423.71,423.93,25694
2026-04-27 16:20:00,423.95,423.98,423.61,423.7301,41650
2026-04-27 16:21:00,423.75,423.92,423.68,423.795,25755
2026-04-27 16:22:00,423.795,423.91,423.7,423.73,17385
2026-04-27 16:23:00,423.7,423.83,423.5501,423.83,35986
2026-04-27 16:24:00,423.805,423.83,423.6701,423.76,30185
2026-04-27 16:25:00,423.78,424.02,423.78,423.945,65485
2026-04-27 16:26:00,423.93,423.96,423.59,423.61,34993
2026-04-27 16:27:00,423.645,423.805,423.6101,423.68,22981
2026-04-27 16:28:00,423.75,423.7599,423.45,423.62,34051
2026-04-27 16:29:00,423.63,423.66,423.49,423.62,28674
2026-04-27 16:30:00,423.6,423.84,423.6,423.81,20469
2026-04-27 16:31:00,423.82,423.82,423.575,423.575,21552
2026-04-27 16:32:00,423.5958,423.6399,423.545,423.545,26687
2026-04-27 16:33:00,423.53,423.5534,423.31,423.315,34495
2026-04-27 16:34:00,423.3299,423.395,423.2,423.28,20755
2026-04-27 16:35:00,423.29,423.44,423.2301,423.43,17536
2026-04-27 16:36:00,423.38,423.49,423.35,423.4495,14019
2026-04-27 16:37:00,423.43,423.569,423.382,423.4898,17504
2026-04-27 16:38:00,423.47,423.6899,423.4601,423.645,15363
2026-04-27 16:39:00,423.69,423.915,423.58,423.8781,23299
2026-04-27 16:40:00,423.89,423.9199,423.72,423.7601,18286
2026-04-27 16:41:00,423.79,423.92,423.77,423.905,34135
2026-04-27 16:42:00,423.88,424.15,423.831,424.145,46685
2026-04-27 16:43:00,424.14,424.17,424.0658,424.15,21591
2026-04-27 16:44:00,424.1115,424.13,423.83,423.83,28875
2026-04-27 16:45:00,423.885,424.12,423.885,424.0,32445
2026-04-27 16:46:00,423.98,424.15,423.9,424.0342,34795
2026-04-27 16:47:00,424.04,424.0599,423.825,423.93,30669
2026-04-27 16:48:00,423.92,423.925,423.76,423.885,25528
2026-04-27 16:49:00,423.895,423.93,423.75,423.91,48464
2026-04-27 16:50:00,423.91,423.91,423.64,423.65,28255
2026-04-27 16:51:00,423.66,423.93,423.6,423.91,42072
2026-04-27 16:52:00,423.93,424.1,423.9178,424.04,22923
2026-04-27 16:53:00,424.0501,424.1499,424.01,424.03,29784
2026-04-27 16:54:00,424.03,424.12,423.9502,423.98,29198
2026-04-27 16:55:00,423.95,424.1,423.9,424.0999,23644
2026-04-27 16:56:00,424.08,424.08,423.88,423.9905,28864
2026-04-27 16:57:00,424.02,424.09,423.96,424.03,49038
2026-04-27 16:58:00,424.015,424.1899,424.015,424.12,32521
2026-04-27 16:59:00,424.1399,424.419,424.1,424.395,37954
2026-04-27 17:00:00,424.3975,424.44,424.2,424.28,21986
2026-04-27 17:01:00,424.235,424.43,424.225,424.26,21306
2026-04-27 17:02:00,424.28,424.39,424.25,424.275,20888
2026-04-27 17:03:00,424.2662,424.5,424.25,424.455,34361
2026-04-27 17:04:00,424.49,424.55,424.42,424.475,26108
2026-04-27 17:05:00,424.475,424.64,424.3301,424.415,44996
2026-04-27 17:06:00,424.43,424.49,424.1,424.25,42726
2026-04-27 17:07:00,424.22,424.27,423.93,424.06,23524
2026-04-27 17:08:00,424.07,424.29,424.07,424.29,17121
2026-04-27 17:09:00,424.27,424.3591,424.2422,424.32,14261
2026-04-27 17:10:00,424.36,424.4599,424.27,424.27,19795
2026-04-27 17:11:00,424.27,424.49,424.265,424.41,20108
2026-04-27 17:12:00,424.41,424.56,424.4,424.515,26234
2026-04-27 17:13:00,424.53,424.8,424.49,424.78,43501
2026-04-27 17:14:00,424.7999,424.8695,424.7494,424.8695,32118
2026-04-27 17:15:00,424.855,424.99,424.8406,424.975,65681
2026-04-27 17:16:00,424.99,425.18,424.98,425.03,113260
2026-04-27 17:17:00,425.05,425.065,424.81,424.8531,29359
2026-04-27 17:18:00,424.835,424.9,424.65,424.7128,22254
2026-04-27 17:19:00,424.69,424.82,424.65,424.82,33301
2026-04-27 17:20:00,424.81,424.86,424.5001,424.54,22858
2026-04-27 17:21:00,424.55,424.59,424.4,424.415,25946
2026-04-27 17:22:00,424.41,424.54,424.385,424.4,17998
2026-04-27 17:23:00,424.405,424.79,424.25,424.6,50879
2026-04-27 17:24:00,424.58,424.725,424.4001,424.706,24059
2026-04-27 17:25:00,424.725,424.915,424.68,424.76,28004
2026-04-27 17:26:00,424.78,425.1,424.7301,425.07,35014
2026-04-27 17:27:00,425.03,425.09,424.93,425.0412,30334
2026-04-27 17:28:00,425.07,425.09,424.82,425.035,35913
2026-04-27 17:29:00,425.0,425.11,424.89,425.08,17896
2026-04-27 17:30:00,425.08,425.4,425.03,425.4,51647
2026-04-27 17:31:00,425.425,425.44,425.25,425.33,32755
2026-04-27 17:32:00,425.34,425.36,425.13,425.24,35476
2026-04-27 17:33:00,425.21,425.42,425.1749,425.41,21221
2026-04-27 17:34:00,425.42,425.56,425.24,425.55,57026
2026-04-27 17:35:00,425.54,425.68,425.51,425.6,71123
2026-04-27 17:36:00,425.625,425.84,425.51,425.72,39931
2026-04-27 17:37:00,425.725,425.765,425.58,425.595,34332
2026-04-27 17:38:00,425.6,425.75,425.57,425.67,24491
2026-04-27 17:39:00,425.675,425.7,425.45,425.53,26072
2026-04-27 17:40:00,425.54,425.6,425.3501,425.46,27592
2026-04-27 17:41:00,425.46,425.57,425.345,425.42,24244
2026-04-27 17:42:00,425.41,425.685,425.39,425.66,27915
2026-04-27 17:43:00,425.66,425.75,425.57,425.705,35807
2026-04-27 17:44:00,425.7,425.75,425.595,425.74,29376
2026-04-27 17:45:00,425.725,425.87,425.66,425.675,41657
2026-04-27 17:46:00,425.69,425.78,425.62,425.75,33705
2026-04-27 17:47:00,425.745,425.86,425.69,425.86,30422
2026-04-27 17:48:00,425.835,425.835,425.64,425.7,39701
2026-04-27 17:49:00,425.6783,425.75,425.645,425.67,22565
2026-04-27 17:50:00,425.65,425.84,425.65,425.7,24751
2026-04-27 17:51:00,425.68,425.76,425.65,425.68,23265
2026-04-27 17:52:00,425.675,425.74,425.66,425.7,24804
2026-04-27 17:53:00,425.7099,425.8092,425.68,425.7001,25210
2026-04-27 17:54:00,425.7,425.76,425.53,425.71,37224
2026-04-27 17:55:00,425.695,425.75,425.51,425.59,23918
2026-04-27 17:56:00,425.595,425.85,425.595,425.75,36463
2026-04-27 17:57:00,425.73,425.84,425.54,425.59,23013
2026-04-27 17:58:00,425.59,425.83,425.57,425.83,43979
2026-04-27 17:59:00,425.81,425.92,425.65,425.7101,54722
2026-04-27 18:00:00,425.71,425.73,425.54,425.63,30410
2026-04-27 18:01:00,425.59,425.75,425.57,425.69,21682
2026-04-27 18:02:00,425.68,425.8,425.68,425.79,26056
2026-04-27 18:03:00,425.78,426.07,425.71,425.975,74203
2026-04-27 18:04:00,425.99,426.0699,425.7255,425.77,31458
2026-04-27 18:05:00,425.77,425.98,425.7001,425.895,28489
2026-04-27 18:06:00,425.895,426.01,425.78,426.0,33748
2026-04-27 18:07:00,426.04,426.2,426.02,426.1924,53414
2026-04-27 18:08:00,426.2,426.29,425.99,426.2,88594
2026-04-27 18:09:00,426.2,426.41,426.08,426.245,122507
2026-04-27 18:10:00,426.24,426.39,426.22,426.3008,27972
2026-04-27 18:11:00,426.3,426.41,426.245,426.38,27779
2026-04-27 18:12:00,426.375,426.48,426.26,426.45,50376
2026-04-27 18:13:00,426.45,426.56,426.32,426.47,33554
2026-04-27 18:14:00,426.485,426.62,426.425,426.54,36533
2026-04-27 18:15:00,426.53,426.78,426.53,426.75,46540
2026-04-27 18:16:00,426.75,426.8499,426.57,426.6,52578
2026-04-27 18:17:00,426.6,426.61,426.37,426.445,34607
2026-04-27 18:18:00,426.4101,426.445,426.12,426.13,33616
2026-04-27 18:19:00,426.12,426.15,425.91,425.965,39655
2026-04-27 18:20:00,425.94,426.23,425.88,426.105,27896
2026-04-27 18:21:00,426.07,426.31,426.02,426.105,34962
2026-04-27 18:22:00,426.03,426.125,425.94,425.99,25243
2026-04-27 18:23:00,426.01,426.32,425.9901,426.32,34852
2026-04-27 18:24:00,426.32,426.35,426.16,426.21,22736
2026-04-27 18:25:00,426.265,426.3499,426.18,426.28,26060
2026-04-27 18:26:00,426.24,426.39,426.21,426.38,20597
2026-04-27 18:27:00,426.3915,426.4775,426.3,426.41,26455
2026-04-27 18:28:00,426.39,426.41,426.28,426.35,25300
2026-04-27 18:29:00,426.37,426.67,426.34,426.64,28955
2026-04-27 18:30:00,426.6382,426.84,426.61,426.64,49566
2026-04-27 18:31:00,426.68,426.68,426.39,426.4,27495
2026-04-27 18:32:00,426.4099,426.4099,426.2601,426.34,38525
2026-04-27 18:33:00,426.31,426.4799,426.31,426.37,22731
2026-04-27 18:34:00,426.37,426.48,426.34,426.36,26230
2026-04-27 18:35:00,426.37,426.37,426.1202,426.205,39661
2026-04-27 18:36:00,426.2299,426.45,426.2001,426.435,37324
2026-04-27 18:37:00,426.4485,426.46,426.2,426.275,39604
2026-04-27 18:38:00,426.29,426.43,426.29,426.4,39049
2026-04-27 18:39:00,426.38,426.59,426.38,426.55,50521
2026-04-27 18:40:00,426.54,426.63,426.445,426.52,37543
2026-04-27 18:41:00,426.53,426.54,426.35,426.47,36332
2026-04-27 18:42:00,426.4502,426.7,426.45,426.7,41944
2026-04-27 18:43:00,426.69,426.73,426.44,426.455,30020
2026-04-27 18:44:00,426.45,427.08,426.44,426.74,148253
2026-04-27 18:45:00,426.72,426.72,426.3,426.325,63837
2026-04-27 18:46:00,426.33,426.6,426.33,426.385,38752
2026-04-27 18:47:00,426.45,426.45,425.85,425.87,45340
2026-04-27 18:48:00,425.8561,425.96,425.6601,425.73,37754
2026-04-27 18:49:00,425.73,425.84,425.73,425.81,27990
2026-04-27 18:50:00,425.785,425.8,425.53,425.762,59640
2026-04-27 18:51:00,425.78,425.81,425.67,425.8,34652
2026-04-27 18:52:00,425.81,426.0,425.7901,425.825,24733
2026-04-27 18:53:00,425.84,425.865,425.71,425.84,39824
2026-04-27 18:54:00,425.85,425.95,425.66,425.675,27575
2026-04-27 18:55:00,425.6585,425.78,425.64,425.725,29628
2026-04-27 18:56:00,425.725,425.93,425.725,425.93,40257
2026-04-27 18:57:00,425.915,426.0,425.72,425.74,41346
2026-04-27 18:58:00,425.72,425.92,425.7001,425.92,22824
2026-04-27 18:59:00,425.92,426.08,425.8801,425.895,32447
2026-04-27 19:00:00,425.88,426.03,425.875,425.975,25948
2026-04-27 19:01:00,425.96,426.03,425.65,425.725,45466
2026-04-27 19:02:00,425.76,425.85,425.17,425.19,106817
2026-04-27 19:03:00,425.19,425.2999,425.01,425.08,36950
2026-04-27 19:04:00,425.08,425.14,424.985,425.055,46792
2026-04-27 19:05:00,425.055,425.0733,424.65,424.67,46810
2026-04-27 19:06:00,424.67,424.71,424.43,424.495,63191
2026-04-27 19:07:00,424.51,424.7,424.48,424.68,28980
2026-04-27 19:08:00,424.64,424.679,424.54,424.65,33563
2026-04-27 19:09:00,424.67,424.6794,424.41,424.4599,31473
2026-04-27 19:10:00,424.44,424.474,424.28,424.43,34417
2026-04-27 19:11:00,424.39,424.575,424.2853,424.555,32331
2026-04-27 19:12:00,424.555,424.59,424.44,424.55,28720
2026-04-27 19:13:00,424.53,424.74,424.53,424.6196,34626
2026-04-27 19:14:00,424.62,424.65,424.45,424.45,38648
2026-04-27 19:15:00,424.48,424.49,424.34,424.4,33948
2026-04-27 19:16:00,424.415,424.75,424.38,424.6,47994
2026-04-27 19:17:00,424.62,424.77,424.57,424.74,34069
2026-04-27 19:18:00,424.72,424.99,424.68,424.96,31712
2026-04-27 19:19:00,424.99,425.1674,424.94,425.0,49942
2026-04-27 19:20:00,424.99,425.04,424.71,424.78,29669
2026-04-27 19:21:00,424.78,424.95,424.72,424.84,41560
2026-04-27 19:22:00,424.84,425.09,424.795,425.06,34808
2026-04-27 19:23:00,425.075,425.15,425.03,425.08,24084
2026-04-27 19:24:00,425.08,425.0842,425.0,425.02,44442
2026-04-27 19:25:00,425.0,425.04,424.63,424.675,38432
2026-04-27 19:26:00,424.69,424.82,424.5901,424.68,42125
2026-04-27 19:27:00,424.646,424.72,424.5807,424.72,36708
2026-04-27 19:28:00,424.73,424.79,424.66,424.73,33540
2026-04-27 19:29:00,424.73,424.73,424.54,424.66,86427
2026-04-27 19:30:00,424.67,424.92,424.58,424.9,43195
2026-04-27 19:31:00,424.885,425.08,424.76,425.04,38188
2026-04-27 19:32:00,425.045,425.045,424.77,424.84,35285
2026-04-27 19:33:00,424.84,425.09,424.84,425.07,66186
2026-04-27 19:34:00,425.07,425.53,425.05,425.53,96459
2026-04-27 19:35:00,425.515,425.75,425.38,425.655,156838
2026-04-27 19:36:00,425.68,425.75,425.51,425.515,64208
2026-04-27 19:37:00,425.54,425.615,425.15,425.4575,64906
2026-04-27 19:38:00,425.47,425.69,425.4,425.68,32684
2026-04-27 19:39:00,425.67,426.115,425.67,426.115,77263
2026-04-27 19:40:00,426.09,426.18,425.87,426.08,70474
2026-04-27 19:41:00,426.05,426.1,425.8701,425.9609,42491
2026-04-27 19:42:00,425.98,426.03,425.7,425.86,141589
2026-04-27 19:43:00,425.86,425.89,425.68,425.77,51263
2026-04-27 19:44:00,425.77,425.986,425.75,425.83,59004
2026-04-27 19:45:00,425.85,426.03,425.64,425.64,75893
2026-04-27 19:46:00,425.65,425.79,425.5,425.51,44424
2026-04-27 19:47:00,425.48,425.62,425.4,425.51,48990
2026-04-27 19:48:00,425.52,425.63,425.43,425.57,45024
2026-04-27 19:49:00,425.57,425.62,425.355,425.49,40253
2026-04-27 19:50:00,425.5,425.58,424.6362,425.54,167467
2026-04-27 19:51:00,425.5,425.75,425.38,425.665,108267
2026-04-27 19:52:00,425.64,425.75,425.27,425.3875,99013
2026-04-27 19:53:00,425.42,425.445,424.89,425.155,150785
2026-04-27 19:54:00,425.13,425.155,424.16,424.44,274547
2026-04-27 19:55:00,424.48,425.28,424.48,424.86,139219
2026-04-27 19:56:00,424.86,424.89,424.73,424.855,122216
2026-04-27 19:57:00,424.865,424.965,424.725,424.83,108674
2026-04-27 19:58:00,424.84,424.9,424.77,424.81,160602
2026-04-27 19:59:00,424.8,425.09,424.66,425.06,461238
2026-04-28 13:30:00,424.72,424.72,422.54,423.17,1629158
2026-04-28 13:31:00,423.21,423.675,422.6586,422.6586,234304
2026-04-28 13:32:00,422.7,423.51,422.5,423.14,109032
2026-04-28 13:33:00,423.05,423.05,422.1,422.62,86510
2026-04-28 13:34:00,422.62,422.94,421.9,422.255,98554
2026-04-28 13:35:00,422.29,423.2352,422.0,422.76,113007
2026-04-28 13:36:00,422.78,423.199,422.5,422.65,90356
2026-04-28 13:37:00,422.65,422.82,421.99,422.82,69077
2026-04-28 13:38:00,422.77,423.05,422.55,422.67,63973
2026-04-28 13:39:00,422.65,423.0,422.35,422.7025,79144
2026-04-28 13:40:00,422.705,423.35,422.555,423.155,88325
2026-04-28 13:41:00,423.175,423.35,422.86,423.06,58442
2026-04-28 13:42:00,423.065,423.25,422.78,422.835,70540
2026-04-28 13:43:00,422.79,423.35,422.72,423.14,82412
2026-04-28 13:44:00,423.205,423.85,423.05,423.85,103033
2026-04-28 13:45:00,423.89,424.6,423.51,424.54,141626
2026-04-28 13:46:00,424.54,425.94,424.31,425.94,159750
2026-04-28 13:47:00,425.94,426.07,425.0801,425.9,186596
2026-04-28 13:48:00,425.84,425.9,424.71,425.85,93500
2026-04-28 13:49:00,425.8396,426.26,425.6394,426.055,97702
2026-04-28 13:50:00,426.055,427.49,426.03,427.4198,148609
2026-04-28 13:51:00,427.4322,428.08,427.2001,427.775,174407
2026-04-28 13:52:00,427.7628,428.08,426.8,426.8725,143460
2026-04-28 13:53:00,426.84,426.9698,426.53,426.65,86215
2026-04-28 13:54:00,426.5501,426.6,426.08,426.15,87612
2026-04-28 13:55:00,426.1006,426.68,425.9,426.65,118492
2026-04-28 13:56:00,426.655,426.975,426.3813,426.73,72380
2026-04-28 13:57:00,426.77,426.96,426.25,426.2969,68678
2026-04-28 13:58:00,426.25,426.99,426.22,426.99,60692
2026-04-28 13:59:00,426.9301,427.4,426.5,426.68,101120
2026-04-28 14:00:00,426.68,427.0999,426.3,426.93,77962
2026-04-28 14:01:00,426.9,427.13,426.46,426.6,51357
2026-04-28 14:02:00,426.64,426.715,426.25,426.65,56898
2026-04-28 14:03:00,426.63,426.66,426.1206,426.23,51683
2026-04-28 14:04:00,426.27,426.62,425.65,425.74,83178
2026-04-28 14:05:00,425.66,426.43,425.52,426.21,62456
2026-04-28 14:06:00,426.28,426.77,426.21,426.505,56446
2026-04-28 14:07:00,426.52,426.83,426.341,426.341,56227
2026-04-28 14:08:00,426.34,426.5,426.24,426.36,63861
2026-04-28 14:09:00,426.38,426.71,426.32,426.45,49419
2026-04-28 14:10:00,426.45,426.59,426.22,426.36,45009
2026-04-28 14:11:00,426.38,426.54,425.93,426.045,69110
2026-04-28 14:12:00,426.06,426.2699,425.97,426.1725,49878
2026-04-28 14:13:00,426.2,426.29,425.89,426.1835,50317
2026-04-28 14:14:00,426.18,426.39,425.43,425.495,109114
2026-04-28 14:15:00,425.495,425.59,424.95,425.34,246411
2026-04-28 14:16:00,425.325,425.42,425.07,425.14,233079
2026-04-28 14:17:00,425.17,425.51,425.11,425.21,65228
2026-04-28 14:18:00,425.21,425.85,425.2,425.79,71576
2026-04-28 14:19:00,425.805,425.925,425.255,425.27,38882
2026-04-28 14:20:00,425.28,425.74,425.27,425.67,53377
2026-04-28 14:21:00,425.69,425.84,425.47,425.66,56910
2026-04-28 14:22:00,425.64,425.8,425.2,425.37,61597
2026-04-28 14:23:00,425.35,425.5525,425.22,425.45,32482
2026-04-28 14:24:00,425.46,425.92,425.28,425.9,48026
2026-04-28 14:25:00,425.895,426.5,425.88,426.4799,81936
2026-04-28 14:26:00,426.4695,426.48,426.08,426.335,49288
2026-04-28 14:27:00,426.43,426.51,426.09,426.12,46470
2026-04-28 14:28:00,426.15,426.87,426.05,426.775,77751
2026-04-28 14:29:00,426.775,426.9048,426.3401,426.3901,47306
2026-04-28 14:30:00,426.42,426.7799,426.21,426.7799,41100
2026-04-28 14:31:00,426.73,426.98,426.62,426.67,45598
2026-04-28 14:32:00,426.67,426.69,426.3818,426.635,38208
2026-04-28 14:33:00,426.635,426.695,426.3711,426.51,36882
2026-04-28 14:34:00,426.51,426.81,426.3401,426.5148,53574
2026-04-28 14:35:00,426.55,426.6325,426.13,426.25,37037
2026-04-28 14:36:00,426.27,426.82,426.2,426.82,50425
2026-04-28 14:37:00,426.72,426.8599,425.88,425.93,41976
2026-04-28 14:38:00,425.94,425.98,425.5,425.74,62166
2026-04-28 14:39:00,425.71,425.8099,425.36,425.8099,82551
2026-04-28 14:40:00,425.775,425.87,425.11,425.17,58067
2026-04-28 14:41:00,425.1,425.75,425.0,425.62,80788
2026-04-28 14:42:00,425.7,425.795,425.4201,425.63,52980
2026-04-28 14:43:00,425.61,425.765,425.16,425.41,45934
2026-04-28 14:44:00,425.46,425.6,425.27,425.5615,53340
2026-04-28 14:45:00,425.6,425.8,425.19,425.27,61560
2026-04-28 14:46:00,425.235,425.46,424.9503,425.37,71479
2026-04-28 14:47:00,425.41,425.46,424.875,425.35,67753
2026-04-28 14:48:00,425.25,425.26,424.87,425.0315,50938
2026-04-28 14:49:00,425.065,425.23,424.97,425.165,42032
2026-04-28 14:50:00,425.1001,425.41,424.88,425.33,76142
2026-04-28 14:51:00,425.34,425.88,425.33,425.76,83580
2026-04-28 14:52:00,425.79,426.35,425.76,426.3,81852
2026-04-28 14:53:00,426.31,426.37,425.84,425.91,68436
2026-04-28 14:54:00,425.87,425.94,425.4431,425.4431,58305
2026-04-28 14:55:00,425.495,425.79,425.2,425.52,70168
2026-04-28 14:56:00,425.52,425.95,425.305,425.69,69629
2026-04-28 14:57:00,425.67,425.795,425.37,425.5217,66220
2026-04-28 14:58:00,425.53,425.75,425.45,425.605,71242
2026-04-28 14:59:00,425.56,425.88,425.45,425.85,48558
2026-04-28 15:00:00,425.85,426.09,425.76,426.04,53389
2026-04-28 15:01:00,426.03,426.53,426.02,426.22,59913
2026-04-28 15:02:00,426.21,426.37,425.8801,426.205,44259
2026-04-28 15:03:00,426.1606,426.56,426.11,426.275,39338
2026-04-28 15:04:00,426.26,426.64,426.16,426.43,42797
2026-04-28 15:05:00,426.4,426.77,426.25,426.4,64263
2026-04-28 15:06:00,426.395,426.6999,426.12,426.2,44743
2026-04-28 15:07:00,426.22,426.22,425.36,425.86,71363
2026-04-28 15:08:00,425.86,426.46,425.7,426.4067,50622
2026-04-28 15:09:00,426.425,426.49,425.9001,425.925,47719
2026-04-28 15:10:00,425.9,426.38,425.78,426.31,73972
2026-04-28 15:11:00,426.325,426.38,425.76,425.76,44536
2026-04-28 15:12:00,425.76,426.07,425.41,426.04,76159
2026-04-28 15:13:00,426.04,426.22,425.97,426.05,33506
2026-04-28 15:14:00,426.03,426.76,425.92,426.6125,79276
2026-04-28 15:15:00,426.65,426.7,426.155,426.155,70191
2026-04-28 15:16:00,426.15,426.4,425.94,426.37,40890
2026-04-28 15:17:00,426.4,426.4126,425.9,426.0,34039
2026-04-28 15:18:00,426.04,426.29,426.0141,426.25,25097
2026-04-28 15:19:00,426.28,426.48,426.0601,426.45,33677
2026-04-28 15:20:00,426.45,426.54,426.085,426.11,31235
2026-04-28 15:21:00,426.12,426.12,425.79,425.8507,41647
2026-04-28 15:22:00,425.82,426.04,425.775,425.801,26291
2026-04-28 15:23:00,425.85,425.85,425.46,425.46,42951
2026-04-28 15:24:00,425.475,426.09,425.35,426.03,37052
2026-04-28 15:25:00,426.055,426.08,425.7501,425.79,31871
2026-04-28 15:26:00,425.75,425.896,425.61,425.83,23514
2026-04-28 15:27:00,425.77,425.85,425.535,425.535,23609
2026-04-28 15:28:00,425.535,425.92,425.535,425.825,47905
2026-04-28 15:29:00,425.825,425.935,425.71,425.8002,29915
2026-04-28 15:30:00,425.75,425.87,425.5501,425.755,39773
2026-04-28 15:31:00,425.7745,426.1279,425.63,425.925,49692
2026-04-28 15:32:00,425.925,426.07,425.7512,426.02,43817
2026-04-28 15:33:00,426.1,426.385,426.05,426.37,99441
2026-04-28 15:34:00,426.4,426.51,426.045,426.16,68232
2026-04-28 15:35:00,426.085,426.36,425.97,426.195,71405
2026-04-28 15:36:00,426.14,426.195,425.8,425.8501,47774
2026-04-28 15:37:00,425.96,426.45,425.96,426.355,58594
2026-04-28 15:38:00,426.4,426.645,426.0901,426.18,60238
2026-04-28 15:39:00,426.22,426.4825,426.103,426.465,22841
2026-04-28 15:40:00,426.465,426.53,426.22,426.22,38112
2026-04-28 15:41:00,426.27,426.44,426.18,426.21,25079
2026-04-28 15:42:00,426.2494,426.29,426.0413,426.2,31756
2026-04-28 15:43:00,426.24,426.42,426.137,426.3,24220
2026-04-28 15:44:00,426.3,426.41,426.12,426.275,36358
2026-04-28 15:45:00,426.3,426.54,426.07,426.47,484670
2026-04-28 15:46:00,426.455,426.65,426.2801,426.65,24436
2026-04-28 15:47:00,426.65,426.79,426.5401,426.71,38635
2026-04-28 15:48:00,426.66,426.82,426.5,426.51,51202
2026-04-28 15:49:00,426.55,426.88,426.53,426.78,87987
2026-04-28 15:50:00,426.7825,427.01,426.75,426.9,103987
2026-04-28 15:51:00,426.96,427.145,426.87,427.07,53963
2026-04-28 15:52:00,427.1,427.29,426.9733,427.265,46967
2026-04-28 15:53:00,427.265,427.265,426.51,426.79,48422
2026-04-28 15:54:00,426.775,427.4,426.775,427.4,66844
2026-04-28 15:55:00,427.365,427.3926,426.94,427.08,70363
2026-04-28 15:56:00,427.055,427.39,427.03,427.36,54017
2026-04-28 15:57:00,427.39,427.5,427.33,427.4,62670
2026-04-28 15:58:00,427.38,427.465,427.1401,427.2699,34175
2026-04-28 15:59:00,427.235,427.69,427.12,427.6855,57646
2026-04-28 16:00:00,427.68,427.81,426.75,427.685,184046
2026-04-28 16:01:00,427.67,428.278,427.42,428.13,131222
2026-04-28 16:02:00,428.13,428.505,428.11,428.395,96349
2026-04-28 16:03:00,428.36,428.44,427.94,428.141,66604
2026-04-28 16:04:00,428.15,428.16,427.6001,427.74,85320
2026-04-28 16:05:00,427.74,427.9401,427.6501,427.775,65981
2026-04-28 16:06:00,427.78,427.94,427.21,427.24,79227
2026-04-28 16:07:00,427.26,427.8494,427.08,427.8494,65561
2026-04-28 16:08:00,427.84,427.87,427.48,427.48,39717
2026-04-28 16:09:00,427.53,427.7612,427.4,427.7612,30582
2026-04-28 16:10:00,427.76,427.92,427.73,427.83,500842
2026-04-28 16:11:00,427.8104,428.12,427.5601,428.115,54921
2026-04-28 16:12:00,428.115,428.14,427.85,427.865,43041
2026-04-28 16:13:00,427.865,428.08,427.73,427.84,38055
2026-04-28 16:14:00,427.8799,427.96,427.71,427.77,30438
2026-04-28 16:15:00,427.78,427.82,427.55,427.55,24651
2026-04-28 16:16:00,427.55,427.8,427.4528,427.72,62101
2026-04-28 16:17:00,427.76,427.83,427.68,427.81,31336
2026-04-28 16:18:00,427.81,427.93,427.74,427.77,47603
2026-04-28 16:19:00,427.75,427.87,427.69,427.69,27026
2026-04-28 16:20:00,427.7,427.94,427.6701,427.87,37835
2026-04-28 16:21:00,427.885,428.0999,427.785,427.95,40752
2026-04-28 16:22:00,427.95,427.95,427.8301,427.94,32508
2026-04-28 16:23:00,427.91,428.3,427.9008,428.26,41165
2026-04-28 16:24:00,428.275,428.4051,428.0601,428.145,58073
2026-04-28 16:25:00,428.16,428.21,427.9001,427.9001,31355
2026-04-28 16:26:00,427.93,428.2699,427.9,428.19,25319
2026-04-28 16:27:00,428.19,428.33,428.13,428.3,27204
2026-04-28 16:28:00,428.3,428.35,428.21,428.335,31167
2026-04-28 16:29:00,428.3208,428.58,428.3208,428.495,54297
2026-04-28 16:30:00,428.48,428.65,428.41,428.4801,41696
2026-04-28 16:31:00,428.52,428.55,428.23,428.2799,36704
2026-04-28 16:32:00,428.265,428.38,428.2,428.265,34513
2026-04-28 16:33:00,428.25,428.28,428.0001,428.04,26188
2026-04-28 16:34:00,428.025,428.06,427.73,427.73,42306
2026-04-28 16:35:00,427.7,427.7,427.385,427.475,64313
2026-04-28 16:36:00,427.53,427.865,427.4975,427.655,35914
2026-04-28 16:37:00,427.655,427.76,427.6,427.68,28515
2026-04-28 16:38:00,427.66,427.86,427.63,427.8,30853
2026-04-28 16:39:00,427.81,427.937,427.76,427.89,45629
2026-04-28 16:40:00,427.91,427.98,427.8001,427.8399,34159
2026-04-28 16:41:00,427.8,427.95,427.77,427.84,45593
2026-04-28 16:42:00,427.8117,427.98,427.71,427.9204,31655
2026-04-28 16:43:00,427.93,427.95,427.7164,427.79,31967
2026-04-28 16:44:00,427.82,427.9198,427.71,427.88,29115
2026-04-28 16:45:00,427.9,428.0,427.82,427.925,34572
2026-04-28 16:46:00,427.94,428.0499,427.82,427.8355,32771
2026-04-28 16:47:00,427.845,428.05,427.845,427.92,25828
2026-04-28 16:48:00,427.92,428.07,427.8901,428.0375,18459
2026-04-28 16:49:00,428.06,428.1,427.9501,427.965,25214
2026-04-28 16:50:00,427.98,428.18,427.97,428.1001,43903
2026-04-28 16:51:00,428.1,428.2,427.97,428.165,34748
2026-04-28 16:52:00,428.1813,428.29,428.06,428.17,39732
2026-04-28 16:53:00,428.19,428.49,428.1701,428.475,36331
2026-04-28 16:54:00,428.5,428.755,428.5,428.735,42576
2026-04-28 16:55:00,428.74,429.06,428.68,428.83,76216
2026-04-28 16:56:00,428.83,428.84,428.67,428.67,32638
2026-04-28 16:57:00,428.67,428.83,428.54,428.54,53678
2026-04-28 16:58:00,428.55,428.55,428.43,428.46,23183
2026-04-28 16:59:00,428.49,428.62,428.47,428.525,34779
2026-04-28 17:00:00,428.52,429.19,428.43,428.61,75659
2026-04-28 17:01:00,428.61,428.64,428.39,428.47,33320
2026-04-28 17:02:00,428.47,428.47,428.17,428.17,36573
2026-04-28 17:03:00,428.16,428.24,427.93,427.98,41393
2026-04-28 17:04:00,427.98,428.1399,427.92,428.03,22495
2026-04-28 17:05:00,428.03,428.035,427.76,427.775,24826
2026-04-28 17:06:00,427.76,427.95,427.62,427.9,30915
2026-04-28 17:07:00,427.885,427.92,427.6763,427.7201,15572
2026-04-28 17:08:00,427.74,427.87,427.68,427.745,30861
2026-04-28 17:09:00,427.7579,427.86,427.73,427.75,36302
2026-04-28 17:10:00,427.765,427.95,427.73,427.795,37078
2026-04-28 17:11:00,427.795,427.8099,427.57,427.76,32155
2026-04-28 17:12:00,427.73,427.9599,427.73,427.94,25669
2026-04-28 17:13:00,427.915,427.96,427.79,427.9,39337
2026-04-28 17:14:00,427.8708,428.1,427.8708,427.97,71214
2026-04-28 17:15:00,427.99,428.04,427.76,427.88,26941
2026-04-28 17:16:00,427.855,428.015,427.8201,427.95,34649
2026-04-28 17:17:00,427.9592,428.17,427.95,428.17,25328
2026-04-28 17:18:00,428.11,428.24,428.0151,428.17,29449
2026-04-28 17:19:00,428.19,428.5,428.19,428.5,40470
2026-04-28 17:20:00,428.47,428.6251,428.44,428.555,35997
2026-04-28 17:21:00,428.57,428.64,428.4,428.445,33512
2026-04-28 17:22:00,428.445,428.665,428.35,428.665,27955
2026-04-28 17:23:00,428.6817,428.7715,428.58,428.74,28718
2026-04-28 17:24:00,428.74,428.85,428.66,428.84,29169
2026-04-28 17:25:00,428.85,428.85,428.55,428.565,33298
2026-04-28 17:26:00,428.55,428.69,428.5,428.68,33208
2026-04-28 17:27:00,428.68,429.03,428.67,429.0,69767
2026-04-28 17:28:00,429.0,429.0,428.71,428.77,38760
2026-04-28 17:29:00,428.79,428.89,428.58,428.73,33246
2026-04-28 17:30:00,428.74,428.96,428.74,428.96,37241
2026-04-28 17:31:00,428.98,429.03,428.885,428.905,27820
2026-04-28 17:32:00,428.905,428.91,428.67,428.735,28476
2026-04-28 17:33:00,428.71,428.74,428.3,428.31,86542
2026-04-28 17:34:00,428.366,428.56,428.35,428.48,24492
2026-04-28 17:35:00,428.48,428.55,428.1366,428.21,33688
2026-04-28 17:36:00,428.21,428.282,428.13,428.17,27211
2026-04-28 17:37:00,428.2,428.31,428.05,428.07,32964
2026-04-28 17:38:00,428.0,428.0799,427.8,427.98,80477
2026-04-28 17:39:00,427.94,428.23,427.92,428.06,28882
2026-04-28 17:40:00,428.08,428.1999,427.81,427.9997,44061
2026-04-28 17:41:00,427.995,428.095,427.905,428.04,34206
2026-04-28 17:42:00,428.01,428.04,427.75,427.785,30786
2026-04-28 17:43:00,427.77,427.8683,427.7,427.81,31969
2026-04-28 17:44:00,427.81,427.83,427.66,427.8,29077
2026-04-28 17:45:00,427.815,427.96,427.81,427.88,44722
2026-04-28 17:46:00,427.86,427.86,427.5814,427.63,44443
2026-04-28 17:47:00,427.635,427.7699,427.56,427.76,43884
2026-04-28 17:48:00,427.75,427.98,427.69,427.9101,35287
2026-04-28 17:49:00,427.94,428.03,427.84,427.84,28046
2026-04-28 17:50:00,427.825,428.12,427.7685,428.12,47549
2026-04-28 17:51:00,428.105,428.34,428.105,428.24,26552
2026-04-28 17:52:00,428.2399,428.24,428.06,428.1776,31306
2026-04-28 17:53:00,428.175,428.25,427.91,427.98,22592
2026-04-28 17:54:00,427.99,428.06,427.8601,427.92,29599
2026-04-28 17:55:00,427.86,428.0999,427.8448,428.02,20681
2026-04-28 17:56:00,427.9821,428.055,427.92,427.98,18006
2026-04-28 17:57:00,428.0,428.125,428.0,428.0,18903
2026-04-28 17:58:00,428.025,428.1596,427.97,427.98,26381
2026-04-28 17:59:00,427.9591,427.98,427.8001,427.865,23888
2026-04-28 18:00:00,427.87,427.8999,427.7,427.7077,29960
2026-04-28 18:01:00,427.705,427.72,427.32,427.435,61234
2026-04-28 18:02:00,427.455,427.455,427.195,427.22,34493
2026-04-28 18:03:00,427.26,427.29,427.0,427.21,52014
2026-04-28 18:04:00,427.215,427.29,427.12,427.15,19424
2026-04-28 18:05:00,427.15,427.25,427.0,427.2,43797
2026-04-28 18:06:00,427.19,427.345,427.15,427.17,34346
2026-04-28 18:07:00,427.16,427.16,426.9032,426.925,51776
2026-04-28 18:08:00,426.92,427.04,426.9,427.03,31467
2026-04-28 18:09:00,427.03,427.03,426.76,426.816,57651
2026-04-28 18:10:00,426.81,426.865,426.75,426.86,28672
2026-04-28 18:11:00,426.845,426.96,426.75,426.75,22885
2026-04-28 18:12:00,426.755,427.0355,426.71,427.01,27190
2026-04-28 18:13:00,427.0,427.09,426.93,427.01,21258
2026-04-28 18:14:00,427.045,427.045,426.7601,426.8,19215
2026-04-28 18:15:00,426.79,426.9302,426.76,426.85,34077
2026-04-28 18:16:00,426.835,426.8681,426.63,426.815,36218
2026-04-28 18:17:00,426.8299,426.89,426.77,426.85,25870
2026-04-28 18:18:00,426.8596,426.87,426.69,426.78,27523
2026-04-28 18:19:00,426.78,426.81,426.71,426.7699,27149
2026-04-28 18:20:00,426.74,426.8386,426.4,426.44,47693
2026-04-28 18:21:00,426.45,426.7199,426.42,426.7199,29600
2026-04-28 18:22:00,426.69,426.78,426.44,426.44,35760
2026-04-28 18:23:00,426.45,426.89,426.42,426.66,52569
2026-04-28 18:24:00,426.67,426.78,426.64,426.6712,32388
2026-04-28 18:25:00,426.7,426.83,426.62,426.805,40167
2026-04-28 18:26:00,426.8,426.82,426.63,426.655,28747
2026-04-28 18:27:00,426.66,426.77,426.65,426.7,27918
2026-04-28 18:28:00,426.67,426.675,426.35,426.39,68278
2026-04-28 18:29:00,426.39,426.61,426.31,426.61,35794
2026-04-28 18:30:00,426.59,426.59,426.465,426.575,39389
2026-04-28 18:31:00,426.575,426.66,426.3,426.34,35420
2026-04-28 18:32:00,426.33,426.4292,426.324,426.39,33323
2026-04-28 18:33:00,426.39,426.4099,426.2501,426.2501,43120
2026-04-28 18:34:00,426.265,426.37,426.08,426.1696,47512
2026-04-28 18:35:00,426.15,426.2709,426.08,426.16,32364
2026-04-28 18:36:00,426.14,426.3499,426.118,426.3499,28934
2026-04-28 18:37:00,426.35,426.56,426.24,426.32,31319
2026-04-28 18:38:00,426.33,426.77,426.33,426.71,45314
2026-04-28 18:39:00,426.72,426.76,426.5301,426.56,35521
2026-04-28 18:40:00,426.55,426.74,426.49,426.685,53238
2026-04-28 18:41:00,426.685,426.685,426.5371,426.66,69777
2026-04-28 18:42:00,426.653,426.66,426.5,426.5,41236
2026-04-28 18:43:00,426.49,426.49,426.3001,426.35,49368
2026-04-28 18:44:00,426.34,426.72,426.335,426.69,60232
2026-04-28 18:45:00,426.6744,426.77,426.65,426.69,35340
2026-04-28 18:46:00,426.7275,426.76,426.57,426.64,44218
2026-04-28 18:47:00,426.67,426.67,426.4604,426.55,105475
2026-04-28 18:48:00,426.535,426.77,426.44,426.72,67279
2026-04-28 18:49:00,426.745,426.88,426.745,426.86,32589
2026-04-28 18:50:00,426.87,427.09,426.77,427.05,42314
2026-04-28 18:51:00,427.05,427.184,426.89,427.18,48901
2026-04-28 18:52:00,427.17,427.305,427.16,427.2,39100
2026-04-28 18:53:00,427.215,427.41,427.19,427.3601,38057
2026-04-28 18:54:00,427.37,427.5928,427.3,427.5,41030
2026-04-28 18:55:00,427.5,427.5,427.05,427.15,56226
2026-04-28 18:56:00,427.14,427.2799,426.94,427.085,74876
2026-04-28 18:57:00,427.085,427.32,427.0,427.3,82619
2026-04-28 18:58:00,427.3299,427.52,427.2737,427.48,38038
2026-04-28 18:59:00,427.5,427.7058,427.46,427.6437,38338
2026-04-28 19:00:00,427.62,427.645,427.17,427.4499,57225
2026-04-28 19:01:00,427.44,427.61,427.4,427.57,39208
2026-04-28 19:02:00,427.5618,427.6999,427.46,427.49,38282
2026-04-28 19:03:00,427.48,427.5,427.42,427.435,19688
2026-04-28 19:04:00,427.46,427.46,427.03,427.23,75976
2026-04-28 19:05:00,427.25,427.62,427.21,427.615,34325
2026-04-28 19:06:00,427.61,427.94,427.54,427.925,57465
2026-04-28 19:07:00,427.9202,427.97,427.8,427.84,42167
2026-04-28 19:08:00,427.82,427.93,427.78,427.87,25097
2026-04-28 19:09:00,427.8588,428.0,427.85,427.9,32012
2026-04-28 19:10:00,427.88,428.01,427.7989,427.98,35915
2026-04-28 19:11:00,427.98,428.06,427.815,427.92,57360
2026-04-28 19:12:00,427.92,428.0545,427.92,427.93,46811
2026-04-28 19:13:00,427.94,428.0,427.8,427.9,30288
2026-04-28 19:14:00,427.9,427.9,427.64,427.66,43588
2026-04-28 19:15:00,427.6574,427.82,427.63,427.72,40976
2026-04-28 19:16:00,427.7,427.83,427.5,427.51,39411
2026-04-28 19:17:00,427.49,427.61,427.37,427.465,33421
2026-04-28 19:18:00,427.465,427.79,427.41,427.64,37688
2026-04-28 19:19:00,427.64,427.83,427.64,427.8173,39644
2026-04-28 19:20:00,427.7901,427.92,427.71,427.809,745706
2026-04-28 19:21:00,427.81,427.93,427.64,427.8801,47744
2026-04-28 19:22:00,427.88,428.12,427.87,428.08,65665
2026-04-28 19:23:00,428.08,428.22,427.945,428.14,63120
2026-04-28 19:24:00,428.16,428.3,428.0501,428.29,50419
2026-04-28 19:25:00,428.3,428.48,428.27,428.455,108952
2026-04-28 19:26:00,428.46,428.71,428.455,428.59,73316
2026-04-28 19:27:00,428.61,428.71,428.47,428.6286,65188
2026-04-28 19:28:00,428.67,428.73,428.5604,428.72,48530
2026-04-28 19:29:00,428.67,429.06,428.615,428.995,79844
2026-04-28 19:30:00,429.0099,429.34,428.98,429.295,87889
2026-04-28 19:31:00,429.3,429.55,429.22,429.295,104441
2026-04-28 19:32:00,429.295,429.39,428.81,429.12,97640
2026-04-28 19:33:00,429.15,429.28,429.01,429.065,50456
2026-04-28 19:34:00,429.09,429.3899,429.04,429.28,75070
2026-04-28 19:35:00,429.3,429.43,429.23,429.3,69329
2026-04-28 19:36:00,429.3,429.5,429.173,429.4419,63519
2026-04-28 19:37:00,429.49,429.5412,429.31,429.51,48735
2026-04-28 19:38:00,429.51,429.6,429.0,429.365,97977
2026-04-28 19:39:00,429.39,429.45,429.2301,429.3637,49732
2026-04-28 19:40:00,429.3799,429.48,429.27,429.37,70215
2026-04-28 19:41:00,429.365,429.39,429.1008,429.23,83537
2026-04-28 19:42:00,429.22,429.35,429.04,429.04,146300
2026-04-28 19:43:00,429.07,429.15,428.775,428.905,115166
2026-04-28 19:44:00,428.93,429.23,428.9,429.15,69871
2026-04-28 19:45:00,429.165,429.3799,429.15,429.3799,54546
2026-04-28 19:46:00,429.38,429.39,429.078,429.13,55201
2026-04-28 19:47:00,429.115,429.33,429.06,429.2325,50484
2026-04-28 19:48:00,429.227,429.34,429.12,429.2701,47749
2026-04-28 19:49:00,429.295,429.55,429.27,429.42,70871
2026-04-28 19:50:00,429.45,429.73,429.4001,429.56,116033
2026-04-28 19:51:00,429.65,429.78,429.59,429.68,88851
2026-04-28 19:52:00,429.7,429.91,429.665,429.9,106609
2026-04-28 19:53:00,429.89,429.905,429.13,429.145,143116
2026-04-28 19:54:00,429.13,429.1837,428.6,428.86,137747
2026-04-28 19:55:00,428.79,429.21,428.69,429.21,173837
2026-04-28 19:56:00,429.1939,429.34,429.11,429.27,125929
2026-04-28 19:57:00,429.29,429.63,429.29,429.54,160798
2026-04-28 19:58:00,429.52,429.5899,429.39,429.55,242567
2026-04-28 19:59:00,429.54,429.54,429.2,429.36,417521
2026-04-29 13:30:00,424.575,424.7,421.78,422.2,1408696
2026-04-29 13:31:00,422.21,425.33,421.99,424.92,246946
2026-04-29 13:32:00,424.76,424.82,422.75,423.615,208950
2026-04-29 13:33:00,423.55,423.97,423.0,423.4,116939
2026-04-29 13:34:00,423.44,423.53,422.25,422.38,128430
2026-04-29 13:35:00,422.37,423.2,422.01,422.76,133595
2026-04-29 13:36:00,422.76,423.58,422.45,422.895,158458
2026-04-29 13:37:00,422.88,423.26,422.25,422.84,122506
2026-04-29 13:38:00,422.84,422.99,422.14,422.4125,120789
2026-04-29 13:39:00,422.45,423.2,422.26,423.15,93727
2026-04-29 13:40:00,423.1072,423.28,422.535,423.1023,97351
2026-04-29 13:41:00,423.11,423.85,422.9001,423.4357,122941
2026-04-29 13:42:00,423.46,424.5,423.44,424.205,135740
2026-04-29 13:43:00,424.19,424.3499,423.71,424.34,86923
2026-04-29 13:44:00,424.31,424.66,424.18,424.49,111870
2026-04-29 13:45:00,424.49,424.52,423.68,423.725,161406
2026-04-29 13:46:00,423.73,424.379,423.6201,424.27,146028
2026-04-29 13:47:00,424.285,424.78,424.16,424.445,191170
2026-04-29 13:48:00,424.445,424.514,424.0,424.245,132451
2026-04-29 13:49:00,424.2475,425.1,424.18,425.055,91331
2026-04-29 13:50:00,425.06,426.155,425.06,425.805,116471
2026-04-29 13:51:00,425.9,425.98,425.41,425.68,162000
2026-04-29 13:52:00,425.62,425.81,425.2,425.365,90710
2026-04-29 13:53:00,425.34,426.21,425.26,426.145,89348
2026-04-29 13:54:00,426.145,426.6868,426.09,426.6421,113112
2026-04-29 13:55:00,426.64,426.82,426.165,426.1889,99127
2026-04-29 13:56:00,426.177,426.59,425.94,426.255,95775
2026-04-29 13:57:00,426.24,426.25,425.35,425.535,73850
2026-04-29 13:58:00,425.49,425.55,425.2,425.26,66439
2026-04-29 13:59:00,425.28,425.65,425.04,425.545,107123
2026-04-29 14:00:00,425.53,425.55,425.0,425.18,91044
2026-04-29 14:01:00,425.2,425.46,425.01,425.17,45832
2026-04-29 14:02:00,425.17,425.24,424.4,424.64,114710
2026-04-29 14:03:00,424.635,424.84,424.45,424.52,103012
2026-04-29 14:04:00,424.49,424.7,424.42,424.64,99663
2026-04-29 14:05:00,424.62,424.625,424.3,424.62,71720
2026-04-29 14:06:00,424.62,424.67,424.27,424.31,58510
2026-04-29 14:07:00,424.3075,424.35,423.95,424.18,84031
2026-04-29 14:08:00,424.19,424.6799,424.16,424.18,100747
2026-04-29 14:09:00,424.21,424.65,424.1301,424.555,68927
2026-04-29 14:10:00,424.555,424.68,424.33,424.65,71115
2026-04-29 14:11:00,424.64,424.75,424.29,424.33,78738
2026-04-29 14:12:00,424.31,424.47,424.1,424.15,59244
2026-04-29 14:13:00,424.12,424.1499,423.785,423.93,63120
2026-04-29 14:14:00,423.975,424.1917,423.82,423.995,81891
2026-04-29 14:15:00,423.995,424.01,423.2525,423.4,119370
2026-04-29 14:16:00,423.43,424.6,423.4,424.51,90493
2026-04-29 14:17:00,424.525,424.94,424.2701,424.3,59050
2026-04-29 14:18:00,424.28,424.64,424.11,424.42,105569
2026-04-29 14:19:00,424.465,424.7878,424.3,424.335,79127
2026-04-29 14:20:00,424.3,424.42,424.07,424.2,61677
2026-04-29 14:21:00,424.2,424.599,423.97,424.599,57006
2026-04-29 14:22:00,424.565,424.6509,424.3,424.58,65143
2026-04-29 14:23:00,424.605,424.83,424.49,424.715,33306
2026-04-29 14:24:00,424.715,424.8378,424.4,424.81,55732
2026-04-29 14:25:00,424.81,424.81,424.53,424.555,52759
2026-04-29 14:26:00,424.555,424.87,424.45,424.585,71508
2026-04-29 14:27:00,424.585,424.9,424.43,424.8,47807
2026-04-29 14:28:00,424.8,424.9799,424.59,424.85,77876
2026-04-29 14:29:00,424.88,425.23,424.78,425.2,45946
2026-04-29 14:30:00,425.23,425.235,424.8001,424.88,47993
2026-04-29 14:31:00,424.89,425.17,424.83,425.17,38563
2026-04-29 14:32:00,425.145,425.6499,425.1,425.585,96809
2026-04-29 14:33:00,425.59,425.65,425.28,425.43,50139
2026-04-29 14:34:00,425.43,425.73,425.43,425.53,39574
2026-04-29 14:35:00,425.58,425.78,425.4,425.46,52519
2026-04-29 14:36:00,425.45,425.67,425.25,425.415,39564
2026-04-29 14:37:00,425.36,425.62,425.3,425.6,29859
2026-04-29 14:38:00,425.57,425.675,425.19,425.2,60272
2026-04-29 14:39:00,425.2137,425.29,424.94,425.015,48828
2026-04-29 14:40:00,424.98,425.0,424.76,424.97,59927
2026-04-29 14:41:00,424.94,425.1,424.8,424.865,75854
2026-04-29 14:42:00,424.865,425.035,424.65,424.71,116586
2026-04-29 14:43:00,424.685,425.025,424.57,425.02,47827
2026-04-29 14:44:00,425.05,425.535,424.8325,425.535,45188
2026-04-29 14:45:00,425.575,425.6,425.4,425.4899,33683
2026-04-29 14:46:00,425.43,425.5,425.2,425.46,78056
2026-04-29 14:47:00,425.49,425.51,424.96,425.11,40100
2026-04-29 14:48:00,425.11,425.17,424.83,425.0199,33090
2026-04-29 14:49:00,425.0,425.2,424.6,425.155,63895
2026-04-29 14:50:00,425.14,425.389,424.92,425.035,41062
2026-04-29 14:51:00,425.04,425.04,424.78,424.795,39530
2026-04-29 14:52:00,424.795,425.125,424.795,424.87,34263
2026-04-29 14:53:00,424.89,425.2,424.84,425.2,31047
2026-04-29 14:54:00,425.18,425.27,424.985,425.0508,38415
2026-04-29 14:55:00,425.07,425.11,424.94,425.045,40462
2026-04-29 14:56:00,425.05,425.27,425.0,425.16,37761
2026-04-29 14:57:00,425.15,425.3,425.13,425.215,28927
2026-04-29 14:58:00,425.215,425.24,425.01,425.19,38977
2026-04-29 14:59:00,425.2,425.42,425.1,425.33,61503
2026-04-29 15:00:00,425.335,425.4588,425.154,425.4588,45856
2026-04-29 15:01:00,425.46,425.7,425.455,425.53,55563
2026-04-29 15:02:00,425.5,425.66,425.338,425.66,42230
2026-04-29 15:03:00,425.69,425.75,425.37,425.38,72793
2026-04-29 15:04:00,425.43,425.83,425.4,425.7,47386
2026-04-29 15:05:00,425.68,425.7,425.18,425.24,37107
2026-04-29 15:06:00,425.28,425.6098,425.28,425.535,24730
2026-04-29 15:07:00,425.5698,425.5698,425.24,425.25,33302
2026-04-29 15:08:00,425.25,425.3,425.1,425.14,25540
2026-04-29 15:09:00,425.14,425.17,425.01,425.13,44497
2026-04-29 15:10:00,425.14,425.14,424.72,424.845,48430
2026-04-29 15:11:00,424.81,424.81,424.54,424.745,54207
2026-04-29 15:12:00,424.74,424.755,424.402,424.555,51492
2026-04-29 15:13:00,424.555,424.63,424.3001,424.415,45207
2026-04-29 15:14:00,424.4,424.5399,424.17,424.1901,57646
2026-04-29 15:15:00,424.2,424.2799,424.1191,424.18,56088
2026-04-29 15:16:00,424.185,424.8,424.185,424.8,41144
2026-04-29 15:17:00,424.79,424.91,424.64,424.805,40226
2026-04-29 15:18:00,424.815,424.8375,424.49,424.53,26449
2026-04-29 15:19:00,424.51,424.53,424.26,424.35,51085
2026-04-29 15:20:00,424.375,424.62,424.365,424.59,39179
2026-04-29 15:21:00,424.6,424.65,424.43,424.62,59891
2026-04-29 15:22:00,424.63,424.8699,424.5701,424.74,45625
2026-04-29 15:23:00,424.74,424.765,424.42,424.465,50412
2026-04-29 15:24:00,424.47,424.61,424.45,424.5512,36202
2026-04-29 15:25:00,424.57,424.595,424.35,424.445,38876
2026-04-29 15:26:00,424.4539,424.47,424.26,424.37,42356
2026-04-29 15:27:00,424.37,424.39,424.04,424.15,52553
2026-04-29 15:28:00,424.18,424.38,424.06,424.285,52008
2026-04-29 15:29:00,424.39,424.6,424.3583,424.3583,48138
2026-04-29 15:30:00,424.37,424.81,424.37,424.76,43470
2026-04-29 15:31:00,424.7298,425.035,424.7298,424.89,60180
2026-04-29 15:32:00,424.88,424.9099,424.54,424.76,56011
2026-04-29 15:33:00,424.79,424.93,424.76,424.93,39769
2026-04-29 15:34:00,424.8901,425.18,424.74,425.17,64355
2026-04-29 15:35:00,425.19,425.2951,424.951,424.975,66596
2026-04-29 15:36:00,424.985,425.2,424.9,425.005,54945
2026-04-29 15:37:00,425.0,425.215,424.9401,425.17,38224
2026-04-29 15:38:00,425.155,425.235,424.6001,424.6001,72660
2026-04-29 15:39:00,424.635,424.74,424.55,424.65,21730
2026-04-29 15:40:00,424.66,424.76,424.53,424.53,28473
2026-04-29 15:41:00,424.51,424.59,424.42,424.4546,32670
2026-04-29 15:42:00,424.45,424.45,424.22,424.39,37263
2026-04-29 15:43:00,424.405,424.64,424.37,424.545,35546
2026-04-29 15:44:00,424.54,424.62,424.43,424.57,24911
2026-04-29 15:45:00,424.595,424.82,424.51,424.783,31943
2026-04-29 15:46:00,424.8,424.855,424.57,424.57,19315
2026-04-29 15:47:00,424.57,424.86,424.57,424.84,24476
2026-04-29 15:48:00,424.855,425.0,424.74,424.986,27133
2026-04-29 15:49:00,424.95,425.0,424.8701,424.94,26961
2026-04-29 15:50:00,424.945,425.19,424.945,425.05,35165
2026-04-29 15:51:00,425.0,425.05,424.39,424.825,107725
2026-04-29 15:52:00,424.87,424.99,424.25,424.3814,43521
2026-04-29 15:53:00,424.4399,424.4399,423.9,423.915,60840
2026-04-29 15:54:00,423.9,423.9489,423.64,423.835,42150
2026-04-29 15:55:00,423.835,424.23,423.678,424.18,39371
2026-04-29 15:56:00,424.165,424.23,423.81,423.88,32710
2026-04-29 15:57:00,423.87,423.94,423.72,423.815,54225
2026-04-29 15:58:00,423.8,424.15,423.79,424.13,50040
2026-04-29 15:59:00,424.12,424.3999,423.94,424.335,37939
2026-04-29 16:00:00,424.36,424.4,424.175,424.225,36313
2026-04-29 16:01:00,424.22,424.53,424.2,424.51,27249
2026-04-29 16:02:00,424.54,424.67,424.3,424.475,24642
2026-04-29 16:03:00,424.475,424.58,424.34,424.42,30095
2026-04-29 16:04:00,424.42,424.5199,424.4,424.49,23244
2026-04-29 16:05:00,424.52,424.615,424.45,424.56,18700
2026-04-29 16:06:00,424.56,424.795,424.5,424.73,28354
2026-04-29 16:07:00,424.745,424.75,424.54,424.69,23379
2026-04-29 16:08:00,424.7,424.775,424.605,424.69,20286
2026-04-29 16:09:00,424.665,424.78,424.615,424.695,20101
2026-04-29 16:10:00,424.68,424.745,424.57,424.675,27491
2026-04-29 16:11:00,424.675,424.76,424.42,424.46,31786
2026-04-29 16:12:00,424.45,424.45,424.1,424.26,38959
2026-04-29 16:13:00,424.22,424.47,424.16,424.37,26426
2026-04-29 16:14:00,424.37,424.4,424.15,424.2,28422
2026-04-29 16:15:00,424.2,424.4,424.16,424.2,49240
2026-04-29 16:16:00,424.18,424.22,423.81,423.83,45069
2026-04-29 16:17:00,423.83,423.83,423.6,423.61,57464
2026-04-29 16:18:00,423.625,423.63,423.41,423.4416,96232
2026-04-29 16:19:00,423.48,423.5199,423.155,423.23,54080
2026-04-29 16:20:00,423.225,423.48,423.2,423.24,32563
2026-04-29 16:21:00,423.28,423.315,422.83,422.855,90783
2026-04-29 16:22:00,422.8471,423.05,422.6509,422.665,44527
2026-04-29 16:23:00,422.65,422.73,422.53,422.69,51701
2026-04-29 16:24:00,422.69,422.7098,422.28,422.34,127356
2026-04-29 16:25:00,422.34,422.47,422.04,422.1299,77243
2026-04-29 16:26:00,422.09,422.24,421.95,422.09,105264
2026-04-29 16:27:00,422.07,422.364,421.74,422.31,84263
2026-04-29 16:28:00,422.29,422.4699,422.19,422.362,51344
2026-04-29 16:29:00,422.365,422.38,421.94,422.01,50514
2026-04-29 16:30:00,422.0,422.03,421.8007,421.965,49668
2026-04-29 16:31:00,421.95,422.03,421.41,421.48,62349
2026-04-29 16:32:00,421.44,421.53,421.21,421.53,52916
2026-04-29 16:33:00,421.555,421.75,421.5201,421.59,51706
2026-04-29 16:34:00,421.57,421.57,420.88,420.94,74725
2026-04-29 16:35:00,420.935,421.115,420.87,421.03,71088
2026-04-29 16:36:00,421.02,421.1899,420.53,420.59,117162
2026-04-29 16:37:00,420.59,420.855,420.29,420.77,129152
2026-04-29 16:38:00,420.77,421.15,420.73,421.14,69821
2026-04-29 16:39:00,421.14,421.47,421.14,421.425,48668
2026-04-29 16:40:00,421.5,421.94,421.49,421.84,56953
2026-04-29 16:41:00,421.81,421.835,421.51,421.7,36990
2026-04-29 16:42:00,421.705,421.88,421.64,421.8107,32635
2026-04-29 16:43:00,421.8145,422.11,421.8112,422.095,42310
2026-04-29 16:44:00,422.09,422.2033,421.9101,422.185,34271
2026-04-29 16:45:00,422.17,422.3,421.86,421.93,33631
2026-04-29 16:46:00,422.0,422.4,422.0,422.38,36441
2026-04-29 16:47:00,422.3707,422.41,422.11,422.135,24661
2026-04-29 16:48:00,422.12,422.265,421.98,422.265,43902
2026-04-29 16:49:00,422.26,422.28,422.145,422.19,35124
2026-04-29 16:50:00,422.1282,422.45,422.03,422.4299,30442
2026-04-29 16:51:00,422.39,422.58,422.39,422.53,28016
2026-04-29 16:52:00,422.535,422.535,422.39,422.43,31798
2026-04-29 16:53:00,422.43,422.57,422.38,422.4,27202
2026-04-29 16:54:00,422.4,422.65,422.4,422.615,32913
2026-04-29 16:55:00,422.6001,422.81,422.52,422.785,29432
2026-04-29 16:56:00,422.7912,422.8726,422.61,422.72,28463
2026-04-29 16:57:00,422.68,422.8045,422.6401,422.6401,21617
2026-04-29 16:58:00,422.655,422.73,422.6001,422.62,36426
2026-04-29 16:59:00,422.63,422.77,422.38,422.43,52549
2026-04-29 17:00:00,422.46,422.5,422.27,422.435,49402
2026-04-29 17:01:00,422.4,422.41,421.97,422.0001,40785
2026-04-29 17:02:00,422.045,422.23,421.97,422.21,43000
2026-04-29 17:03:00,422.22,422.285,422.02,422.12,300409
2026-04-29 17:04:00,422.12,422.49,422.09,422.34,39917
2026-04-29 17:05:00,422.36,422.5,422.175,422.22,23990
2026-04-29 17:06:00,422.22,422.32,422.03,422.045,44977
2026-04-29 17:07:00,422.04,422.2245,421.9,422.1596,33723
2026-04-29 17:08:00,422.185,422.37,422.14,422.35,24247
2026-04-29 17:09:00,422.37,422.75,422.3401,422.705,50834
2026-04-29 17:10:00,422.705,422.775,422.605,422.6405,28868
2026-04-29 17:11:00,422.67,422.75,422.58,422.6,21843
2026-04-29 17:12:00,422.5801,422.71,422.465,422.465,19331
2026-04-29 17:13:00,422.465,422.4699,422.1,422.155,20429
2026-04-29 17:14:00,422.18,422.24,422.1,422.175,29090
2026-04-29 17:15:00,422.175,422.18,422.0103,422.152,29743
2026-04-29 17:16:00,422.1685,422.21,422.05,422.11,34138
2026-04-29 17:17:00,422.12,422.4,422.12,422.25,30375
2026-04-29 17:18:00,422.26,422.285,422.21,422.2516,21078
2026-04-29 17:19:00,422.24,422.37,422.13,422.325,35331
2026-04-29 17:20:00,422.3,422.67,422.29,422.5684,38860
2026-04-29 17:21:00,422.55,422.85,422.53,422.845,34679
2026-04-29 17:22:00,422.8637,422.9499,422.7612,422.8,24493
2026-04-29 17:23:00,422.785,422.94,422.77,422.87,23179
2026-04-29 17:24:00,422.855,422.89,422.67,422.68,28255
2026-04-29 17:25:00,422.68,422.68,422.53,422.675,25646
2026-04-29 17:26:00,422.72,422.825,422.7,422.7603,15905
2026-04-29 17:27:00,422.76,422.76,422.62,422.74,17445
2026-04-29 17:28:00,422.74,422.94,422.66,422.865,19023
2026-04-29 17:29:00,422.84,423.19,422.84,423.16,41561
2026-04-29 17:30:00,423.145,423.225,423.05,423.105,35151
2026-04-29 17:31:00,423.06,423.32,423.0,423.21,30021
2026-04-29 17:32:00,423.19,423.4,423.17,423.3,139651
2026-04-29 17:33:00,423.305,423.53,423.26,423.53,115358
2026-04-29 17:34:00,423.5499,423.555,423.335,423.335,26835
2026-04-29 17:35:00,423.35,423.44,423.2282,423.37,21860
2026-04-29 17:36:00,423.36,423.38,423.24,423.27,19584
2026-04-29 17:37:00,423.26,423.34,423.08,423.33,24002
2026-04-29 17:38:00,423.32,423.545,423.285,423.52,32900
2026-04-29 17:39:00,423.515,423.64,423.515,423.615,26663
2026-04-29 17:40:00,423.615,423.82,423.55,423.769,29208
2026-04-29 17:41:00,423.775,423.8427,423.64,423.815,28278
2026-04-29 17:42:00,423.82,423.92,423.7101,423.855,38394
2026-04-29 17:43:00,423.855,423.88,423.6,423.61,34770
2026-04-29 17:44:00,423.6,423.95,423.59,423.95,34186
2026-04-29 17:45:00,423.94,423.99,423.78,423.82,28202
2026-04-29 17:46:00,423.8,423.86,423.64,423.68,25050
2026-04-29 17:47:00,423.66,423.66,423.57,423.62,24679
2026-04-29 17:48:00,423.645,424.0,423.64,423.9,39426
2026-04-29 17:49:00,423.905,423.975,423.7,423.85,20754
2026-04-29 17:50:00,423.89,423.96,423.79,423.9401,32330
2026-04-29 17:51:00,423.95,424.1,423.93,424.09,47211
2026-04-29 17:52:00,424.075,424.14,423.86,423.88,22841
2026-04-29 17:53:00,423.875,423.94,423.77,423.78,45302
2026-04-29 17:54:00,423.8,423.84,423.55,423.58,37091
2026-04-29 17:55:00,423.61,423.61,423.33,423.36,59848
2026-04-29 17:56:00,423.35,423.52,423.33,423.415,32226
2026-04-29 17:57:00,423.42,423.42,423.15,423.21,24062
2026-04-29 17:58:00,423.19,423.39,423.15,423.2671,39447
2026-04-29 17:59:00,423.25,423.4,423.1901,423.35,25332
2026-04-29 18:00:00,423.35,423.395,422.85,423.005,43109
2026-04-29 18:01:00,423.005,423.11,422.81,423.005,31849
2026-04-29 18:02:00,423.026,423.026,422.68,422.696,40001
2026-04-29 18:03:00,422.64,422.83,422.53,422.68,33213
2026-04-29 18:04:00,422.68,422.74,422.5512,422.64,30458
2026-04-29 18:05:00,422.61,422.7295,422.57,422.6,25185
2026-04-29 18:06:00,422.6,422.85,422.54,422.81,24263
2026-04-29 18:07:00,422.8003,423.1884,422.7,423.0651,56479
2026-04-29 18:08:00,423.13,423.2,422.71,422.82,52141
2026-04-29 18:09:00,422.7901,422.915,422.73,422.9085,33359
2026-04-29 18:10:00,422.87,422.91,422.52,422.9008,50678
2026-04-29 18:11:00,422.92,423.11,422.8901,422.95,37870
2026-04-29 18:12:00,422.93,423.06,422.75,422.915,29927
2026-04-29 18:13:00,422.92,423.16,422.8,423.1471,32634
2026-04-29 18:14:00,423.14,423.19,422.97,423.09,30967
2026-04-29 18:15:00,423.07,423.24,422.94,422.98,46571
2026-04-29 18:16:00,423.0,423.4,423.0,423.34,30725
2026-04-29 18:17:00,423.3401,423.53,423.29,423.455,42545
2026-04-29 18:18:00,423.455,423.6199,423.41,423.56,30549
2026-04-29 18:19:00,423.535,423.76,423.5101,423.76,34025
2026-04-29 18:20:00,423.76,424.1172,423.74,424.11,43117
2026-04-29 18:21:00,424.13,424.225,424.03,424.03,48194
2026-04-29 18:22:00,424.02,424.0434,423.8001,423.81,33225
2026-04-29 18:23:00,423.81,424.02,423.775,423.88,33909
2026-04-29 18:24:00,423.88,423.92,423.7401,423.76,36466
2026-04-29 18:25:00,423.76,423.78,423.62,423.64,43039
2026-04-29 18:26:00,423.64,423.67,423.4,423.415,50853
2026-04-29 18:27:00,423.415,423.66,423.415,423.565,33543
2026-04-29 18:28:00,423.56,423.7,423.37,423.7,48463
2026-04-29 18:29:00,423.685,423.73,423.65,423.655,27678
2026-04-29 18:30:00,423.655,423.83,423.59,423.76,38800
2026-04-29 18:31:00,423.74,423.74,423.42,423.4701,43816
2026-04-29 18:32:00,423.485,423.615,423.36,423.6,48612
2026-04-29 18:33:00,423.56,423.75,423.56,423.62,78794
2026-04-29 18:34:00,423.64,423.675,423.44,423.485,56372
2026-04-29 18:35:00,423.485,423.71,423.211,423.2215,166910
2026-04-29 18:36:00,423.22,423.84,423.2,423.6299,113877
2026-04-29 18:37:00,423.605,423.63,423.01,423.375,87572
2026-04-29 18:38:00,423.37,423.44,423.03,423.055,45768
2026-04-29 18:39:00,423.055,423.34,423.03,423.235,36060
2026-04-29 18:40:00,423.23,423.4,423.0401,423.37,35160
2026-04-29 18:41:00,423.35,423.36,423.145,423.2,34491
2026-04-29 18:42:00,423.15,423.59,422.98,423.56,48883
2026-04-29 18:43:00,423.6,423.78,423.48,423.76,57820
2026-04-29 18:44:00,423.8,423.84,423.385,423.6,54455
2026-04-29 18:45:00,423.6,423.65,423.32,423.6,45369
2026-04-29 18:46:00,423.6,423.7,423.39,423.55,39895
2026-04-29 18:47:00,423.56,424.0,423.54,423.99,75846
2026-04-29 18:48:00,423.98,424.4799,423.91,424.3377,88503
2026-04-29 18:49:00,424.37,424.6,424.29,424.51,67225
2026-04-29 18:50:00,424.51,424.88,424.51,424.855,62801
2026-04-29 18:51:00,424.88,425.0,424.68,424.695,69532
2026-04-29 18:52:00,424.69,424.91,424.58,424.89,51234
2026-04-29 18:53:00,424.89,424.895,424.5,424.555,52850
2026-04-29 18:54:00,424.55,424.7639,424.4473,424.52,95813
2026-04-29 18:55:00,424.48,424.94,424.45,424.725,57569
2026-04-29 18:56:00,424.7525,424.83,424.51,424.735,62026
2026-04-29 18:57:00,424.72,424.99,424.69,424.89,48913
2026-04-29 18:58:00,424.95,425.1591,424.91,425.07,75932
2026-04-29 18:59:00,425.12,425.1799,424.91,424.9811,50020
2026-04-29 19:00:00,425.0,425.19,425.0,425.0001,61005
2026-04-29 19:01:00,425.01,425.295,424.975,425.24,48430
2026-04-29 19:02:00,425.22,425.43,425.14,425.18,44053
2026-04-29 19:03:00,425.2,425.2,424.68,424.69,45433
2026-04-29 19:04:00,424.68,424.87,424.52,424.53,41780
2026-04-29 19:05:00,424.56,424.57,424.25,424.315,68757
2026-04-29 19:06:00,424.32,424.505,424.1701,424.335,72028
2026-04-29 19:07:00,424.35,424.37,424.15,424.2301,49926
2026-04-29 19:08:00,424.2554,424.5,424.19,424.255,42950
2026-04-29 19:09:00,424.255,424.33,424.175,424.29,39342
2026-04-29 19:10:00,424.28,424.48,424.16,424.47,60046
2026-04-29 19:11:00,424.45,424.69,424.4119,424.58,62581
2026-04-29 19:12:00,424.6,424.9099,424.59,424.87,37238
2026-04-29 19:13:00,424.88,424.925,424.775,424.84,43846
2026-04-29 19:14:00,424.83,424.975,424.71,424.71,33656
2026-04-29 19:15:00,424.74,425.1,424.74,424.84,64264
2026-04-29 19:16:00,424.845,424.87,424.63,424.67,44060
2026-04-29 19:17:00,424.63,424.71,424.47,424.67,64128
2026-04-29 19:18:00,424.63,424.86,424.63,424.785,49655
2026-04-29 19:19:00,424.77,424.9,424.74,424.87,37595
2026-04-29 19:20:00,424.855,425.1427,424.855,425.0271,63676
2026-04-29 19:21:00,425.01,425.16,424.97,425.125,44978
2026-04-29 19:22:00,425.13,425.28,425.015,425.15,45358
2026-04-29 19:23:00,425.145,425.18,424.62,424.625,77090
2026-04-29 19:24:00,424.625,424.87,424.58,424.793,54465
2026-04-29 19:25:00,424.78,424.85,424.57,424.62,47910
2026-04-29 19:26:00,424.62,424.96,424.56,424.9463,50312
2026-04-29 19:27:00,424.96,425.02,424.77,424.9324,46815
2026-04-29 19:28:00,424.945,424.96,424.8,424.93,48166
2026-04-29 19:29:00,424.91,425.0,424.84,424.98,41644
2026-04-29 19:30:00,424.97,425.2,424.6722,424.7038,63329
2026-04-29 19:31:00,424.71,424.75,424.4001,424.47,62695
2026-04-29 19:32:00,424.455,424.525,424.11,424.125,69532
2026-04-29 19:33:00,424.11,424.19,423.95,423.985,73550
2026-04-29 19:34:00,423.995,424.28,423.98,424.07,47468
2026-04-29 19:35:00,424.07,424.305,424.07,424.18,48533
2026-04-29 19:36:00,424.185,424.25,423.96,423.97,70164
2026-04-29 19:37:00,423.97,424.15,423.95,424.15,61845
2026-04-29 19:38:00,424.11,424.1799,423.995,424.1,65127
2026-04-29 19:39:00,424.09,424.34,424.0701,424.25,81470
2026-04-29 19:40:00,424.245,424.35,424.15,424.17,76500
2026-04-29 19:41:00,424.18,424.18,423.98,423.99,73141
2026-04-29 19:42:00,424.01,424.12,423.87,424.035,64062
2026-04-29 19:43:00,424.03,424.0999,423.91,423.92,87463
2026-04-29 19:44:00,423.91,423.92,423.31,423.385,85561
2026-04-29 19:45:00,423.4,423.5896,423.31,423.445,85734
2026-04-29 19:46:00,423.44,423.765,423.34,423.7199,88813
2026-04-29 19:47:00,423.7,423.76,423.565,423.705,79943
2026-04-29 19:48:00,423.71,424.0,423.665,423.97,59885
2026-04-29 19:49:00,423.962,424.2,423.93,423.93,78692
2026-04-29 19:50:00,423.88,423.95,423.56,423.695,123355
2026-04-29 19:51:00,423.695,423.88,423.3,423.33,148118
2026-04-29 19:52:00,423.34,423.42,423.17,423.2802,161746
2026-04-29 19:53:00,423.27,423.55,423.2001,423.43,184515
2026-04-29 19:54:00,423.44,423.6999,423.37,423.68,212896
2026-04-29 19:55:00,423.68,424.37,423.59,424.3099,306175
2026-04-29 19:56:00,424.3099,424.75,424.3099,424.52,236466
2026-04-29 19:57:00,424.5,424.6,423.98,424.42,419085
2026-04-29 19:58:00,424.415,424.56,424.14,424.145,306305
2026-04-29 19:59:00,424.145,424.83,424.025,424.64,617880
